"x","mean","sd","name"
"1",10.0499871502169,16.0465237111972,0.63,"LBB2014"
"2",10.198478655079,14.6991842216248,0.63,"LBB2014"
"3",10.4412726942519,13.9110411444841,0.63,"LBB2014"
"4",10.7719945930366,13.3518447320524,0.63,"LBB2014"
"5",11.1828459252617,12.9180982970078,0.63,"LBB2014"
"6",11.6653633420877,12.5637016549117,0.63,"LBB2014"
"7",12.2110541828606,12.2640635634635,0.63,"LBB2014"
"8",12.8118488146575,12.0045052424799,0.63,"LBB2014"
"9",13.4603706962913,11.7755585777711,0.63,"LBB2014"
"10",14.1500590794726,11.5707588074354,0.63,"LBB2014"
"11",14.8751890093069,11.3854948799317,0.63,"LBB2014"
"12",15.6308287563934,11.2163621653393,0.63,"LBB2014"
"13",16.4127648676216,11.0607751501635,0.63,"LBB2014"
"14",17.2174149345083,10.9167240738911,0.63,"LBB2014"
"15",18.0417401293022,10.7826157302947,0.63,"LBB2014"
"16",18.8831639350657,10.6571657529075,0.63,"LBB2014"
"17",19.7394999162318,10.5393236130207,0.63,"LBB2014"
"18",20.6088892744445,10.4282190881986,0.63,"LBB2014"
"19",21.489747805611,10.3231232234935,0.63,"LBB2014"
"20",22.3807213424917,10.223419317863,0.63,"LBB2014"
"21",23.2806485801151,10.1285809967504,0.63,"LBB2014"
"22",24.1885301796206,10.0381553903593,0.63,"LBB2014"
"23",25.103503134604,9.95175005427413,0.63,"LBB2014"
"24",26.024819508438,9.86902267576687,0.63,"LBB2014"
"25",26.9518287821723,9.7896728828184,0.63,"LBB2014"
"26",27.8839631759788,9.71343566059105,0.63,"LBB2014"
"27",28.8207254165158,9.64007601105799,0.63,"LBB2014"
"28",29.7616785163087,9.56938458431864,0.63,"LBB2014"
"29",30.7064372098274,9.5011740768695,0.63,"LBB2014"
"30",31.6546607559312,9.43527624072231,0.63,"LBB2014"
"31",32.6060468696246,9.37153938311898,0.63,"LBB2014"
"32",33.5603265895055,9.3098262633351,0.63,"LBB2014"
"33",34.5172599225871,9.25001231321867,0.63,"LBB2014"
"34",35.4766321368257,9.19198412344831,0.63,"LBB2014"
"35",36.4382505949301,9.13563814927409,0.63,"LBB2014"
"36",37.4019420418947,9.08087959862622,0.63,"LBB2014"
"37",38.3675502740352,9.02762147259936,0.63,"LBB2014"
"38",39.3349341297916,8.97578373392106,0.63,"LBB2014"
"39",40.303965752746,8.9252925834504,0.63,"LBB2014"
"40",41.2745290856364,8.87607982829054,0.63,"LBB2014"
"41",42.2465185609729,8.82808232793737,0.63,"LBB2014"
"42",43.2198379594747,8.781241507178,0.63,"LBB2014"
"43",44.1943994121759,8.73550292631206,0.63,"LBB2014"
"44",45.1701225258651,8.69081590078689,0.63,"LBB2014"
"45",46.1469336146991,8.64713316358166,0.63,"LBB2014"
"46",47.1247650234596,8.60441056470171,0.63,"LBB2014"
"47",48.1035545301194,8.5626068029932,0.63,"LBB2014"
"48",49.0832448172195,8.52168318619445,0.63,"LBB2014"
"49",50.0637830030961,8.48160341572977,0.63,"LBB2014"
"50",51.0451202252883,8.44233339324598,0.63,"LBB2014"
"51",52.0272112695484,8.40384104630767,0.63,"LBB2014"
"52",53.0100142387961,8.36609617101863,0.63,"LBB2014"
"53",53.9934902571371,8.32907028963459,0.63,"LBB2014"
"54",54.9776032047306,8.29273652148557,0.63,"LBB2014"
"55",55.9623194798527,8.25706946574233,0.63,"LBB2014"
"56",56.9476077849847,8.22204509474622,0.63,"LBB2014"
"57",57.9334389341669,8.18764065678041,0.63,"LBB2014"
"58",58.9197856792122,8.15383458729708,0.63,"LBB2014"
"59",59.9066225526761,8.12060642773327,0.63,"LBB2014"
"60",60.8939257257434,8.08793675114989,0.63,"LBB2014"
"61",61.8816728794153,8.05580709401713,0.63,"LBB2014"
"62",62.8698430875775,8.02419989354656,0.63,"LBB2014"
"63",63.8584167106993,7.99309843003735,0.63,"LBB2014"
"64",64.8473752990596,7.96248677376268,0.63,"LBB2014"
"65",65.8367015045247,7.93234973597407,0.63,"LBB2014"
"66",66.8263790000158,7.90267282364624,0.63,"LBB2014"
"67",67.8163924058974,7.87344219762505,0.63,"LBB2014"
"68",68.8067272226098,7.84464463387589,0.63,"LBB2014"
"69",69.7973697689364,7.81626748756106,0.63,"LBB2014"
"70",70.78830712537,7.78829865970166,0.63,"LBB2014"
"71",71.7795270820923,7.7607265662043,0.63,"LBB2014"
"72",72.7710180911398,7.7335401090538,0.63,"LBB2014"
"73",73.7627692223673,7.70672864949297,0.63,"LBB2014"
"74",74.7547701228656,7.68028198302694,0.63,"LBB2014"
"75",75.7470109795218,7.65419031610533,0.63,"LBB2014"
"76",76.7394824844433,7.62844424434864,0.63,"LBB2014"
"77",77.7321758029942,7.60303473219802,0.63,"LBB2014"
"78",78.7250825442189,7.57795309387798,0.63,"LBB2014"
"79",79.7181947334459,7.55319097557181,0.63,"LBB2014"
"80",80.7115047868901,7.52874033871812,0.63,"LBB2014"
"81",81.7050054880839,7.50459344434492,0.63,"LBB2014"
"82",82.6986899659874,7.48074283836495,0.63,"LBB2014"
"83",83.6925516746397,7.45718133776218,0.63,"LBB2014"
"84",84.6865843742267,7.43390201760558,0.63,"LBB2014"
"85",85.6807821134521,7.41089819883133,0.63,"LBB2014"
"86",86.6751392131085,7.38816343673964,0.63,"LBB2014"
"87",87.6696502507548,7.36569151015643,0.63,"LBB2014"
"88",88.6643100464142,7.34347641121447,0.63,"LBB2014"
"89",89.6591136492142,7.32151233571188,0.63,"LBB2014"
"90",90.6540563248981,7.29979367400924,0.63,"LBB2014"
"91",91.6491335441418,7.27831500242975,0.63,"LBB2014"
"92",92.6443409716165,7.25707107512929,0.63,"LBB2014"
"93",93.6396744557422,7.23605681640591,0.63,"LBB2014"
"94",94.6351300190827,7.21526731342077,0.63,"LBB2014"
"95",95.630703849334,7.19469780930408,0.63,"LBB2014"
"96",96.6263922908665,7.17434369662203,0.63,"LBB2014"
"97",97.622191836779,7.15420051118233,0.63,"LBB2014"
"98",98.618099121431,7.13426392615735,0.63,"LBB2014"
"99",99.614110913419,7.11452974650559,0.63,"LBB2014"
"100",100.610224108967,7.09499390367356,0.63,"LBB2014"
"101",101.606435725702,7.07565245056117,0.63,"LBB2014"
"102",102.602742896791,7.05650155673524,0.63,"LBB2014"
"103",103.59914286541,7.03753750387644,0.63,"LBB2014"
"104",104.595632979534,7.01875668144621,0.63,"LBB2014"
"105",105.592210687012,7.00015558256101,0.63,"LBB2014"
"106",106.588873530919,6.98173080006217,0.63,"LBB2014"
"107",107.585619145168,6.96347902277016,0.63,"LBB2014"
"108",108.582445250359,6.94539703191315,0.63,"LBB2014"
"109",109.579349649851,6.9274816977202,0.63,"LBB2014"
"110",110.57633022605,6.90972997616991,0.63,"LBB2014"
"111",111.573384936891,6.89213890588629,0.63,"LBB2014"
"112",112.570511812507,6.8747056051738,0.63,"LBB2014"
"113",113.567708952074,6.85742726918416,0.63,"LBB2014"
"114",114.564974520817,6.84030116720799,0.63,"LBB2014"
"115",115.562306747169,6.82332464008472,0.63,"LBB2014"
"116",116.559703920082,6.80649509772466,0.63,"LBB2014"
"117",117.557164386466,6.78981001673733,0.63,"LBB2014"
"118",118.554686548762,6.77326693816085,0.63,"LBB2014"
"119",119.552268862631,6.75686346528702,0.63,"LBB2014"
"120",120.549909834763,6.74059726157747,0.63,"LBB2014"
"121",121.547608020788,6.72446604866626,0.63,"LBB2014"
"122",122.545362023293,6.7084676044447,0.63,"LBB2014"
"123",123.543170489929,6.6925997612243,0.63,"LBB2014"
"124",124.541032111616,6.67686040397414,0.63,"LBB2014"
"125",125.538945620825,6.661247468629,0.63,"LBB2014"
"126",126.536909789947,6.64575894046493,0.63,"LBB2014"
"127",127.534923429739,6.630392852539,0.63,"LBB2014"
"128",128.532985387831,6.61514728419025,0.63,"LBB2014"
"129",129.531094547319,6.60002035959899,0.63,"LBB2014"
"130",130.529249825407,6.58501024640165,0.63,"LBB2014"
"131",131.527450172121,6.57011515435881,0.63,"LBB2014"
"132",132.525694569072,6.55533333407382,0.63,"LBB2014"
"133",133.523982028283,6.54066307575976,0.63,"LBB2014"
"134",134.522311591062,6.52610270805263,0.63,"LBB2014"
"135",135.520682326924,6.51165059686859,0.63,"LBB2014"
"136",136.519093332568,6.49730514430347,0.63,"LBB2014"
"137",137.517543730889,6.4830647875725,0.63,"LBB2014"
"138",138.516032670036,6.46892799798863,0.63,"LBB2014"
"139",139.514559322514,6.45489327997777,0.63,"LBB2014"
"140",140.513122884316,6.44095917012924,0.63,"LBB2014"
"141",141.511722574102,6.42712423628013,0.63,"LBB2014"
"142",142.510357632403,6.41338707663188,0.63,"LBB2014"
"143",143.509027320863,6.399746318898,0.63,"LBB2014"
"144",144.507730921512,6.38620061948138,0.63,"LBB2014"
"145",145.506467736066,6.3727486626801,0.63,"LBB2014"
"146",146.505237085262,6.35938915992054,0.63,"LBB2014"
"147",147.50403830821,6.3461208490167,0.63,"LBB2014"
"148",148.50287076178,6.33294249345452,0.63,"LBB2014"
"149",149.50173382001,6.31985288170042,0.63,"LBB2014"
"150",150.500626873536,6.30685082653291,0.63,"LBB2014"
"151",151.499549329047,6.29393516439636,0.63,"LBB2014"
"152",152.498500608762,6.28110475477622,0.63,"LBB2014"
"153",153.497480149923,6.26835847959459,0.63,"LBB2014"
"154",154.496487404311,6.2556952426256,0.63,"LBB2014"
"155",155.495521837781,6.24311396892958,0.63,"LBB2014"
"156",156.494582929814,6.23061360430556,0.63,"LBB2014"
"157",157.493670173083,6.21819311476117,0.63,"LBB2014"
"158",158.492783073042,6.20585148599939,0.63,"LBB2014"
"159",159.491921147524,6.19358772292152,0.63,"LBB2014"
"160",160.491083926356,6.1814008491457,0.63,"LBB2014"
"161",161.490270950991,6.16928990654041,0.63,"LBB2014"
"162",162.489481774148,6.1572539547725,0.63,"LBB2014"
"163",163.488715959473,6.14529207086902,0.63,"LBB2014"
"164",164.487973081201,6.13340334879253,0.63,"LBB2014"
"165",165.487252723846,6.12158689902926,0.63,"LBB2014"
"166",166.486554481883,6.10984184818976,0.63,"LBB2014"
"167",167.48587795946,6.09816733862152,0.63,"LBB2014"
"168",168.485222770105,6.08656252803315,0.63,"LBB2014"
"169",169.484588536457,6.07502658912974,0.63,"LBB2014"
"170",170.483974889992,6.06355870925891,0.63,"LBB2014"
"171",171.48338147077,6.05215809006734,0.63,"LBB2014"
"172",172.482807927187,6.04082394716722,0.63,"LBB2014"
"173",173.482253915734,6.02955550981243,0.63,"LBB2014"
"174",174.481719100766,6.01835202058401,0.63,"LBB2014"
"175",175.481203154278,6.00721273508468,0.63,"LBB2014"
"176",176.480705755691,5.99613692164205,0.63,"LBB2014"
"177",177.480226591638,5.9851238610202,0.63,"LBB2014"
"178",178.47976535577,5.97417284613945,0.63,"LBB2014"
"179",179.479321748555,5.96328318180395,0.63,"LBB2014"
"180",180.478895477092,5.95245418443682,0.63,"LBB2014"
"181",181.478486254928,5.9416851818227,0.63,"LBB2014"
"182",182.47809380188,5.93097551285733,0.63,"LBB2014"
"183",183.47771784387,5.92032452730406,0.63,"LBB2014"
"184",184.477358112752,5.90973158555686,0.63,"LBB2014"
"185",185.47701434616,5.89919605840996,0.63,"LBB2014"
"186",186.476686287347,5.88871732683349,0.63,"LBB2014"
"187",187.47637368504,5.87829478175526,0.63,"LBB2014"
"188",188.476076293292,5.86792782384835,0.63,"LBB2014"
"189",189.475793871344,5.85761586332428,0.63,"LBB2014"
"190",190.475526183487,5.84735831973165,0.63,"LBB2014"
"191",191.475272998932,5.83715462176017,0.63,"LBB2014"
"192",192.475034091681,5.82700420704961,0.63,"LBB2014"
"193",193.474809240405,5.81690652200389,0.63,"LBB2014"
"194",194.474598228323,5.80686102160991,0.63,"LBB2014"
"195",195.474400843085,5.796867169261,0.63,"LBB2014"
"196",196.474216876662,5.78692443658493,0.63,"LBB2014"
"197",197.474046125234,5.77703230327631,0.63,"LBB2014"
"198",198.473888389087,5.76719025693317,0.63,"LBB2014"
"199",199.473743472507,5.75739779289774,0.63,"LBB2014"
"200",200.473611183682,5.74765441410113,0.63,"LBB2014"
"201",201.473491334607,5.73795963091198,0.63,"LBB2014"
"202",202.473383740987,5.72831296098875,0.63,"LBB2014"
"203",203.473288222146,5.71871392913578,0.63,"LBB2014"
"204",204.473204600944,5.70916206716282,0.63,"LBB2014"
"205",205.473132703684,5.69965691374797,0.63,"LBB2014"
"206",206.473072360031,5.69019801430402,0.63,"LBB2014"
"207",207.473023402935,5.68078492084798,0.63,"LBB2014"
"208",208.472985668546,5.67141719187379,0.63,"LBB2014"
"209",209.472958996144,5.66209439222801,0.63,"LBB2014"
"210",210.472943228058,5.65281609298859,0.63,"LBB2014"
"211",211.472938209601,5.64358187134643,0.63,"LBB2014"
"212",212.472943788994,5.63439131048975,0.63,"LBB2014"
"213",213.472959817302,5.62524399949123,0.63,"LBB2014"
"214",214.472986148365,5.61613953319773,0.63,"LBB2014"
"215",215.473022638736,5.60707751212266,0.63,"LBB2014"
"216",216.473069147617,5.59805754234073,0.63,"LBB2014"
"217",217.473125536797,5.58907923538526,0.63,"LBB2014"
"218",218.473191670596,5.58014220814778,0.63,"LBB2014"
"219",219.473267415806,5.5712460827799,0.63,"LBB2014"
"220",220.473352641632,5.56239048659749,0.63,"LBB2014"
"221",221.473447219644,5.553575051987,0.63,"LBB2014"
"222",222.473551023717,5.54479941631387,0.63,"LBB2014"
"223",223.473663929984,5.53606322183303,0.63,"LBB2014"
"224",224.473785816784,5.52736611560138,0.63,"LBB2014"
"225",225.473916564613,5.51870774939226,0.63,"LBB2014"
"226",226.47405605608,5.51008777961174,0.63,"LBB2014"
"227",227.474204175852,5.50150586721686,0.63,"LBB2014"
"228",228.474360810621,5.49296167763557,0.63,"LBB2014"
"229",229.474525849047,5.48445488068848,0.63,"LBB2014"
"230",230.474699181726,5.4759851505123,0.63,"LBB2014"
"231",231.474880701143,5.46755216548495,0.63,"LBB2014"
"232",232.475070301632,5.45915560815224,0.63,"LBB2014"
"233",233.475267879337,5.4507951651562,0.63,"LBB2014"
"234",234.475473332173,5.44247052716491,0.63,"LBB2014"
"235",235.475686559789,5.43418138880379,0.63,"LBB2014"
"236",236.475907463532,5.42592744858843,0.63,"LBB2014"
"237",237.476135946407,5.41770840885874,0.63,"LBB2014"
"238",238.47637191305,5.4095239757146,0.63,"LBB2014"
"239",239.476615269685,5.40137385895274,0.63,"LBB2014"
"240",240.4768659241,5.39325777200505,0.63,"LBB2014"
"241",241.477123785607,5.38517543187807,0.63,"LBB2014"
"242",242.477388765015,5.37712655909384,0.63,"LBB2014"
"243",243.477660774598,5.36911087763185,0.63,"LBB2014"
"244",244.477939728065,5.36112811487228,0.63,"LBB2014"
"245",245.47822554053,5.35317800154037,0.63,"LBB2014"
"246",246.478518128486,5.34526027165188,0.63,"LBB2014"
"247",247.478817409775,5.33737466245975,0.63,"LBB2014"
"248",248.47912330356,5.32952091440172,0.63,"LBB2014"
"249",249.479435730302,5.32169877104911,0.63,"LBB2014"
"250",250.479754611732,5.31390797905657,0.63,"LBB2014"
"251",251.480079870823,5.30614828811285,0.63,"LBB2014"
"252",252.480411431773,5.2984194508925,0.63,"LBB2014"
"253",253.480749219971,5.29072122300865,0.63,"LBB2014"
"254",254.481093161981,5.28305336296658,0.63,"LBB2014"
"255",255.481443185519,5.27541563211826,0.63,"LBB2014"
"256",256.481799219425,5.26780779461783,0.63,"LBB2014"
"257",257.482161193645,5.26022961737788,0.63,"LBB2014"
"258",258.482529039209,5.25268087002657,0.63,"LBB2014"
"259",259.482902688213,5.24516132486565,0.63,"LBB2014"
"260",260.483282073791,5.23767075682922,0.63,"LBB2014"
"261",261.483667130104,5.23020894344336,0.63,"LBB2014"
"262",262.484057792314,5.22277566478639,0.63,"LBB2014"
"263",263.484453996569,5.21537070345007,0.63,"LBB2014"
"264",264.48485567998,5.2079938445014,0.63,"LBB2014"
"265",265.485262780609,5.20064487544519,0.63,"LBB2014"
"266",266.485675237445,5.19332358618734,0.63,"LBB2014"
"267",267.486092990392,5.1860297689988,0.63,"LBB2014"
"268",268.486515980245,5.1787632184802,0.63,"LBB2014"
"269",269.486944148684,5.17152373152715,0.63,"LBB2014"
"270",270.487377438246,5.16431110729617,0.63,"LBB2014"
"271",271.487815792318,5.15712514717124,0.63,"LBB2014"
"272",272.488259155117,5.14996565473105,0.63,"LBB2014"
"273",273.488707471675,5.14283243571668,0.63,"LBB2014"
"274",274.489160687828,5.13572529800008,0.63,"LBB2014"
"275",275.489618750195,5.12864405155293,0.63,"LBB2014"
"276",276.490081606169,5.12158850841621,0.63,"LBB2014"
"277",277.490549203903,5.11455848267026,0.63,"LBB2014"
"278",278.491021492293,5.10755379040535,0.63,"LBB2014"
"279",279.491498420965,5.10057424969284,0.63,"LBB2014"
"280",280.491979940267,5.09361968055682,0.63,"LBB2014"
"281",281.492466001251,5.08668990494627,0.63,"LBB2014"
"282",282.49295655566,5.0797847467077,0.63,"LBB2014"
"283",283.493451555922,5.07290403155828,0.63,"LBB2014"
"284",284.493950955132,5.06604758705945,0.63,"LBB2014"
"285",285.494454707042,5.05921524259101,0.63,"LBB2014"
"286",286.49496276605,5.05240682932558,0.63,"LBB2014"
"287",287.495475087189,5.04562218020366,0.63,"LBB2014"
"288",288.495991626116,5.03886112990896,0.63,"LBB2014"
"289",289.496512339099,5.03212351484426,0.63,"LBB2014"
"290",290.497037183011,5.02540917310767,0.63,"LBB2014"
"291",291.497566115314,5.01871794446926,0.63,"LBB2014"
"292",292.498099094055,5.01204967034812,0.63,"LBB2014"
"293",293.498636077849,5.00540419378983,0.63,"LBB2014"
"294",294.499177025878,4.99878135944428,0.63,"LBB2014"
"295",295.499721897873,4.99218101354387,0.63,"LBB2014"
"296",296.500270654109,4.9856030038821,0.63,"LBB2014"
"297",297.500823255396,4.97904717979252,0.63,"LBB2014"
"298",298.50137966307,4.972513392128,0.63,"LBB2014"
"299",299.501939838982,4.96600149324039,0.63,"LBB2014"
"300",300.502503745491,4.95951133696048,0.63,"LBB2014"
"301",301.503071345457,4.95304277857834,0.63,"LBB2014"
"302",302.50364260223,4.94659567482394,0.63,"LBB2014"
"303",303.504217479644,4.9401698838481,0.63,"LBB2014"
"304",304.504795942006,4.9337652652038,0.63,"LBB2014"
"305",305.505377954094,4.92738167982772,0.63,"LBB2014"
"306",306.505963481144,4.92101899002217,0.63,"LBB2014"
"307",307.506552488843,4.91467705943722,0.63,"LBB2014"
"308",308.507144943325,4.90835575305317,0.63,"LBB2014"
"309",309.507740811161,4.90205493716337,0.63,"LBB2014"
"310",310.508340059354,4.89577447935716,0.63,"LBB2014"
"311",311.508942655329,4.88951424850321,0.63,"LBB2014"
"312",312.509548566928,4.88327411473314,0.63,"LBB2014"
"313",313.510157762406,4.87705394942526,0.63,"LBB2014"
"314",314.51077021042,4.87085362518875,0.63,"LBB2014"
"315",315.511385880024,4.86467301584794,0.63,"LBB2014"
"316",316.512004740663,4.85851199642697,0.63,"LBB2014"
"317",317.512626762171,4.85237044313455,0.63,"LBB2014"
"318",318.513251914755,4.8462482333491,0.63,"LBB2014"
"319",319.513880169,4.84014524560403,0.63,"LBB2014"
"320",320.514511495856,4.83406135957327,0.63,"LBB2014"
"321",321.515145866634,4.82799645605708,0.63,"LBB2014"
"322",322.515783253003,4.82195041696799,0.63,"LBB2014"
"323",323.516423626981,4.81592312531701,0.63,"LBB2014"
"324",324.517066960931,4.80991446520008,0.63,"LBB2014"
"325",325.517713227556,4.80392432178466,0.63,"LBB2014"
"326",326.518362399894,4.7979525812966,0.63,"LBB2014"
"327",327.519014451312,4.79199913100713,0.63,"LBB2014"
"328",328.519669355501,4.78606385922011,0.63,"LBB2014"
"329",329.520327086473,4.78014665525948,0.63,"LBB2014"
"330",330.520987618553,4.77424740945684,0.63,"LBB2014"
"331",331.521650926376,4.76836601313927,0.63,"LBB2014"
"332",332.522316984884,4.76250235861734,0.63,"LBB2014"
"333",333.522985769317,4.75665633917322,0.63,"LBB2014"
"334",334.523657255214,4.7508278490491,0.63,"LBB2014"
"335",335.524331418403,4.74501678343564,0.63,"LBB2014"
"336",336.525008235002,4.73922303846073,0.63,"LBB2014"
"337",337.52568768141,4.73344651117829,0.63,"LBB2014"
"338",338.526369734307,4.72768709955731,0.63,"LBB2014"
"339",339.527054370646,4.72194470247109,0.63,"LBB2014"
"340",340.527741567652,4.71621921968649,0.63,"LBB2014"
"341",341.528431302816,4.71051055185351,0.63,"LBB2014"
"342",342.529123553894,4.70481860049492,0.63,"LBB2014"
"343",343.529818298898,4.69914326799605,0.63,"LBB2014"
"344",344.530515516097,4.6934844575948,0.63,"LBB2014"
"345",345.531215184013,4.68784207337165,0.63,"LBB2014"
"346",346.531917281415,4.68221602024,0.63,"LBB2014"
"347",347.532621787314,4.6766062039365,0.63,"LBB2014"
"348",348.533328680967,4.67101253101158,0.63,"LBB2014"
"349",349.534037941864,4.66543490882013,0.63,"LBB2014"
"350",350.534749549731,4.65987324551226,0.63,"LBB2014"
"351",351.535463484525,4.65432745002426,0.63,"LBB2014"
"352",352.536179726431,4.64879743206963,0.63,"LBB2014"
"353",353.536898255857,4.64328310213027,0.63,"LBB2014"
"354",354.537619053433,4.63778437144778,0.63,"LBB2014"
"355",355.538342100006,4.6323011520149,0.63,"LBB2014"
"356",356.539067376639,4.62683335656703,0.63,"LBB2014"
"357",357.539794864607,4.62138089857395,0.63,"LBB2014"
"358",358.540524545394,4.61594369223153,0.63,"LBB2014"
"359",359.541256400689,4.61052165245369,0.63,"LBB2014"
"360",360.541990412386,4.6051146948644,0.63,"LBB2014"
"361",361.542726562578,4.59972273578975,0.63,"LBB2014"
"362",362.543464833556,4.59434569225028,0.63,"LBB2014"
"363",363.544205207807,4.58898348195319,0.63,"LBB2014"
"364",364.544947668009,4.58363602328491,0.63,"LBB2014"
"365",365.545692197029,4.57830323530356,0.63,"LBB2014"
"366",366.546438777924,4.57298503773163,0.63,"LBB2014"
"367",367.547187393933,4.56768135094874,0.63,"LBB2014"
"368",368.547938028477,4.56239209598444,0.63,"LBB2014"
"369",369.548690665158,4.55711719451123,0.63,"LBB2014"
"370",370.549445287754,4.55185656883754,0.63,"LBB2014"
"371",371.550201880218,4.54661014190088,0.63,"LBB2014"
"372",372.550960426675,4.54137783726107,0.63,"LBB2014"
"373",373.551720911422,4.53615957909356,0.63,"LBB2014"
"374",374.552483318921,4.53095529218284,0.63,"LBB2014"
"375",375.553247633801,4.52576490191592,0.63,"LBB2014"
"376",376.554013840855,4.52058833427593,0.63,"LBB2014"
"377",377.554781925036,4.51542551583577,0.63,"LBB2014"
"378",378.555551871457,4.51027637375185,0.63,"LBB2014"
"379",379.556323665388,4.50514083575799,0.63,"LBB2014"
"380",380.557097292252,4.50001883015923,0.63,"LBB2014"
"381",381.557872737627,4.49491028582593,0.63,"LBB2014"
"382",382.558649987243,4.48981513218775,0.63,"LBB2014"
"383",383.559429026974,4.48473329922787,0.63,"LBB2014"
"384",384.560209842847,4.47966471747718,0.63,"LBB2014"
"385",385.560992421031,4.47460931800861,0.63,"LBB2014"
"386",386.561776747837,4.46956703243147,0.63,"LBB2014"
"387",387.562562809719,4.46453779288592,0.63,"LBB2014"
"388",388.563350593272,4.45952153203749,0.63,"LBB2014"
"389",389.564140085226,4.45451818307167,0.63,"LBB2014"
"390",390.564931272448,4.44952767968858,0.63,"LBB2014"
"391",391.56572414194,4.44454995609765,0.63,"LBB2014"
"392",392.566518680835,4.43958494701251,0.63,"LBB2014"
"393",393.567314876398,4.43463258764574,0.63,"LBB2014"
"394",394.568112716023,4.42969281370389,0.63,"LBB2014"
"395",395.568912187232,4.42476556138241,0.63,"LBB2014"
"396",396.569713277672,4.41985076736075,0.63,"LBB2014"
"397",397.570515975115,4.41494836879745,0.63,"LBB2014"
"398",398.571320267454,4.41005830332532,0.63,"LBB2014"
"399",399.572126142707,4.40518050904669,0.63,"LBB2014"
"400",400.572933589009,4.40031492452871,0.63,"LBB2014"
"401",401.573742594613,4.3954614887987,0.63,"LBB2014"
"402",402.574553147891,4.39062014133955,0.63,"LBB2014"
"403",403.575365237327,4.38579082208525,0.63,"LBB2014"
"404",404.576178851523,4.38097347141633,0.63,"LBB2014"
"405",405.576993979189,4.37616803015552,0.63,"LBB2014"
"406",406.577810609151,4.37137443956336,0.63,"LBB2014"
"407",407.578628730341,4.36659264133389,0.63,"LBB2014"
"408",408.579448331801,4.3618225775904,0.63,"LBB2014"
"409",409.580269402679,4.35706419088121,0.63,"LBB2014"
"410",410.58109193223,4.35231742417555,0.63,"LBB2014"
"411",411.581915909814,4.34758222085943,0.63,"LBB2014"
"412",412.582741324892,4.3428585247316,0.63,"LBB2014"
"413",413.583568167029,4.33814627999955,0.63,"LBB2014"
"414",414.584396425889,4.33344543127556,0.63,"LBB2014"
"415",415.585226091238,4.32875592357278,0.63,"LBB2014"
"416",416.586057152939,4.32407770230136,0.63,"LBB2014"
"417",417.586889600951,4.3194107132647,0.63,"LBB2014"
"418",418.58772342533,4.31475490265559,0.63,"LBB2014"
"419",419.588558616228,4.31011021705256,0.63,"LBB2014"
"420",420.589395163888,4.30547660341617,0.63,"LBB2014"
"421",421.59023305865,4.30085400908539,0.63,"LBB2014"
"422",422.59107229094,4.29624238177401,0.63,"LBB2014"
"423",423.591912851279,4.29164166956705,0.63,"LBB2014"
"424",424.592754730276,4.28705182091733,0.63,"LBB2014"
"425",425.593597918626,4.28247278464193,0.63,"LBB2014"
"426",426.594442407115,4.27790450991881,0.63,"LBB2014"
"427",427.595288186613,4.27334694628341,0.63,"LBB2014"
"428",428.596135248077,4.26880004362531,0.63,"LBB2014"
"429",429.596983582544,4.26426375218493,0.63,"LBB2014"
"430",430.597833181141,4.25973802255024,0.63,"LBB2014"
"431",431.598684035071,4.25522280565354,0.63,"LBB2014"
"432",432.599536135622,4.25071805276831,0.63,"LBB2014"
"433",433.600389474163,4.24622371550597,0.63,"LBB2014"
"434",434.601244042138,4.24173974581284,0.63,"LBB2014"
"435",435.602099831075,4.23726609596702,0.63,"LBB2014"
"436",436.602956832577,4.23280271857536,0.63,"LBB2014"
"437",437.603815038323,4.2283495665704,0.63,"LBB2014"
"438",438.60467444007,4.22390659320747,0.63,"LBB2014"
"439",439.605535029649,4.21947375206169,0.63,"LBB2014"
"440",440.606396798965,4.21505099702507,0.63,"LBB2014"
"441",441.607259739997,4.21063828230363,0.63,"LBB2014"
"442",442.608123844796,4.20623556241458,0.63,"LBB2014"
"443",443.608989105485,4.20184279218348,0.63,"LBB2014"
"444",444.609855514258,4.19745992674145,0.63,"LBB2014"
"445",445.610723063379,4.19308692152247,0.63,"LBB2014"
"446",446.611591745182,4.18872373226061,0.63,"LBB2014"
"447",447.612461552068,4.18437031498735,0.63,"LBB2014"
"448",448.613332476507,4.18002662602896,0.63,"LBB2014"
"449",449.614204511036,4.17569262200381,0.63,"LBB2014"
"450",450.615077648257,4.17136825981984,0.63,"LBB2014"
"451",451.61595188084,4.1670534966719,0.63,"LBB2014"
"452",452.616827201519,4.16274829003932,0.63,"LBB2014"
"453",453.617703603089,4.15845259768329,0.63,"LBB2014"
"454",454.618581078413,4.15416637764444,0.63,"LBB2014"
"455",455.619459620415,4.14988958824035,0.63,"LBB2014"
"456",456.620339222079,4.14562218806314,0.63,"LBB2014"
"457",457.621219876453,4.14136413597705,0.63,"LBB2014"
"458",458.622101576646,4.13711539111606,0.63,"LBB2014"
"459",459.622984315824,4.13287591288152,0.63,"LBB2014"
"460",460.623868087215,4.12864566093988,0.63,"LBB2014"
"461",461.624752884106,4.12442459522032,0.63,"LBB2014"
"462",462.625638699839,4.12021267591252,0.63,"LBB2014"
"463",463.626525527816,4.11600986346439,0.63,"LBB2014"
"464",464.627413361497,4.11181611857981,0.63,"LBB2014"
"465",465.628302194395,4.10763140221651,0.63,"LBB2014"
"466",466.62919202008,4.10345567558378,0.63,"LBB2014"
"467",467.630082832179,4.0992889001404,0.63,"LBB2014"
"468",468.63097462437,4.09513103759249,0.63,"LBB2014"
"469",469.631867390387,4.09098204989133,0.63,"LBB2014"
"470",470.632761124018,4.08684189923137,0.63,"LBB2014"
"471",471.633655819101,4.08271054804809,0.63,"LBB2014"
"472",472.63455146953,4.07858795901601,0.63,"LBB2014"
"473",473.635448069246,4.07447409504659,0.63,"LBB2014"
"474",474.636345612244,4.07036891928632,0.63,"LBB2014"
"475",475.637244092571,4.06627239511467,0.63,"LBB2014"
"476",476.63814350432,4.06218448614217,0.63,"LBB2014"
"477",477.639043841636,4.05810515620845,0.63,"LBB2014"
"478",478.639945098714,4.05403436938032,0.63,"LBB2014"
"479",479.640847269794,4.04997208994987,0.63,"LBB2014"
"480",480.641750349167,4.04591828243262,0.63,"LBB2014"
"481",481.64265433117,4.04187291156563,0.63,"LBB2014"
"482",482.643559210188,4.03783594230565,0.63,"LBB2014"
"483",483.644464980651,4.03380733982734,0.63,"LBB2014"
"484",484.645371637037,4.02978706952142,0.63,"LBB2014"
"485",485.646279173867,4.02577509699293,0.63,"LBB2014"
"486",486.64718758571,4.02177138805943,0.63,"LBB2014"
"487",487.648096867177,4.01777590874927,0.63,"LBB2014"
"488",488.649007012925,4.01378862529986,0.63,"LBB2014"
"489",489.649918017653,4.00980950415595,0.63,"LBB2014"
"490",490.650829876104,4.00583851196795,0.63,"LBB2014"
"491",491.651742583065,4.00187561559022,0.63,"LBB2014"
"492",492.652656133363,3.99792078207946,0.63,"LBB2014"
"493",493.65357052187,3.99397397869303,0.63,"LBB2014"
"494",494.654485743496,3.99003517288732,0.63,"LBB2014"
"495",495.655401793195,3.98610433231619,0.63,"LBB2014"
"496",496.65631866596,3.98218142482929,0.63,"LBB2014"
"497",497.657236356825,3.97826641847058,0.63,"LBB2014"
"498",498.658154860863,3.97435928147669,0.63,"LBB2014"
"499",499.659074173188,3.97045998227541,0.63,"LBB2014"
"500",500.659994288952,3.96656848948415,0.63,"LBB2014"
"501",501.660915203346,3.96268477190845,0.63,"LBB2014"
"502",502.661836911599,3.95880879854042,0.63,"LBB2014"
"503",503.662759408978,3.95494053855733,0.63,"LBB2014"
"504",504.663682690788,3.95107996132008,0.63,"LBB2014"
"505",505.664606752371,3.94722703637176,0.63,"LBB2014"
"506",506.665531589105,3.94338173343623,0.63,"LBB2014"
"507",507.666457196406,3.93954402241667,0.63,"LBB2014"
"508",508.667383569724,3.93571387339416,0.63,"LBB2014"
"509",509.668310704546,3.9318912566263,0.63,"LBB2014"
"510",510.669238596396,3.92807614254584,0.63,"LBB2014"
"511",511.670167240829,3.92426850175925,0.63,"LBB2014"
"512",512.671096633439,3.92046830504541,0.63,"LBB2014"
"513",513.672026769851,3.91667552335427,0.63,"LBB2014"
"514",514.672957645727,3.91289012780546,0.63,"LBB2014"
"515",515.673889256758,3.90911208968704,0.63,"LBB2014"
"516",516.674821598675,3.90534138045415,0.63,"LBB2014"
"517",517.675754667236,3.90157797172773,0.63,"LBB2014"
"518",518.676688458236,3.89782183529323,0.63,"LBB2014"
"519",519.677622967499,3.89407294309935,0.63,"LBB2014"
"520",520.678558190883,3.8903312672568,0.63,"LBB2014"
"521",521.679494124279,3.88659678003701,0.63,"LBB2014"
"522",522.680430763606,3.88286945387093,0.63,"LBB2014"
"523",523.681368104817,3.87914926134781,0.63,"LBB2014"
"524",524.682306143895,3.87543617521397,0.63,"LBB2014"
"525",525.683244876854,3.87173016837161,0.63,"LBB2014"
"526",526.684184299738,3.86803121387765,0.63,"LBB2014"
"527",527.68512440862,3.86433928494251,0.63,"LBB2014"
"528",528.686065199604,3.86065435492898,0.63,"LBB2014"
"529",529.687006668824,3.85697639735105,0.63,"LBB2014"
"530",530.687948812441,3.85330538587277,0.63,"LBB2014"
"531",531.688891626648,3.84964129430713,0.63,"LBB2014"
"532",532.689835107663,3.84598409661492,0.63,"LBB2014"
"533",533.690779251735,3.84233376690364,0.63,"LBB2014"
"534",534.69172405514,3.83869027942638,0.63,"LBB2014"
"535",535.692669514182,3.83505360858075,0.63,"LBB2014"
"536",536.693615625193,3.83142372890778,0.63,"LBB2014"
"537",537.694562384532,3.82780061509088,0.63,"LBB2014"
"538",538.695509788585,3.82418424195473,0.63,"LBB2014"
"539",539.696457833765,3.8205745844643,0.63,"LBB2014"
"540",540.697406516511,3.81697161772375,0.63,"LBB2014"
"541",541.698355833288,3.81337531697542,0.63,"LBB2014"
"542",542.69930578059,3.80978565759882,0.63,"LBB2014"
"543",543.700256354933,3.80620261510962,0.63,"LBB2014"
"544",544.70120755286,3.80262616515863,0.63,"LBB2014"
"545",545.702159370941,3.79905628353079,0.63,"LBB2014"
"546",546.703111805768,3.79549294614426,0.63,"LBB2014"
"547",547.704064853961,3.79193612904936,0.63,"LBB2014"
"548",548.705018512162,3.78838580842766,0.63,"LBB2014"
"549",549.70597277704,3.78484196059098,0.63,"LBB2014"
"550",550.706927645286,3.78130456198051,0.63,"LBB2014"
"551",551.707883113617,3.77777358916577,0.63,"LBB2014"
"552",552.708839178772,3.77424901884379,0.63,"LBB2014"
"553",553.709795837513,3.7707308278381,0.63,"LBB2014"
"554",554.71075308663,3.76721899309784,0.63,"LBB2014"
"555",555.711710922929,3.76371349169689,0.63,"LBB2014"
"556",556.712669343246,3.76021430083293,0.63,"LBB2014"
"557",557.713628344435,3.75672139782655,0.63,"LBB2014"
"558",558.714587923374,3.75323476012042,0.63,"LBB2014"
"559",559.715548076964,3.74975436527833,0.63,"LBB2014"
"560",560.716508802127,3.7462801909844,0.63,"LBB2014"
"561",561.717470095807,3.74281221504219,0.63,"LBB2014"
"562",562.71843195497,3.73935041537385,0.63,"LBB2014"
"563",563.719394376606,3.73589477001928,0.63,"LBB2014"
"564",564.720357357721,3.73244525713528,0.63,"LBB2014"
"565",565.721320895348,3.72900185499476,0.63,"LBB2014"
"566",566.722284986536,3.72556454198586,0.63,"LBB2014"
"567",567.723249628358,3.7221332966112,0.63,"LBB2014"
"568",568.724214817907,3.71870809748703,0.63,"LBB2014"
"569",569.725180552295,3.71528892334245,0.63,"LBB2014"
"570",570.726146828656,3.71187575301858,0.63,"LBB2014"
"571",571.727113644144,3.70846856546786,0.63,"LBB2014"
"572",572.728080995931,3.70506733975316,0.63,"LBB2014"
"573",573.729048881211,3.7016720550471,0.63,"LBB2014"
"574",574.730017297195,3.69828269063123,0.63,"LBB2014"
"575",575.730986241117,3.69489922589532,0.63,"LBB2014"
"576",576.731955710227,3.69152164033654,0.63,"LBB2014"
"577",577.732925701796,3.68814991355877,0.63,"LBB2014"
"578",578.733896213112,3.68478402527184,0.63,"LBB2014"
"579",579.734867241483,3.68142395529082,0.63,"LBB2014"
"580",580.735838784236,3.67806968353525,0.63,"LBB2014"
"581",581.736810838715,3.67472119002846,0.63,"LBB2014"
"582",582.737783402284,3.67137845489684,0.63,"LBB2014"
"583",583.738756472324,3.66804145836912,0.63,"LBB2014"
"584",584.739730046233,3.6647101807757,0.63,"LBB2014"
"585",585.740704121429,3.66138460254792,0.63,"LBB2014"
"586",586.741678695345,3.65806470421741,0.63,"LBB2014"
"587",587.742653765434,3.65475046641535,0.63,"LBB2014"
"588",588.743629329165,3.65144186987186,0.63,"LBB2014"
"589",589.744605384025,3.64813889541525,0.63,"LBB2014"
"590",590.745581927517,3.64484152397145,0.63,"LBB2014"
"591",591.74655895716,3.64154973656323,0.63,"LBB2014"
"592",592.747536470494,3.63826351430968,0.63,"LBB2014"
"593",593.748514465069,3.63498283842543,0.63,"LBB2014"
"594",594.749492938459,3.6317076902201,0.63,"LBB2014"
"595",595.750471888248,3.62843805109761,0.63,"LBB2014"
"596",596.751451312039,3.62517390255558,0.63,"LBB2014"
"597",597.752431207451,3.62191522618467,0.63,"LBB2014"
"598",598.75341157212,3.61866200366797,0.63,"LBB2014"
"599",599.754392403694,3.6154142167804,0.63,"LBB2014"
"600",600.755373699841,3.61217184738806,0.63,"LBB2014"
"601",601.756355458242,3.60893487744767,0.63,"LBB2014"
"602",602.757337676594,3.60570328900592,0.63,"LBB2014"
"603",603.758320352609,3.60247706419891,0.63,"LBB2014"
"604",604.759303484015,3.59925618525152,0.63,"LBB2014"
"605",605.760287068555,3.59604063447686,0.63,"LBB2014"
"606",606.761271103985,3.59283039427567,0.63,"LBB2014"
"607",607.762255588078,3.58962544713576,0.63,"LBB2014"
"608",608.76324051862,3.58642577563137,0.63,"LBB2014"
"609",609.764225893414,3.58323136242271,0.63,"LBB2014"
"610",610.765211710274,3.5800421902553,0.63,"LBB2014"
"611",611.766197967031,3.57685824195946,0.63,"LBB2014"
"612",612.767184661529,3.57367950044975,0.63,"LBB2014"
"613",613.768171791627,3.5705059487244,0.63,"LBB2014"
"614",614.769159355195,3.56733756986479,0.63,"LBB2014"
"615",615.770147350122,3.5641743470349,0.63,"LBB2014"
"616",616.771135774305,3.56101626348075,0.63,"LBB2014"
"617",617.77212462566,3.55786330252992,0.63,"LBB2014"
"618",618.773113902112,3.55471544759095,0.63,"LBB2014"
"619",619.774103601602,3.55157268215289,0.63,"LBB2014"
"620",620.775093722084,3.54843498978473,0.63,"LBB2014"
"621",621.776084261523,3.54530235413491,0.63,"LBB2014"
"622",622.777075217901,3.54217475893079,0.63,"LBB2014"
"623",623.77806658921,3.53905218797816,0.63,"LBB2014"
"624",624.779058373455,3.53593462516072,0.63,"LBB2014"
"625",625.780050568655,3.53282205443959,0.63,"LBB2014"
"626",626.781043172841,3.52971445985284,0.63,"LBB2014"
"627",627.782036184057,3.52661182551494,0.63,"LBB2014"
"628",628.783029600359,3.52351413561632,0.63,"LBB2014"
"629",629.784023419815,3.52042137442289,0.63,"LBB2014"
"630",630.785017640505,3.51733352627552,0.63,"LBB2014"
"631",631.786012260523,3.5142505755896,0.63,"LBB2014"
"632",632.787007277974,3.51117250685455,0.63,"LBB2014"
"633",633.788002690975,3.50809930463336,0.63,"LBB2014"
"634",634.788998497654,3.50503095356213,0.63,"LBB2014"
"635",635.789994696151,3.50196743834959,0.63,"LBB2014"
"636",636.79099128462,3.49890874377668,0.63,"LBB2014"
"637",637.791988261224,3.49585485469604,0.63,"LBB2014"
"638",638.792985624138,3.49280575603161,0.63,"LBB2014"
"639",639.79398337155,3.48976143277816,0.63,"LBB2014"
"640",640.794981501656,3.48672187000085,0.63,"LBB2014"
"641",641.795980012668,3.48368705283481,0.63,"LBB2014"
"642",642.796978902804,3.48065696648466,0.63,"LBB2014"
"643",643.797978170297,3.47763159622412,0.63,"LBB2014"
"644",644.798977813389,3.47461092739557,0.63,"LBB2014"
"645",645.799977830334,3.47159494540958,0.63,"LBB2014"
"646",646.800978219396,3.46858363574459,0.63,"LBB2014"
"647",647.80197897885,3.46557698394636,0.63,"LBB2014"
"648",648.802980106981,3.46257497562766,0.63,"LBB2014"
"649",649.803981602087,3.4595775964678,0.63,"LBB2014"
"650",650.804983462472,3.45658483221224,0.63,"LBB2014"
"651",651.805985686456,3.45359666867219,0.63,"LBB2014"
"652",652.806988272364,3.45061309172418,0.63,"LBB2014"
"653",653.807991218534,3.44763408730968,0.63,"LBB2014"
"654",654.808994523315,3.4446596414347,0.63,"LBB2014"
"655",655.809998185064,3.44168974016941,0.63,"LBB2014"
"656",656.811002202149,3.43872436964769,0.63,"LBB2014"
"657",657.812006572949,3.43576351606682,0.63,"LBB2014"
"658",658.81301129585,3.43280716568706,0.63,"LBB2014"
"659",659.81401636925,3.42985530483123,0.63,"LBB2014"
"660",660.815021791556,3.42690791988442,0.63,"LBB2014"
"661",661.816027561186,3.4239649972935,0.63,"LBB2014"
"662",662.817033676565,3.42102652356685,0.63,"LBB2014"
"663",663.81804013613,3.41809248527393,0.63,"LBB2014"
"664",664.819046938325,3.41516286904492,0.63,"LBB2014"
"665",665.820054081606,3.41223766157036,0.63,"LBB2014"
"666",666.821061564436,3.4093168496008,0.63,"LBB2014"
"667",667.822069385288,3.40640041994642,0.63,"LBB2014"
"668",668.823077542646,3.40348835947668,0.63,"LBB2014"
"669",669.824086034999,3.40058065511996,0.63,"LBB2014"
"670",670.825094860848,3.39767729386322,0.63,"LBB2014"
"671",671.826104018704,3.39477826275165,0.63,"LBB2014"
"672",672.827113507083,3.39188354888831,0.63,"LBB2014"
"673",673.828123324513,3.38899313943379,0.63,"LBB2014"
"674",674.82913346953,3.38610702160586,0.63,"LBB2014"
"675",675.830143940677,3.38322518267919,0.63,"LBB2014"
"676",676.831154736509,3.38034760998489,0.63,"LBB2014"
"677",677.832165855585,3.37747429091033,0.63,"LBB2014"
"678",678.833177296478,3.37460521289867,0.63,"LBB2014"
"679",679.834189057764,3.37174036344861,0.63,"LBB2014"
"680",680.835201138031,3.36887973011407,0.63,"LBB2014"
"681",681.836213535873,3.36602330050379,0.63,"LBB2014"
"682",682.837226249895,3.36317106228109,0.63,"LBB2014"
"683",683.838239278708,3.36032300316351,0.63,"LBB2014"
"684",684.83925262093,3.35747911092249,0.63,"LBB2014"
"685",685.840266275191,3.3546393733831,0.63,"LBB2014"
"686",686.841280240126,3.35180377842363,0.63,"LBB2014"
"687",687.842294514377,3.34897231397541,0.63,"LBB2014"
"688",688.843309096598,3.34614496802237,0.63,"LBB2014"
"689",689.844323985447,3.34332172860086,0.63,"LBB2014"
"690",690.845339179591,3.34050258379923,0.63,"LBB2014"
"691",691.846354677705,3.33768752175761,0.63,"LBB2014"
"692",692.847370478472,3.33487653066758,0.63,"LBB2014"
"693",693.848386580581,3.33206959877187,0.63,"LBB2014"
"694",694.849402982731,3.32926671436408,0.63,"LBB2014"
"695",695.850419683626,3.32646786578836,0.63,"LBB2014"
"696",696.85143668198,3.32367304143916,0.63,"LBB2014"
"697",697.852453976511,3.3208822297609,0.63,"LBB2014"
"698",698.853471565948,3.31809541924771,0.63,"LBB2014"
"699",699.854489449024,3.31531259844313,0.63,"LBB2014"
"700",700.855507624482,3.31253375593984,0.63,"LBB2014"
"701",701.856526091071,3.30975888037937,0.63,"LBB2014"
"702",702.857544847546,3.30698796045184,0.63,"LBB2014"
"703",703.858563892672,3.30422098489564,0.63,"LBB2014"
"704",704.859583225217,3.3014579424972,0.63,"LBB2014"
"705",705.86060284396,3.29869882209072,0.63,"LBB2014"
"706",706.861622747684,3.29594361255784,0.63,"LBB2014"
"707",707.86264293518,3.29319230282745,0.63,"LBB2014"
"708",708.863663405247,3.29044488187536,0.63,"LBB2014"
"709",709.864684156689,3.28770133872406,0.63,"LBB2014"
"710",710.865705188316,3.28496166244247,0.63,"LBB2014"
"711",711.866726498948,3.28222584214567,0.63,"LBB2014"
"712",712.867748087409,3.27949386699461,0.63,"LBB2014"
"713",713.86876995253,3.2767657261959,0.63,"LBB2014"
"714",714.869792093148,3.27404140900152,0.63,"LBB2014"
"715",715.870814508109,3.2713209047086,0.63,"LBB2014"
"716",716.871837196262,3.26860420265911,0.63,"LBB2014"
"717",717.872860156465,3.26589129223967,0.63,"LBB2014"
"718",718.873883387582,3.26318216288127,0.63,"LBB2014"
"719",719.874906888483,3.26047680405904,0.63,"LBB2014"
"720",720.875930658043,3.25777520529197,0.63,"LBB2014"
"721",721.876954695144,3.25507735614272,0.63,"LBB2014"
"722",722.877978998677,3.25238324621733,0.63,"LBB2014"
"723",723.879003567534,3.249692865165,0.63,"LBB2014"
"724",724.880028400617,3.24700620267785,0.63,"LBB2014"
"725",725.881053496833,3.24432324849069,0.63,"LBB2014"
"726",726.882078855095,3.24164399238077,0.63,"LBB2014"
"727",727.88310447432,3.23896842416755,0.63,"LBB2014"
"728",728.884130353436,3.23629653371249,0.63,"LBB2014"
"729",729.885156491371,3.23362831091878,0.63,"LBB2014"
"730",730.886182887063,3.23096374573114,0.63,"LBB2014"
"731",731.887209539454,3.22830282813559,0.63,"LBB2014"
"732",732.888236447492,3.22564554815921,0.63,"LBB2014"
"733",733.88926361013,3.22299189586994,0.63,"LBB2014"
"734",734.89029102633,3.22034186137631,0.63,"LBB2014"
"735",735.891318695055,3.2176954348273,0.63,"LBB2014"
"736",736.892346615277,3.21505260641202,0.63,"LBB2014"
"737",737.893374785971,3.21241336635958,0.63,"LBB2014"
"738",738.894403206121,3.20977770493881,0.63,"LBB2014"
"739",739.895431874714,3.20714561245809,0.63,"LBB2014"
"740",740.896460790742,3.20451707926512,0.63,"LBB2014"
"741",741.897489953205,3.20189209574668,0.63,"LBB2014"
"742",742.898519361105,3.19927065232845,0.63,"LBB2014"
"743",743.899549013452,3.19665273947483,0.63,"LBB2014"
"744",744.900578909261,3.19403834768864,0.63,"LBB2014"
"745",745.901609047551,3.19142746751102,0.63,"LBB2014"
"746",746.902639427348,3.18882008952114,0.63,"LBB2014"
"747",747.903670047681,3.18621620433604,0.63,"LBB2014"
"748",748.904700907587,3.18361580261042,0.63,"LBB2014"
"749",749.905732006105,3.18101887503644,0.63,"LBB2014"
"750",750.906763342281,3.1784254123435,0.63,"LBB2014"
"751",751.907794915167,3.17583540529808,0.63,"LBB2014"
"752",752.908826723818,3.17324884470351,0.63,"LBB2014"
"753",753.909858767294,3.17066572139978,0.63,"LBB2014"
"754",754.910891044663,3.16808602626334,0.63,"LBB2014"
"755",755.911923554994,3.16550975020695,0.63,"LBB2014"
"756",756.912956297363,3.16293688417943,0.63,"LBB2014"
"757",757.913989270852,3.1603674191655,0.63,"LBB2014"
"758",758.915022474544,3.15780134618557,0.63,"LBB2014"
"759",759.916055907532,3.15523865629558,0.63,"LBB2014"
"760",760.917089568908,3.15267934058681,0.63,"LBB2014"
"761",761.918123457775,3.15012339018566,0.63,"LBB2014"
"762",762.919157573235,3.14757079625351,0.63,"LBB2014"
"763",763.920191914398,3.14502154998648,0.63,"LBB2014"
"764",764.921226480378,3.14247564261533,0.63,"LBB2014"
"765",765.922261270294,3.13993306540519,0.63,"LBB2014"
"766",766.923296283269,3.13739380965545,0.63,"LBB2014"
"767",767.92433151843,3.13485786669954,0.63,"LBB2014"
"768",768.92536697491,3.13232522790476,0.63,"LBB2014"
"769",769.926402651845,3.12979588467214,0.63,"LBB2014"
"770",770.927438548376,3.12726982843619,0.63,"LBB2014"
"771",771.92847466365,3.12474705066481,0.63,"LBB2014"
"772",772.929510996816,3.12222754285905,0.63,"LBB2014"
"773",773.930547547029,3.11971129655298,0.63,"LBB2014"
"774",774.931584313448,3.1171983033135,0.63,"LBB2014"
"775",775.932621295236,3.11468855474017,0.63,"LBB2014"
"776",776.93365849156,3.11218204246507,0.63,"LBB2014"
"777",777.934695901593,3.10967875815257,0.63,"LBB2014"
"778",778.93573352451,3.10717869349925,0.63,"LBB2014"
"779",779.936771359491,3.10468184023365,0.63,"LBB2014"
"780",780.937809405722,3.10218819011615,0.63,"LBB2014"
"781",781.938847662391,3.09969773493883,0.63,"LBB2014"
"782",782.93988612869,3.09721046652523,0.63,"LBB2014"
"783",783.940924803817,3.09472637673029,0.63,"LBB2014"
"784",784.941963686972,3.09224545744009,0.63,"LBB2014"
"785",785.943002777362,3.08976770057176,0.63,"LBB2014"
"786",786.944042074194,3.08729309807332,0.63,"LBB2014"
"787",787.945081576682,3.08482164192346,0.63,"LBB2014"
"788",788.946121284044,3.08235332413146,0.63,"LBB2014"
"789",789.9471611955,3.079888136737,0.63,"LBB2014"
"790",790.948201310276,3.07742607180999,0.63,"LBB2014"
"791",791.9492416276,3.07496712145044,0.63,"LBB2014"
"792",792.950282146706,3.07251127778833,0.63,"LBB2014"
"793",793.951322866829,3.07005853298339,0.63,"LBB2014"
"794",794.952363787212,3.06760887922503,0.63,"LBB2014"
"795",795.953404907097,3.06516230873212,0.63,"LBB2014"
"796",796.954446225734,3.0627188137529,0.63,"LBB2014"
"797",797.955487742375,3.06027838656479,0.63,"LBB2014"
"798",798.956529456274,3.05784101947427,0.63,"LBB2014"
"799",799.957571366693,3.05540670481672,0.63,"LBB2014"
"800",800.958613472893,3.05297543495629,0.63,"LBB2014"
"801",801.959655774142,3.05054720228573,0.63,"LBB2014"
"802",802.960698269709,3.04812199922628,0.63,"LBB2014"
"803",803.96174095887,3.04569981822749,0.63,"LBB2014"
"804",804.962783840903,3.04328065176713,0.63,"LBB2014"
"805",805.963826915087,3.04086449235101,0.63,"LBB2014"
"806",806.964870180709,3.03845133251282,0.63,"LBB2014"
"807",807.965913637056,3.03604116481408,0.63,"LBB2014"
"808",808.966957283421,3.0336339818439,0.63,"LBB2014"
"809",809.9680011191,3.03122977621891,0.63,"LBB2014"
"810",810.96904514339,3.0288285405831,0.63,"LBB2014"
"811",811.970089355595,3.02643026760767,0.63,"LBB2014"
"812",812.97113375502,3.02403494999094,0.63,"LBB2014"
"813",813.972178340975,3.02164258045817,0.63,"LBB2014"
"814",814.973223112772,3.01925315176147,0.63,"LBB2014"
"815",815.974268069727,3.01686665667962,0.63,"LBB2014"
"816",816.975313211161,3.01448308801798,0.63,"LBB2014"
"817",817.976358536394,3.01210243860834,0.63,"LBB2014"
"818",818.977404044754,3.00972470130879,0.63,"LBB2014"
"819",819.978449735569,3.00734986900361,0.63,"LBB2014"
"820",820.979495608173,3.00497793460313,0.63,"LBB2014"
"821",821.980541661901,3.00260889104358,0.63,"LBB2014"
"822",822.981587896092,3.00024273128701,0.63,"LBB2014"
"823",823.982634310088,2.99787944832112,0.63,"LBB2014"
"824",824.983680903235,2.99551903515918,0.63,"LBB2014"
"825",825.984727674882,2.99316148483986,0.63,"LBB2014"
"826",826.985774624379,2.99080679042713,0.63,"LBB2014"
"827",827.986821751084,2.98845494501016,0.63,"LBB2014"
"828",828.987869054352,2.98610594170314,0.63,"LBB2014"
"829",829.988916533546,2.98375977364522,0.63,"LBB2014"
"830",830.98996418803,2.98141643400036,0.63,"LBB2014"
"831",831.99101201717,2.97907591595719,0.63,"LBB2014"
"832",832.992060020338,2.97673821272894,0.63,"LBB2014"
"833",833.993108196906,2.9744033175533,0.63,"LBB2014"
"834",834.994156546251,2.97207122369228,0.63,"LBB2014"
"835",835.995205067753,2.96974192443212,0.63,"LBB2014"
"836",836.996253760793,2.96741541308316,0.63,"LBB2014"
"837",837.997302624757,2.96509168297977,0.63,"LBB2014"
"838",838.998351659033,2.96277072748014,0.63,"LBB2014"
"839",839.999400863011,2.96045253996625,0.63,"LBB2014"
"840",841.000450236088,2.95813711384375,0.63,"LBB2014"
"841",842.001499777657,2.95582444254179,0.63,"LBB2014"
"842",843.002549487121,2.95351451951297,0.63,"LBB2014"
"843",844.003599363881,2.9512073382332,0.63,"LBB2014"
"844",845.004649407343,2.94890289220159,0.63,"LBB2014"
"845",846.005699616915,2.94660117494034,0.63,"LBB2014"
"846",847.006749992007,2.94430217999463,0.63,"LBB2014"
"847",848.007800532035,2.94200590093254,0.63,"LBB2014"
"848",849.008851236414,2.93971233134491,0.63,"LBB2014"
"849",850.009902104564,2.93742146484521,0.63,"LBB2014"
"850",851.010953135907,2.93513329506951,0.63,"LBB2014"
"851",852.012004329868,2.93284781567628,0.63,"LBB2014"
"852",853.013055685873,2.93056502034638,0.63,"LBB2014"
"853",854.014107203354,2.92828490278288,0.63,"LBB2014"
"854",855.015158881743,2.92600745671099,0.63,"LBB2014"
"855",856.016210720475,2.92373267587793,0.63,"LBB2014"
"856",857.01726271899,2.92146055405289,0.63,"LBB2014"
"857",858.018314876726,2.91919108502684,0.63,"LBB2014"
"858",859.019367193129,2.91692426261251,0.63,"LBB2014"
"859",860.020419667643,2.91466008064421,0.63,"LBB2014"
"860",861.021472299718,2.91239853297782,0.63,"LBB2014"
"861",862.022525088804,2.91013961349059,0.63,"LBB2014"
"862",863.023578034355,2.90788331608112,0.63,"LBB2014"
"863",864.024631135827,2.90562963466924,0.63,"LBB2014"
"864",865.025684392679,2.90337856319588,0.63,"LBB2014"
"865",866.026737804372,2.90113009562302,0.63,"LBB2014"
"866",867.02779137037,2.89888422593355,0.63,"LBB2014"
"867",868.028845090138,2.89664094813119,0.63,"LBB2014"
"868",869.029898963146,2.89440025624042,0.63,"LBB2014"
"869",870.030952988865,2.89216214430634,0.63,"LBB2014"
"870",871.032007166768,2.8899266063946,0.63,"LBB2014"
"871",872.03306149633,2.88769363659131,0.63,"LBB2014"
"872",873.03411597703,2.88546322900293,0.63,"LBB2014"
"873",874.03517060835,2.88323537775619,0.63,"LBB2014"
"874",875.036225389771,2.88101007699798,0.63,"LBB2014"
"875",876.03728032078,2.87878732089528,0.63,"LBB2014"
"876",877.038335400864,2.87656710363505,0.63,"LBB2014"
"877",878.039390629513,2.87434941942416,0.63,"LBB2014"
"878",879.04044600622,2.87213426248927,0.63,"LBB2014"
"879",880.04150153048,2.86992162707676,0.63,"LBB2014"
"880",881.042557201788,2.86771150745265,0.63,"LBB2014"
"881",882.043613019647,2.86550389790246,0.63,"LBB2014"
"882",883.044668983554,2.86329879273121,0.63,"LBB2014"
"883",884.045725093017,2.86109618626323,0.63,"LBB2014"
"884",885.04678134754,2.85889607284216,0.63,"LBB2014"
"885",886.047837746631,2.85669844683079,0.63,"LBB2014"
"886",887.048894289802,2.85450330261105,0.63,"LBB2014"
"887",888.049950976565,2.85231063458385,0.63,"LBB2014"
"888",889.051007806435,2.85012043716903,0.63,"LBB2014"
"889",890.052064778929,2.84793270480528,0.63,"LBB2014"
"890",891.053121893566,2.84574743195005,0.63,"LBB2014"
"891",892.054179149869,2.84356461307945,0.63,"LBB2014"
"892",893.055236547359,2.84138424268819,0.63,"LBB2014"
"893",894.056294085565,2.83920631528947,0.63,"LBB2014"
"894",895.057351764012,2.83703082541493,0.63,"LBB2014"
"895",896.058409582231,2.83485776761455,0.63,"LBB2014"
"896",897.059467539754,2.83268713645654,0.63,"LBB2014"
"897",898.060525636116,2.83051892652732,0.63,"LBB2014"
"898",899.061583870852,2.82835313243139,0.63,"LBB2014"
"899",900.062642243502,2.82618974879127,0.63,"LBB2014"
"900",901.063700753604,2.82402877024741,0.63,"LBB2014"
"901",902.064759400702,2.82187019145812,0.63,"LBB2014"
"902",903.065818184339,2.81971400709948,0.63,"LBB2014"
"903",904.066877104064,2.81756021186527,0.63,"LBB2014"
"904",905.067936159423,2.8154088004669,0.63,"LBB2014"
"905",906.068995349967,2.81325976763329,0.63,"LBB2014"
"906",907.070054675249,2.81111310811086,0.63,"LBB2014"
"907",908.071114134824,2.80896881666341,0.63,"LBB2014"
"908",909.072173728246,2.80682688807202,0.63,"LBB2014"
"909",910.073233455076,2.80468731713503,0.63,"LBB2014"
"910",911.074293314873,2.80255009866793,0.63,"LBB2014"
"911",912.075353307198,2.8004152275033,0.63,"LBB2014"
"912",913.076413431617,2.79828269849072,0.63,"LBB2014"
"913",914.077473687696,2.79615250649671,0.63,"LBB2014"
"914",915.078534075002,2.79402464640463,0.63,"LBB2014"
"915",916.079594593104,2.79189911311465,0.63,"LBB2014"
"916",917.080655241575,2.78977590154363,0.63,"LBB2014"
"917",918.081716019989,2.78765500662509,0.63,"LBB2014"
"918",919.08277692792,2.7855364233091,0.63,"LBB2014"
"919",920.083837964947,2.78342014656222,0.63,"LBB2014"
"920",921.084899130647,2.78130617136746,0.63,"LBB2014"
"921",922.085960424602,2.77919449272414,0.63,"LBB2014"
"922",923.087021846395,2.7770851056479,0.63,"LBB2014"
"923",924.088083395609,2.77497800517057,0.63,"LBB2014"
"924",925.089145071833,2.7728731863401,0.63,"LBB2014"
"925",926.090206874653,2.77077064422056,0.63,"LBB2014"
"926",927.09126880366,2.76867037389197,0.63,"LBB2014"
"927",928.092330858445,2.7665723704503,0.63,"LBB2014"
"928",929.093393038601,2.76447662900739,0.63,"LBB2014"
"929",930.094455343725,2.76238314469087,0.63,"LBB2014"
"930",931.095517773412,2.76029191264408,0.63,"LBB2014"
"931",932.096580327262,2.75820292802604,0.63,"LBB2014"
"932",933.097643004874,2.75611618601136,0.63,"LBB2014"
"933",934.098705805852,2.75403168179014,0.63,"LBB2014"
"934",935.099768729798,2.75194941056798,0.63,"LBB2014"
"935",936.100831776319,2.74986936756586,0.63,"LBB2014"
"936",937.10189494502,2.74779154802006,0.63,"LBB2014"
"937",938.102958235512,2.74571594718216,0.63,"LBB2014"
"938",939.104021647405,2.74364256031891,0.63,"LBB2014"
"939",940.105085180311,2.74157138271219,0.63,"LBB2014"
"940",941.106148833843,2.73950240965895,0.63,"LBB2014"
"941",942.107212607618,2.73743563647115,0.63,"LBB2014"
"942",943.108276501252,2.73537105847567,0.63,"LBB2014"
"943",944.109340514365,2.73330867101429,0.63,"LBB2014"
"944",945.110404646575,2.73124846944358,0.63,"LBB2014"
"945",946.111468897507,2.72919044913487,0.63,"LBB2014"
"946",947.112533266781,2.72713460547417,0.63,"LBB2014"
"947",948.113597754026,2.72508093386211,0.63,"LBB2014"
"948",949.114662358866,2.7230294297139,0.63,"LBB2014"
"949",950.11572708093,2.72098008845923,0.63,"LBB2014"
"950",951.116791919848,2.71893290554225,0.63,"LBB2014"
"951",952.117856875251,2.71688787642148,0.63,"LBB2014"
"952",953.118921946773,2.71484499656975,0.63,"LBB2014"
"953",954.119987134048,2.71280426147417,0.63,"LBB2014"
"954",955.121052436711,2.71076566663603,0.63,"LBB2014"
"955",956.122117854401,2.70872920757077,0.63,"LBB2014"
"956",957.123183386756,2.70669487980789,0.63,"LBB2014"
"957",958.124249033418,2.70466267889096,0.63,"LBB2014"
"958",959.125314794028,2.70263260037745,0.63,"LBB2014"
"959",960.126380668229,2.70060463983878,0.63,"LBB2014"
"960",961.127446655667,2.6985787928602,0.63,"LBB2014"
"961",962.128512755989,2.69655505504075,0.63,"LBB2014"
"962",963.129578968842,2.69453342199321,0.63,"LBB2014"
"963",964.130645293876,2.69251388934401,0.63,"LBB2014"
"964",965.131711730742,2.69049645273323,0.63,"LBB2014"
"965",966.132778279092,2.68848110781449,0.63,"LBB2014"
"966",967.13384493858,2.68646785025492,0.63,"LBB2014"
"967",968.134911708861,2.68445667573509,0.63,"LBB2014"
"968",969.135978589592,2.682447579949,0.63,"LBB2014"
"969",970.137045580431,2.68044055860394,0.63,"LBB2014"
"970",971.138112681038,2.67843560742051,0.63,"LBB2014"
"971",972.139179891073,2.67643272213253,0.63,"LBB2014"
"972",973.140247210198,2.67443189848701,0.63,"LBB2014"
"973",974.141314638078,2.67243313224405,0.63,"LBB2014"
"974",975.142382174377,2.67043641917685,0.63,"LBB2014"
"975",976.143449818763,2.66844175507159,0.63,"LBB2014"
"976",977.144517570901,2.66644913572744,0.63,"LBB2014"
"977",978.145585430463,2.66445855695645,0.63,"LBB2014"
"978",979.146653397118,2.66247001458353,0.63,"LBB2014"
"979",980.147721470538,2.6604835044464,0.63,"LBB2014"
"980",981.148789650397,2.65849902239552,0.63,"LBB2014"
"981",982.149857936368,2.65651656429406,0.63,"LBB2014"
"982",983.150926328128,2.6545361260178,0.63,"LBB2014"
"983",984.151994825355,2.65255770345515,0.63,"LBB2014"
"984",985.153063427725,2.65058129250704,0.63,"LBB2014"
"985",986.15413213492,2.6486068890869,0.63,"LBB2014"
"986",987.15520094662,2.64663448912061,0.63,"LBB2014"
"987",988.156269862509,2.64466408854641,0.63,"LBB2014"
"988",989.157338882268,2.6426956833149,0.63,"LBB2014"
"989",990.158408005584,2.64072926938898,0.63,"LBB2014"
"990",991.159477232142,2.63876484274377,0.63,"LBB2014"
"991",992.160546561631,2.63680239936658,0.63,"LBB2014"
"992",993.161615993738,2.63484193525687,0.63,"LBB2014"
"993",994.162685528155,2.6328834464262,0.63,"LBB2014"
"994",995.16375516457,2.63092692889816,0.63,"LBB2014"
"995",996.164824902679,2.62897237870834,0.63,"LBB2014"
"996",997.165894742174,2.62701979190427,0.63,"LBB2014"
"997",998.166964682751,2.62506916454539,0.63,"LBB2014"
"998",999.168034724105,2.62312049270299,0.63,"LBB2014"
"999",1000.16910486593,2.62117377246015,0.63,"LBB2014"
"1000",1001.17017510794,2.61922899991173,0.63,"LBB2014"
