"","EventID","year","month","day","hour","minute","second","epi_lon","epi_lat","depth","Mw","Intensitylocation","lon","lat","Source","ConservativeInt","LeastInt","MeanInt","R_epi"
"1",127,37,1,1,1,1,1,36.3,36,10,6.2,"Antioch",36.16,36.2,"Sbeinati et al. 2005",8,7,7.5,25.5019747855888
"4",138,53,1,1,1,1,1,36.5,36.2,30,6.6,"Antioch",36.16,36.2,"Sbeinati et al. 2005",8,7,7.5,30.578043700521
"5",138,53,1,1,1,1,1,36.5,36.2,30,6.6,"Afamia",36.58,35.06,"Sbeinati et al. 2005",7,6,6.5,126.553520871036
"6",138,53,1,1,1,1,1,36.5,36.2,30,6.6,"Manbej",37.95,36.53,"Sbeinati et al. 2005",7,6,6.5,135.173768524658
"7",138,53,1,1,1,1,1,36.5,36.2,30,6.6,"Lattakia",35.78,35.53,"Sbeinati et al. 2005",7,6,6.5,98.70619367863
"8",123,303,1,1,1,1,1,34.3,33.8,20,7.1,"Sidon",35.61,33.49,"Sbeinati et al. 2005",8,8,8,126.283706255419
"9",123,303,1,1,1,1,1,34.3,33.8,20,7.1,"Tyre",35.2,33.27,"Sbeinati et al. 2005",8,8,8,102.155463307206
"11",126,363,5,19,1,1,1,35.4,31.5,10,7.4,"Panyas",35.69,33.25,"Sbeinati et al. 2005",7,7,7,195.743139678698
"12",129,457,9,14,1,1,1,36.1,36.1,10,6.3,"Tripoli",35.83,34.44,"Sbeinati et al. 2005",7,6,6.5,185.597231137512
"13",133,494,1,1,1,1,1,36.3,35.8,25,6.5,"Antioch",36.16,36.2,"Sbeinati et al. 2005",7,7,7,46.0969875192915
"14",133,494,1,1,1,1,1,36.3,35.8,25,6.5,"Tripoli",35.83,34.44,"Sbeinati et al. 2005",7,6,6.5,156.683729249176
"15",133,494,1,1,1,1,1,36.3,35.8,25,6.5,"Lattakia",35.78,35.53,"Sbeinati et al. 2005",7,6,6.5,55.7870582135231
"17",134,502,8,22,1,1,1,34.8,33,30,7.2,"Akka",35.08,32.93,"Sbeinati et al. 2005",8,8,8,27.3014894729154
"18",134,502,8,22,1,1,1,34.8,33,30,7.2,"Tyre",35.2,33.27,"Sbeinati et al. 2005",8,7,7.5,47.8295400339723
"19",134,502,8,22,1,1,1,34.8,33,30,7.2,"Sidon",35.61,33.49,"Sbeinati et al. 2005",8,7,7.5,92.9766043701684
"20",134,502,8,22,1,1,1,34.8,33,30,7.2,"Beirut",35.5,33.89,"Sbeinati et al. 2005",7,7,7,118.141314897629
"21",134,502,8,22,1,1,1,34.8,33,30,7.2,"Safad",35.5,32.96,"Sbeinati et al. 2005",6,6,6,65.5817453024226
"22",134,502,8,22,1,1,1,34.8,33,30,7.2,"Reina",35.32,32.72,"Sbeinati et al. 2005",6,6,6,57.7142647168873
"23",139,531,1,1,1,1,1,37.2,35.5,15,6.5,"Homs",36.72,34.77,"Sbeinati et al. 2005",7,6,6.5,91.967886469196
"24",139,531,1,1,1,1,1,37.2,35.5,15,6.5,"Aleppo",37.15,36.21,"Sbeinati et al. 2005",7,6,6.5,78.8220516575229
"25",139,531,1,1,1,1,1,37.2,35.5,15,6.5,"Antioch",36.16,36.2,"Sbeinati et al. 2005",6,6,6,121.839869727181
"26",140,551,7,9,1,1,1,35.5,33.9,15,7.2,"Beirut",35.5,33.89,"Sbeinati et al. 2005",10,9,9.5,1.10792670614571
"27",140,551,7,9,1,1,1,35.5,33.9,15,7.2,"Sur",35.2,33.27,"Sbeinati et al. 2005",10,9,9.5,75.1460764512387
"28",140,551,7,9,1,1,1,35.5,33.9,15,7.2,"Tripoli",35.83,34.44,"Sbeinati et al. 2005",10,9,9.5,67.1228556660887
"29",140,551,7,9,1,1,1,35.5,33.9,15,7.2,"Byblus",35.65,34.12,"Sbeinati et al. 2005",10,9,9.5,28.0378814604152
"30",140,551,7,9,1,1,1,35.5,33.9,15,7.2,"Al-Batron",35.66,34.25,"Sbeinati et al. 2005",10,9,9.5,41.4957258896585
"31",140,551,7,9,1,1,1,35.5,33.9,15,7.2,"Shaqa",35.73,34.32,"Sbeinati et al. 2005",10,9,9.5,51.1449630210642
"32",140,551,7,9,1,1,1,35.5,33.9,15,7.2,"Sarfand",35.29,33.45,"Sbeinati et al. 2005",8,7,7.5,53.5230651755313
"33",140,551,7,9,1,1,1,35.5,33.9,15,7.2,"Sidon",35.61,33.49,"Sbeinati et al. 2005",8,7,7.5,46.5540365704987
"35",143,565,1,1,1,1,1,36.2,36,30,6.1,"Antioch",36.16,36.2,"Sbeinati et al. 2005",7,6,6.5,22.4587006886258
"36",143,565,1,1,1,1,1,36.2,36,30,6.1,"Seleucea",35.92,36.12,"Sbeinati et al. 2005",7,6,6.5,28.5182225975939
"37",143,565,1,1,1,1,1,36.2,36,30,6.1,"Anazrabo",35.91,37.26,"Sbeinati et al. 2005",6,6,6,142.060489371094
"39",150,747,1,18,1,1,1,35.6,32.5,25,7.2,"Mount Tabor",35.39,32.69,"Sbeinati et al. 2005",9,7,8,28.8367478758693
"41",150,747,1,18,1,1,1,35.6,32.5,25,7.2,"Bosra",36.47,32.52,"Sbeinati et al. 2005",7,7,7,81.7805309699484
"42",150,747,1,18,1,1,1,35.6,32.5,25,7.2,"Nawa",36.04,32.89,"Sbeinati et al. 2005",8,8,8,59.7373335090686
"43",150,747,1,18,1,1,1,35.6,32.5,25,7.2,"Balqa",35.77,32.06,"Sbeinati et al. 2005",8,8,8,51.2977797724497
"44",150,747,1,18,1,1,1,35.6,32.5,25,7.2,"Al-Quds",35.23,31.78,"Sbeinati et al. 2005",7,7,7,87.050285356236
"45",150,747,1,18,1,1,1,35.6,32.5,25,7.2,"Beit Qubayeh",36.29,33.51,"Sbeinati et al. 2005",8,7,7.5,129.130606634949
"46",150,747,1,18,1,1,1,35.6,32.5,25,7.2,"Tabaryya",35.53,32.8,"Sbeinati et al. 2005",7,7,7,33.872728410154
"49",150,747,1,18,1,1,1,35.6,32.5,25,7.2,"Darayya",36.25,33.45,"Sbeinati et al. 2005",6,6,6,121.515572747679
"50",150,747,1,18,1,1,1,35.6,32.5,25,7.2,"Damascus",36.29,33.51,"Sbeinati et al. 2005",6,5,5.5,129.130606634949
"51",150,747,1,18,1,1,1,35.6,32.5,25,7.2,"Daraa",36.11,32.63,"Sbeinati et al. 2005",6,5,5.5,50.0113219164026
"53",156,847,4,1,1,1,1,36.3,33.5,10,6.1,"Damascus",36.29,33.51,"Sbeinati et al. 2005",7,7,7,1.44591262261598
"54",156,847,4,1,1,1,1,36.3,33.5,10,6.1,"Homs",36.72,34.77,"Sbeinati et al. 2005",7,7,7,145.947920629943
"58",157,847,11,24,1,1,1,36.3,34.4,35,7.5,"Damascus",36.29,33.51,"Sbeinati et al. 2005",8,7,7.5,98.6109439201942
"59",157,847,11,24,1,1,1,36.3,34.4,35,7.5,"Al-Ghouta",36.7,34.73,"Sbeinati et al. 2005",8,7,7.5,51.8121328333686
"60",157,847,11,24,1,1,1,36.3,34.4,35,7.5,"Al-Mazzeh",36.26,33.5,"Sbeinati et al. 2005",7,7,7,99.7829827884813
"61",157,847,11,24,1,1,1,36.3,34.4,35,7.5,"Beit Lahya",35.8,33.48,"Sbeinati et al. 2005",7,7,7,111.92103663929
"62",157,847,11,24,1,1,1,36.3,34.4,35,7.5,"Darayya",36.25,33.45,"Sbeinati et al. 2005",7,7,7,105.355129955304
"63",157,847,11,24,1,1,1,36.3,34.4,35,7.5,"Antioch",36.16,36.2,"Sbeinati et al. 2005",6,6,6,199.886659189891
"65",159,859,12,30,1,1,1,36.4,35.7,33,7.4,"Antioch",36.16,36.2,"Sbeinati et al. 2005",8,8,8,59.4980673016337
"66",159,859,12,30,1,1,1,36.4,35.7,33,7.4,"Lattakia",35.78,35.53,"Sbeinati et al. 2005",8,8,8,59.2473022948858
"67",159,859,12,30,1,1,1,36.4,35.7,33,7.4,"Jableh",35.97,35.16,"Sbeinati et al. 2005",8,8,8,71.4573322303823
"68",159,859,12,30,1,1,1,36.4,35.7,33,7.4,"Homs",36.72,34.77,"Sbeinati et al. 2005",7,7,7,107.100554583847
"70",159,859,12,30,1,1,1,36.4,35.7,33,7.4,"Tarsus",34.9,36.93,"Sbeinati et al. 2005",6,6,6,191.654422835031
"71",159,859,12,30,1,1,1,36.4,35.7,33,7.4,"Balis",38.04,35.96,"Sbeinati et al. 2005",6,6,6,150.958980100799
"73",159,859,12,30,1,1,1,36.4,35.7,33,7.4,"Adana",35.32,37,"Sbeinati et al. 2005",6,6,6,173.670459057491
"79",164,991,4,5,1,1,1,36.2,33.3,22,6.5,"Baalbak",36.21,34,"Sbeinati et al. 2005",9,8,8.5,77.5568068089923
"80",164,991,4,5,1,1,1,36.2,33.3,22,6.5,"Damascus",36.29,33.51,"Sbeinati et al. 2005",8,7,7.5,24.7248489741032
"82",167,1033,12,5,NA,NA,NA,35.6,32,10,6.5,"",35.45,31.87,"Guidoboni & Comastri 2005",NA,NA,9.5,20.2107907828095
"83",167,1033,12,5,NA,NA,NA,35.6,32,10,6.5,"",35.25,32.22,"Guidoboni & Comastri 2005",NA,NA,9,41.0472590675266
"84",167,1033,12,5,NA,NA,NA,35.6,32,10,6.5,"",34.87,31.93,"Guidoboni & Comastri 2005",NA,NA,9,69.4401780001206
"85",167,1033,12,5,NA,NA,NA,35.6,32,10,6.5,"",35.07,32.92,"Guidoboni & Comastri 2005",NA,NA,8.5,113.431753845472
"86",167,1033,12,5,NA,NA,NA,35.6,32,10,6.5,"",35.23,31.77,"Guidoboni & Comastri 2005",NA,NA,8.5,43.2927371061201
"87",167,1033,12,5,NA,NA,NA,35.6,32,10,6.5,"",35.1,31.53,"Guidoboni & Comastri 2005",NA,NA,8,70.376937863606
"88",167,1033,12,5,NA,NA,NA,35.6,32,10,6.5,"",34.53,31.65,"Guidoboni & Comastri 2005",NA,NA,7.5,108.461334012516
"89",167,1033,12,5,NA,NA,NA,35.6,32,10,6.5,"",35.7,33.23,"Guidoboni & Comastri 2005",NA,NA,7.5,136.564957028416
"90",167,1033,12,5,NA,NA,NA,35.6,32,10,6.5,"",35.53,32.8,"Guidoboni & Comastri 2005",NA,NA,7.5,88.8535538759411
"91",167,1033,12,5,NA,NA,NA,35.6,32,10,6.5,"",34.47,31.5,"Guidoboni & Comastri 2005",NA,NA,6.5,120.536564319724
"92",17,1046,7,8,1,1,1,40,39,10,7.9,"Diyar Bakr",40.52,37.54,"Sbeinati et al. 2005",7,7,7,168.168289722517
"94",18,1063,7,30,1,1,1,36.2,34.4,32,6.9,"Tripoli",35.83,34.44,"Sbeinati et al. 2005",8,7,7.5,34.3007472417904
"95",18,1063,7,30,1,1,1,36.2,34.4,32,6.9,"Lattakia",35.78,35.53,"Sbeinati et al. 2005",6,5,5.5,130.963862748909
"96",18,1063,7,30,1,1,1,36.2,34.4,32,6.9,"Acre",35.08,32.93,"Sbeinati et al. 2005",6,5,5.5,193.160869007277
"97",18,1063,7,30,1,1,1,36.2,34.4,32,6.9,"Sur",35.2,33.27,"Sbeinati et al. 2005",6,5,5.5,155.694005448126
"98",18,1063,7,30,1,1,1,36.2,34.4,32,6.9,"Antioch",36.16,36.2,"Sbeinati et al. 2005",5,5,5,199.513922830596
"99",169,1068,3,18,NA,NA,NA,34.6,29.6,10,6.9,"",34.95,29.55,"Guidoboni & Comastri 2005",NA,NA,10,34.3618991346059
"111",170,1068,5,29,NA,NA,NA,35.6,32.6,10,7,"",34.87,31.93,"Guidoboni & Comastri 2005",NA,NA,10,101.180310014905
"112",170,1068,5,29,NA,NA,NA,35.6,32.6,10,7,"",35.7,33.23,"Guidoboni & Comastri 2005",NA,NA,9,70.4105504970862
"113",170,1068,5,29,NA,NA,NA,35,32.6,10,7,"",35.23,31.77,"Guidoboni & Comastri 2005",NA,NA,8,94.4522575854197
"114",171,1091,9,26,NA,NA,NA,36.1,36.3,10,5.8,"",36.12,36.23,"Guidoboni & Comastri 2005",NA,NA,8.5,7.96446319270875
"116",21,1094,6,1,1,1,1,36.2,33.3,10,5.2,"Damascus",36.29,33.51,"Sbeinati et al. 2005",6,5,5.5,24.7248489741032
"119",173,1114,11,13,NA,NA,NA,37.6,37.4,40,7.4,"",36.92,37.6,"Guidoboni & Comastri 2005",NA,NA,10.5,64.0873164180394
"120",173,1114,11,13,NA,NA,NA,37.6,37.4,40,7.4,"",37.63,36.77,"Guidoboni & Comastri 2005",NA,NA,10,69.8935943653125
"122",173,1114,11,13,NA,NA,NA,37.6,37.4,40,7.4,"",38.28,37.77,"Guidoboni & Comastri 2005",NA,NA,9.5,72.7331934109541
"123",173,1114,11,13,NA,NA,NA,37.6,37.4,40,7.4,"",37.85,37.57,"Guidoboni & Comastri 2005",NA,NA,9,29.0538115993944
"124",173,1114,11,13,NA,NA,NA,37.6,37.4,40,7.4,"",38.52,37.5,"Guidoboni & Comastri 2005",NA,NA,9,82.1567519369811
"127",173,1114,11,13,NA,NA,NA,37.6,37.4,40,7.4,"",38.77,37.13,"Guidoboni & Comastri 2005",NA,NA,8,108.01076311721
"129",175,1138,10,11,NA,NA,NA,36.6,36.7,10,7.1,"",36.82,36.72,"Guidoboni & Comastri 2005",NA,NA,10,19.7813101677043
"130",175,1138,10,11,NA,NA,NA,36.6,36.7,10,7.1,"",36.82,36.13,"Guidoboni & Comastri 2005",NA,NA,8.5,66.1918610315439
"131",175,1138,10,11,NA,NA,NA,36.6,36.7,10,7.1,"",37.63,36.77,"Guidoboni & Comastri 2005",NA,NA,8.5,92.3253997838688
"132",175,1138,10,11,NA,NA,NA,36.6,36.7,10,7.1,"",38.12,36.67,"Guidoboni & Comastri 2005",NA,NA,8.5,135.893062451259
"133",175,1138,10,11,NA,NA,NA,36.6,36.7,10,7.1,"",36.58,36.5,"Guidoboni & Comastri 2005",NA,NA,8.5,22.2422594266278
"134",175,1138,10,11,NA,NA,NA,36.6,36.7,10,7.1,"",36.75,36.05,"Guidoboni & Comastri 2005",NA,NA,8.5,73.2962787461902
"135",175,1138,10,11,NA,NA,NA,36.6,36.7,10,7.1,"",37.17,36.23,"Guidoboni & Comastri 2005",NA,NA,8,72.9681022918809
"136",175,1138,10,11,NA,NA,NA,36.6,36.7,10,7.1,"",37.58,36.37,"Guidoboni & Comastri 2005",NA,NA,7.5,95.0775074163331
"137",175,1138,10,11,NA,NA,NA,36.6,36.7,10,7.1,"",36.52,36.2,"Guidoboni & Comastri 2005",NA,NA,7,55.8858344214715
"139",28,1151,9,28,1,1,1,36.7,32.6,12,6,"Bosra",36.47,32.52,"Sbeinati et al. 2005",7,7,7,23.3471753020014
"140",28,1151,9,28,1,1,1,36.7,32.6,12,6,"Hauran",36.33,32.43,"Sbeinati et al. 2005",7,7,7,39.5373217270546
"141",177,1156,10,13,NA,NA,NA,36.6,35.4,10,5.5,"",36.4,35.42,"Guidoboni & Comastri 2005",NA,NA,7,18.3008104297137
"143",178,1156,12,9,NA,NA,NA,37.6,36.2,10,6,"",37.17,36.23,"Guidoboni & Comastri 2005",NA,NA,8,38.8075629004363
"144",178,1156,12,9,NA,NA,NA,37.6,36.2,10,6,"",36.73,35.15,"Guidoboni & Comastri 2005",NA,NA,6,140.518660176355
"145",178,1156,12,9,NA,NA,NA,37.6,36.2,10,6,"",36.58,35.52,"Guidoboni & Comastri 2005",NA,NA,6,119.027866339682
"146",178,1156,12,9,NA,NA,NA,37.6,36.2,10,6,"",36.57,35.27,"Guidoboni & Comastri 2005",NA,NA,6,138.944887142084
"148",29,1157,8,12,1,1,1,36.4,35.3,15,7,"Damascus",36.29,33.51,"Sbeinati et al. 2005",6,5,5.5,198.59591859249
"149",29,1157,8,12,1,1,1,36.4,35.3,15,7,"Hama",36.75,35.13,"Sbeinati et al. 2005",9,8,8.5,37.0192711349242
"150",29,1157,8,12,1,1,1,36.4,35.3,15,7,"Shaizar",36.56,35.26,"Sbeinati et al. 2005",9,8,8.5,15.2161808967274
"151",29,1157,8,12,1,1,1,36.4,35.3,15,7,"Kafar Tab",36.71,34.73,"Sbeinati et al. 2005",9,8,8.5,69.2126438518047
"152",29,1157,8,12,1,1,1,36.4,35.3,15,7,"Afamia",36.58,35.06,"Sbeinati et al. 2005",9,8,8.5,31.2442873246734
"153",29,1157,8,12,1,1,1,36.4,35.3,15,7,"Arqa",36.05,34.53,"Sbeinati et al. 2005",9,8,8.5,91.1241278142101
"154",29,1157,8,12,1,1,1,36.4,35.3,15,7,"Aleppo",37.15,36.21,"Sbeinati et al. 2005",8,7,7.5,121.544054719851
"155",29,1157,8,12,1,1,1,36.4,35.3,15,7,"Homs",36.72,34.77,"Sbeinati et al. 2005",8,7,7.5,65.5907847375057
"156",29,1157,8,12,1,1,1,36.4,35.3,15,7,"Lattakia",35.78,35.53,"Sbeinati et al. 2005",8,7,7.5,61.811540564904
"157",29,1157,8,12,1,1,1,36.4,35.3,15,7,"Tripoli",35.83,34.44,"Sbeinati et al. 2005",8,7,7.5,108.618233466787
"158",29,1157,8,12,1,1,1,36.4,35.3,15,7,"Antioch",36.16,36.2,"Sbeinati et al. 2005",8,7,7.5,102.083556743166
"159",29,1157,8,12,1,1,1,36.4,35.3,15,7,"Shmemis",37.01,35.04,"Sbeinati et al. 2005",8,7,7.5,62.5956879563591
"160",29,1157,8,12,1,1,1,36.4,35.3,15,7,"Qalaat Al-Hosn",36.29,34.76,"Sbeinati et al. 2005",8,7,7.5,60.6771145881533
"161",29,1157,8,12,1,1,1,36.4,35.3,15,7,"Maarret Anooman",36.67,35.64,"Sbeinati et al. 2005",7,6,6.5,44.94864649503
"162",180,1170,6,29,NA,NA,NA,36.6,34.7,35,7.1,"",36.08,34.53,"Guidoboni & Comastri 2005",NA,NA,10,51.2764028304004
"164",180,1170,6,29,NA,NA,NA,36.6,34.7,35,7.1,"",36.23,34.53,"Guidoboni & Comastri 2005",NA,NA,10,38.8117817352387
"165",180,1170,6,29,NA,NA,NA,36.6,34.7,35,7.1,"",35.85,34.43,"Guidoboni & Comastri 2005",NA,NA,10,75.0472899829465
"167",180,1170,6,29,NA,NA,NA,36.6,34.7,35,7.1,"",36.2,34.33,"Guidoboni & Comastri 2005",NA,NA,9,55.0441721077385
"168",180,1170,6,29,NA,NA,NA,36.6,34.7,35,7.1,"",36.42,34.93,"Guidoboni & Comastri 2005",NA,NA,9,30.3445333072149
"169",180,1170,6,29,NA,NA,NA,36.6,34.7,35,7.1,"",35.92,35.35,"Guidoboni & Comastri 2005",NA,NA,9,95.0754332645294
"170",180,1170,6,29,NA,NA,NA,36.6,34.7,35,7.1,"",36.73,35.15,"Guidoboni & Comastri 2005",NA,NA,9,51.2616904161291
"172",180,1170,6,29,NA,NA,NA,36.6,34.7,35,7.1,"",36.72,34.73,"Guidoboni & Comastri 2005",NA,NA,9,11.4840803892689
"173",180,1170,6,29,NA,NA,NA,36.6,34.7,35,7.1,"",36.32,34.77,"Guidoboni & Comastri 2005",NA,NA,9,26.7902747819309
"174",180,1170,6,29,NA,NA,NA,36.6,34.7,35,7.1,"",35.78,35.52,"Guidoboni & Comastri 2005",NA,NA,9,117.66757671803
"175",180,1170,6,29,NA,NA,NA,36.6,34.7,35,7.1,"",35.95,35.15,"Guidoboni & Comastri 2005",NA,NA,9,77.5493941260773
"176",180,1170,6,29,NA,NA,NA,36.6,34.7,35,7.1,"",36.57,35.27,"Guidoboni & Comastri 2005",NA,NA,9,63.2243974583876
"177",180,1170,6,29,NA,NA,NA,36.6,34.7,35,7.1,"",36.12,34.82,"Guidoboni & Comastri 2005",NA,NA,8.5,45.913489738692
"178",180,1170,6,29,NA,NA,NA,36.6,34.7,35,7.1,"",36.32,33.5,"Guidoboni & Comastri 2005",NA,NA,7.5,135.443351737842
"190",31,1182,1,1,1,1,1,36.7,32.6,10,6.5,"Bosra",36.47,32.52,"Sbeinati et al. 2005",7,7,7,23.3471753020014
"191",31,1182,1,1,1,1,1,36.7,32.6,10,6.5,"Nablus",35.26,32.23,"Sbeinati et al. 2005",6,6,6,141.515881465728
"192",32,1202,5,20,1,1,1,35.9,33.9,30,7,"Mount Lebanon",36.12,34.3,"Sbeinati et al. 2005",9,9,9,48.7469345032975
"193",32,1202,5,20,1,1,1,35.9,33.9,30,7,"Baalbak",36.21,34,"Sbeinati et al. 2005",9,9,9,30.7232416739054
"194",32,1202,5,20,1,1,1,35.9,33.9,30,7,"Tyre",35.2,33.27,"Sbeinati et al. 2005",9,9,9,95.361771407306
"196",32,1202,5,20,1,1,1,35.9,33.9,30,7,"Beit Jin",35.91,33.31,"Sbeinati et al. 2005",9,9,9,65.3706622415935
"199",32,1202,5,20,1,1,1,35.9,33.9,30,7,"Damascus",36.29,33.51,"Sbeinati et al. 2005",8,8,8,56.3380664996781
"200",32,1202,5,20,1,1,1,35.9,33.9,30,7,"Safita",36.12,34.82,"Sbeinati et al. 2005",7,7,7,103.927788615489
"201",32,1202,5,20,1,1,1,35.9,33.9,30,7,"Akka",35.08,32.93,"Sbeinati et al. 2005",7,7,7,131.77338214967
"204",32,1202,5,20,1,1,1,35.9,33.9,30,7,"Tripoli",35.83,34.44,"Sbeinati et al. 2005",8,8,8,60.1782599352252
"205",32,1202,5,20,1,1,1,35.9,33.9,30,7,"Safad",35.5,32.96,"Sbeinati et al. 2005",7,7,7,110.579991668986
"208",32,1202,5,20,1,1,1,35.9,33.9,30,7,"Al-Batron",35.66,34.25,"Sbeinati et al. 2005",7,7,7,44.6601076512142
"209",32,1202,5,20,1,1,1,35.9,33.9,30,7,"Jbeil",35.65,34.12,"Sbeinati et al. 2005",7,7,7,33.5772995083611
"210",32,1202,5,20,1,1,1,35.9,33.9,30,7,"Beirut",35.5,33.89,"Sbeinati et al. 2005",7,7,7,37.0158852815607
"211",32,1202,5,20,1,1,1,35.9,33.9,30,7,"Marqab",35.95,35.15,"Sbeinati et al. 2005",7,7,7,138.58359801664
"212",32,1202,5,20,1,1,1,35.9,33.9,30,7,"Hosn Al-Akrad",36.29,34.76,"Sbeinati et al. 2005",7,7,7,101.823957678123
"213",32,1202,5,20,1,1,1,35.9,33.9,30,7,"Barin",36.44,34.88,"Sbeinati et al. 2005",7,7,7,119.402354775563
"214",32,1202,5,20,1,1,1,35.9,33.9,30,7,"Homs",36.72,34.77,"Sbeinati et al. 2005",7,7,7,122.416708179356
"215",32,1202,5,20,1,1,1,35.9,33.9,30,7,"Tartus",35.94,34.35,"Sbeinati et al. 2005",6,6,6,49.995242520358
"225",182,1212,5,1,NA,NA,NA,35,30,10,7,"",34.95,29.55,"Guidoboni & Comastri 2005",NA,NA,9.5,50.0529271755754
"226",182,1212,5,1,NA,NA,NA,35,30,10,7,"",35.7,31.18,"Guidoboni & Comastri 2005",NA,NA,8,146.893551049435
"228",182,1212,5,1,NA,NA,NA,35,30,10,7,"",35.57,30.53,"Guidoboni & Comastri 2005",NA,NA,8,80.3236201810684
"229",34,1287,3,22,1,1,1,35.8,35.5,10,6,"Lattakia",35.78,35.53,"Sbeinati et al. 2005",8,7,7.5,3.78758970563188
"230",183,1293,1,11,NA,NA,NA,35.6,31.5,10,6,"",35.7,31.18,"Guidoboni & Comastri 2005",NA,NA,9,36.6922318021975
"231",183,1293,1,11,NA,NA,NA,35.6,31.5,10,6,"",34.9,31.95,"Guidoboni & Comastri 2005",NA,NA,8,82.9746454919479
"232",183,1293,1,11,NA,NA,NA,35.6,31.5,10,6,"",35.6,30.83,"Guidoboni & Comastri 2005",NA,NA,9.5,74.1932937634372
"233",183,1293,1,11,NA,NA,NA,35.6,31.5,10,6,"",34.87,31.93,"Guidoboni & Comastri 2005",NA,NA,8,83.9957108705048
"234",183,1293,1,11,NA,NA,NA,35.6,31.5,10,6,"",34.47,31.5,"Guidoboni & Comastri 2005",NA,NA,8,107.352178474817
"235",183,1293,1,11,NA,NA,NA,35.4,31.5,10,6,"",35.35,32.37,"Guidoboni & Comastri 2005",NA,NA,7,96.4700887933185
"236",37,1322,1,20,1,1,1,36.3,33.5,10,5.2,"Damascus",36.29,33.51,"Sbeinati et al. 2005",5,5,5,1.44591262261598
"237",38,1339,1,1,1,1,1,35.5,34.3,10,6.9,"Tripoli",35.83,34.44,"Sbeinati et al. 2005",7,7,7,34.0881367636029
"238",185,1344,1,3,NA,NA,NA,37.6,36.8,30,6.7,"",37.17,36.23,"Guidoboni & Comastri 2005",NA,NA,9,73.9978136162039
"239",185,1344,1,3,NA,NA,NA,37.6,36.8,30,6.7,"",37.2,36.3,"Guidoboni & Comastri 2005",NA,NA,9,65.9883473511814
"240",185,1344,1,3,NA,NA,NA,37.6,36.8,30,6.7,"",37.88,37.7,"Guidoboni & Comastri 2005",NA,NA,9,102.824112999997
"241",185,1344,1,3,NA,NA,NA,37.6,36.8,30,6.7,"",37.07,36.83,"Guidoboni & Comastri 2005",NA,NA,9,47.4069544645873
"242",185,1344,1,3,NA,NA,NA,37.6,36.8,30,6.7,"",37.98,37.05,"Guidoboni & Comastri 2005",NA,NA,9,43.7539812115592
"244",185,1344,1,3,NA,NA,NA,37.6,36.8,30,6.7,"",37.35,37.07,"Guidoboni & Comastri 2005",NA,NA,9,37.3085650307865
"246",185,1344,1,3,NA,NA,NA,37.6,36.8,30,6.7,"",37.95,36.52,"Guidoboni & Comastri 2005",NA,NA,9,44.0746860429602
"249",42,1404,2,20,1,1,1,36.2,35.7,30,7.2,"Qalaat Blatnes",36.1,35.54,"Sbeinati et al. 2005",8,8,8,19.912821049262
"250",42,1404,2,20,1,1,1,36.2,35.7,30,7.2,"Bkas",36.28,35.86,"Sbeinati et al. 2005",8,8,8,19.15163039754
"251",42,1404,2,20,1,1,1,36.2,35.7,30,7.2,"West of Aleppo",37.15,36.21,"Sbeinati et al. 2005",8,7,7.5,102.665577120278
"252",42,1404,2,20,1,1,1,36.2,35.7,30,7.2,"Qalaat Al-Marqeb",35.95,35.15,"Sbeinati et al. 2005",8,7,7.5,65.0446059876864
"253",42,1404,2,20,1,1,1,36.2,35.7,30,7.2,"Tripoli",35.83,34.44,"Sbeinati et al. 2005",7,7,7,143.650215077157
"254",42,1404,2,20,1,1,1,36.2,35.7,30,7.2,"Lattakia",35.78,35.53,"Sbeinati et al. 2005",7,7,7,42.4608129655858
"255",42,1404,2,20,1,1,1,36.2,35.7,30,7.2,"Jableh",35.97,35.16,"Sbeinati et al. 2005",7,7,7,63.3853993021151
"256",43,1404,11,5,1,1,1,37.2,36.2,30,4.8,"Aleppo",37.15,36.21,"Sbeinati et al. 2005",5,5,5,4.63108659185159
"257",44,1407,4,29,10,0,0,36.3,35.7,10,7,"Antioch",36.16,36.2,"Sbeinati et al. 2005",7,7,7,56.8394448080128
"258",45,1408,12,29,1,1,1,36.1,35.8,25,7.2,"Shugr",36.28,35.86,"Sbeinati et al. 2005",9,8,8.5,17.5711905672687
"259",45,1408,12,29,1,1,1,36.1,35.8,25,7.2,"Bkas",36.28,35.86,"Sbeinati et al. 2005",9,8,8.5,17.5711905672687
"260",45,1408,12,29,1,1,1,36.1,35.8,25,7.2,"Blatnes",36.1,35.54,"Sbeinati et al. 2005",8,8,8,28.8159527597683
"261",45,1408,12,29,1,1,1,36.1,35.8,25,7.2,"Lattakia",35.78,35.53,"Sbeinati et al. 2005",7,7,7,41.6524786905718
"262",45,1408,12,29,1,1,1,36.1,35.8,25,7.2,"Jableh",35.97,35.16,"Sbeinati et al. 2005",7,7,7,71.9033758795211
"263",45,1408,12,29,1,1,1,36.1,35.8,25,7.2,"Antioch",36.16,36.2,"Sbeinati et al. 2005",7,7,7,44.6639159006912
"264",186,1408,12,29,NA,NA,NA,36.6,35.7,25,7.2,"",36.28,35.83,"Guidoboni & Comastri 2005",NA,NA,10,32.3262008768566
"265",186,1408,12,29,NA,NA,NA,36.6,35.7,25,7.2,"",35.92,35.35,"Guidoboni & Comastri 2005",NA,NA,8,72.860076730499
"266",186,1408,12,29,NA,NA,NA,36.6,35.7,25,7.2,"",36.07,35.52,"Guidoboni & Comastri 2005",NA,NA,9,51.9996367012914
"268",186,1408,12,29,NA,NA,NA,36.6,35.7,25,7.2,"",35.78,35.52,"Guidoboni & Comastri 2005",NA,NA,8,76.9278437560954
"269",187,1458,11,8,NA,NA,NA,35.6,31.2,10,7.1,"",35.7,31.18,"Guidoboni & Comastri 2005",NA,NA,9,9.78535799707679
"270",187,1458,11,8,NA,NA,NA,35.6,31.2,10,7.1,"",35.23,31.77,"Guidoboni & Comastri 2005",NA,NA,7,72.2528805272745
"271",187,1458,11,8,NA,NA,NA,35.6,31.2,10,7.1,"",35.1,31.53,"Guidoboni & Comastri 2005",NA,NA,7.5,59.985621976445
"273",187,1458,11,8,NA,NA,NA,35,31.2,10,7.1,"",34.87,31.93,"Guidoboni & Comastri 2005",NA,NA,7.5,81.7799624000871
"274",46,1484,3,29,1,1,1,37.2,36.2,10,4.8,"Aleppo",37.15,36.21,"Sbeinati et al. 2005",6,5,5.5,4.63108659185159
"275",47,1491,4,24,19,1,1,32,35,10,6.8,"Nicosia",33.37,35.17,"Sbeinati et al. 2005",7,7,7,126.346590511695
"276",47,1491,4,24,19,1,1,32,35,10,6.8,"Limassol",33.02,34.71,"Sbeinati et al. 2005",7,7,7,98.6576126070835
"277",47,1491,4,24,19,1,1,32,35,10,6.8,"Famagusta",33.92,35.11,"Sbeinati et al. 2005",7,7,7,175.576815244061
"278",47,1491,4,24,19,1,1,32,35,10,6.8,"Paphos",32.38,34.74,"Sbeinati et al. 2005",7,7,7,45.1358415599889
"282",50,1546,1,14,11,1,1,35.3,32,10,6.1,"Nablus",35.26,32.23,"Sbeinati et al. 2005",7,6,6.5,25.7519700713488
"283",50,1546,1,14,11,1,1,35.3,32,10,6.1,"Damascus",36.29,33.51,"Sbeinati et al. 2005",5,5,5,191.263543846517
"284",50,1546,1,14,11,1,1,35.3,32,10,6.1,"Al-Quds",35.23,31.78,"Sbeinati et al. 2005",6,6,6,25.2491283858792
"285",50,1546,1,14,11,1,1,35.3,32,10,6.1,"Yafa",34.76,32.05,"Sbeinati et al. 2005",6,6,6,51.3120852223561
"288",53,1568,10,10,1,1,1,35.5,35.5,12,6.1,"Lattakia",35.78,35.53,"Sbeinati et al. 2005",7,7,7,25.6161759717294
"289",53,1568,10,10,1,1,1,35.5,35.5,12,6.1,"Famagusta",33.92,35.11,"Sbeinati et al. 2005",5,5,5,150.054940325417
"292",62,1626,1,21,1,1,1,37.1,36.5,20,7.1,"Aleppo",37.15,36.21,"Sbeinati et al. 2005",9,8,8.5,32.4569403143595
"293",62,1626,1,21,1,1,1,37.1,36.5,20,7.1,"Gaziantab",37.38,37.07,"Sbeinati et al. 2005",9,8,8.5,67.9504377514926
"294",62,1626,1,21,1,1,1,37.1,36.5,20,7.1,"Hama",36.75,35.13,"Sbeinati et al. 2005",7,6,6.5,155.101312660642
"296",65,1656,2,1,1,1,1,36.2,34.9,10,6.7,"Tripoli",35.83,34.44,"Sbeinati et al. 2005",7,7,7,61.2219227432989
"303",70,1705,11,24,1,1,1,36.6,33.7,35,6.8,"Yabroud",36.67,33.97,"Sbeinati et al. 2005",8,8,8,30.6073436499893
"304",70,1705,11,24,1,1,1,36.6,33.7,35,6.8,"Al-Qastal",36.7,33.93,"Sbeinati et al. 2005",8,8,8,27.1117099935959
"305",70,1705,11,24,1,1,1,36.6,33.7,35,6.8,"Damascus",36.29,33.51,"Sbeinati et al. 2005",7,7,7,35.6489415807951
"306",70,1705,11,24,1,1,1,36.6,33.7,35,6.8,"Tripoli",35.83,34.44,"Sbeinati et al. 2005",7,7,7,108.508193418392
"307",74,1726,4,15,1,1,1,36.6,36.3,15,6.1,"Jum",38.45,36.85,"Sbeinati et al. 2005",7,7,7,176.446749708431
"308",74,1726,4,15,1,1,1,36.6,36.3,15,6.1,"Aleppo",37.15,36.21,"Sbeinati et al. 2005",7,7,7,50.4263939385567
"311",76,1738,9,25,1,1,1,36.5,36.7,10,6.2,"Iskenderun",36.17,36.58,"Sbeinati et al. 2005",8,8,8,32.3710624194774
"312",76,1738,9,25,1,1,1,36.5,36.7,10,6.2,"Bellen Bass",36.23,36.48,"Sbeinati et al. 2005",8,7,7.5,34.3293222081574
"313",76,1738,9,25,1,1,1,36.5,36.7,10,6.2,"Antioch",36.16,36.2,"Sbeinati et al. 2005",7,7,7,63.2520261533814
"314",76,1738,9,25,1,1,1,36.5,36.7,10,6.2,"Jabal Al-Amanus",36.33,36.75,"Sbeinati et al. 2005",7,7,7,16.166141578964
"315",76,1738,9,25,1,1,1,36.5,36.7,10,6.2,"Aleppo",37.15,36.21,"Sbeinati et al. 2005",6,5,5.5,79.6566896704289
"316",76,1738,9,25,1,1,1,36.5,36.7,10,6.2,"Kelless",37.12,36.72,"Sbeinati et al. 2005",5,5,5,55.4403557354564
"318",77,1752,7,21,1,1,1,35.75,35.6,10,6.8,"Lattakia",35.78,35.53,"Sbeinati et al. 2005",7,7,7,8.22087492854728
"319",77,1752,7,21,1,1,1,35.75,35.6,10,6.8,"Tripoli",35.83,34.44,"Sbeinati et al. 2005",5,5,5,128.754431909772
"320",80,1759,10,30,34,50,0,35.6,33.1,10,6.6,"Al-Qunaytra",35.9,32.97,"Sbeinati et al. 2005",8,8,8,31.5082199378875
"321",80,1759,10,30,34,50,0,35.6,33.1,10,6.6,"Safad",35.5,32.96,"Sbeinati et al. 2005",7,7,7,18.1048372035824
"322",80,1759,10,30,34,50,0,35.6,33.1,10,6.6,"Acre",35.08,32.93,"Sbeinati et al. 2005",6,6,6,52.1090311137638
"323",80,1759,10,30,34,50,0,35.6,33.1,10,6.6,"An-Nasra",35.3,32.7,"Sbeinati et al. 2005",6,6,6,52.4502017169392
"324",80,1759,10,30,34,50,0,35.6,33.1,10,6.6,"Sidon",35.61,33.49,"Sbeinati et al. 2005",6,6,6,43.2142626518043
"325",80,1759,10,30,34,50,0,35.6,33.1,10,6.6,"Saasaa",36.02,33.28,"Sbeinati et al. 2005",6,6,6,43.9495727403831
"326",80,1759,10,30,34,50,0,35.6,33.1,10,6.6,"Damascus",36.29,33.51,"Sbeinati et al. 2005",5,5,5,78.6905767474313
"332",81,1759,11,25,19,23,0,35.9,33.7,10,7.4,"Baalbak",36.21,34,"Sbeinati et al. 2005",8,8,8,43.9067273307682
"333",81,1759,11,25,19,23,0,35.9,33.7,10,7.4,"Serghaya",36.15,33.8,"Sbeinati et al. 2005",8,8,8,25.6767140752114
"334",81,1759,11,25,19,23,0,35.9,33.7,10,7.4,"Zabadani",36.1,33.72,"Sbeinati et al. 2005",8,8,8,18.6714455012232
"335",81,1759,11,25,19,23,0,35.9,33.7,10,7.4,"Ras Baalbak",36.42,34.26,"Sbeinati et al. 2005",8,8,8,78.4755101613505
"336",81,1759,11,25,19,23,0,35.9,33.7,10,7.4,"Al-Qunaytra",35.9,32.97,"Sbeinati et al. 2005",8,8,8,80.8700600010108
"337",81,1759,11,25,19,23,0,35.9,33.7,10,7.4,"Damascus",36.29,33.51,"Sbeinati et al. 2005",8,7,7.5,41.8713843503537
"338",81,1759,11,25,19,23,0,35.9,33.7,10,7.4,"Beirut",35.5,33.89,"Sbeinati et al. 2005",8,7,7.5,42.6056166551831
"339",81,1759,11,25,19,23,0,35.9,33.7,10,7.4,"Sidon",35.61,33.49,"Sbeinati et al. 2005",8,7,7.5,35.5785891016988
"340",81,1759,11,25,19,23,0,35.9,33.7,10,7.4,"Safad",35.5,32.96,"Sbeinati et al. 2005",8,7,7.5,90.0400091309413
"341",81,1759,11,25,19,23,0,35.9,33.7,10,7.4,"Sur",35.2,33.27,"Sbeinati et al. 2005",8,7,7.5,80.6324909622827
"342",81,1759,11,25,19,23,0,35.9,33.7,10,7.4,"Tripoli",35.83,34.44,"Sbeinati et al. 2005",7,7,7,82.2435288172595
"343",81,1759,11,25,19,23,0,35.9,33.7,10,7.4,"Acre",35.08,32.93,"Sbeinati et al. 2005",7,7,7,114.483558814764
"344",81,1759,11,25,19,23,0,35.9,33.7,10,7.4,"Homs",36.72,34.77,"Sbeinati et al. 2005",7,6,6.5,140.577997105918
"345",81,1759,11,25,19,23,0,35.9,33.7,10,7.4,"Hama",36.75,35.13,"Sbeinati et al. 2005",7,6,6.5,176.667967550664
"346",81,1759,11,25,19,23,0,35.9,33.7,10,7.4,"An-Nasra",35.3,32.7,"Sbeinati et al. 2005",7,6,6.5,124.102220168183
"347",81,1759,11,25,19,23,0,35.9,33.7,10,7.4,"Hosn Al-Akrad",36.29,34.76,"Sbeinati et al. 2005",7,6,6.5,122.821024347203
"353",81,1759,11,25,19,23,0,35.9,33.7,10,7.4,"Tarba",36.77,32.8,"Sbeinati et al. 2005",5,5,5,128.502454677897
"354",88,1796,4,26,1,1,1,36.2,35.3,20,6.7,"Qalaat Al-Marqeb",35.95,35.15,"Sbeinati et al. 2005",8,8,8,28.1835500763505
"355",88,1796,4,26,1,1,1,36.2,35.3,20,6.7,"Al-Qadmous",36.16,35.1,"Sbeinati et al. 2005",8,8,8,22.4614168057484
"356",88,1796,4,26,1,1,1,36.2,35.3,20,6.7,"Nahr Al-Kabir",36.1,34.52,"Sbeinati et al. 2005",8,7,7.5,86.9168637343715
"357",88,1796,4,26,1,1,1,36.2,35.3,20,6.7,"Jableh",35.97,35.16,"Sbeinati et al. 2005",8,7,7.5,26.0591864847069
"358",88,1796,4,26,1,1,1,36.2,35.3,20,6.7,"Bkas",36.28,35.86,"Sbeinati et al. 2005",8,7,7.5,62.4861729552518
"359",88,1796,4,26,1,1,1,36.2,35.3,20,6.7,"Lattakia",35.78,35.53,"Sbeinati et al. 2005",7,7,7,45.8787384582672
"362",88,1796,4,26,1,1,1,36.2,35.3,20,6.7,"Tripoli",35.83,34.44,"Sbeinati et al. 2005",5,5,5,101.125557007652
"363",89,1802,1,1,1,1,1,36.2,34,10,6.1,"Baalbak",36.21,34,"Sbeinati et al. 2005",6,6,6,0.923847963552987
"364",91,1814,1,1,1,1,1,35.8,32.8,10,6,"Al-Laja",36.39,32.93,"Sbeinati et al. 2005",7,6,6.5,57.0677909736471
"365",93,1822,8,13,1,1,1,36.75,36.7,18,7.4,"Jisr Ash'Shoughour",36.32,35.81,"Sbeinati et al. 2005",9,9,9,105.949300742817
"367",93,1822,8,13,1,1,1,36.75,36.7,18,7.4,"Aleppo",37.15,36.21,"Sbeinati et al. 2005",9,8,8.5,65.0833521557989
"368",93,1822,8,13,1,1,1,36.75,36.7,18,7.4,"Darkoush",36.39,35.99,"Sbeinati et al. 2005",9,8,8.5,85.0766165231168
"369",93,1822,8,13,1,1,1,36.75,36.7,18,7.4,"Antioch",36.16,36.2,"Sbeinati et al. 2005",8,8,8,76.6115692576776
"370",93,1822,8,13,1,1,1,36.75,36.7,18,7.4,"Iskenderun",36.17,36.58,"Sbeinati et al. 2005",8,8,8,53.5475449417469
"371",93,1822,8,13,1,1,1,36.75,36.7,18,7.4,"Idleb",36.63,35.93,"Sbeinati et al. 2005",8,8,8,86.0279121429174
"372",93,1822,8,13,1,1,1,36.75,36.7,18,7.4,"Sarmeen",36.72,35.9,"Sbeinati et al. 2005",8,8,8,88.716329542029
"373",93,1822,8,13,1,1,1,36.75,36.7,18,7.4,"Kelless",37.12,36.72,"Sbeinati et al. 2005",8,8,8,33.1332026899638
"374",93,1822,8,13,1,1,1,36.75,36.7,18,7.4,"Armanaz",36.5,36.08,"Sbeinati et al. 2005",8,7,7.5,72.2919721127638
"375",93,1822,8,13,1,1,1,36.75,36.7,18,7.4,"Lattakia",35.78,35.53,"Sbeinati et al. 2005",7,7,7,156.344495826033
"377",93,1822,8,13,1,1,1,36.75,36.7,18,7.4,"Hama",36.75,35.13,"Sbeinati et al. 2005",7,7,7,174.01237650323
"378",93,1822,8,13,1,1,1,36.75,36.7,18,7.4,"Maraash",36.93,37.58,"Sbeinati et al. 2005",7,7,7,98.8611236346196
"379",93,1822,8,13,1,1,1,36.75,36.7,18,7.4,"Ram Hamadan",36.71,36.03,"Sbeinati et al. 2005",7,7,7,74.3533008765655
"380",93,1822,8,13,1,1,1,36.75,36.7,18,7.4,"Bennesh",36.71,35.96,"Sbeinati et al. 2005",7,7,7,82.1038107639768
"381",93,1822,8,13,1,1,1,36.75,36.7,18,7.4,"Maarret Missrin",36.67,36,"Sbeinati et al. 2005",7,7,7,77.9233105105683
"385",97,1837,1,1,1,1,1,35.5,33.3,10,7,"Safad",35.5,32.96,"Sbeinati et al. 2005",8,7,7.5,37.6640488741253
"386",97,1837,1,1,1,1,1,35.5,33.3,10,7,"Nablus",35.26,32.23,"Sbeinati et al. 2005",8,7,7.5,120.637186576018
"389",97,1837,1,1,1,1,1,35.5,33.3,10,7,"Tabariya",35.53,32.8,"Sbeinati et al. 2005",7,7,7,55.4583008965197
"390",97,1837,1,1,1,1,1,35.5,33.3,10,7,"Beirut",35.5,33.89,"Sbeinati et al. 2005",7,6,6.5,65.3639498824014
"391",97,1837,1,1,1,1,1,35.5,33.3,10,7,"Damascus",36.29,33.51,"Sbeinati et al. 2005",6,6,6,77.083007583441
"394",108,1872,4,3,7,45,1,36.4,36.4,10,7.2,"Harem",36.57,36.14,"Sbeinati et al. 2005",8,8,8,32.6172586252276
"395",108,1872,4,3,7,45,1,36.4,36.4,10,7.2,"Armanaz",36.5,36.08,"Sbeinati et al. 2005",8,8,8,36.5910001859154
"396",108,1872,4,3,7,45,1,36.4,36.4,10,7.2,"Buhyret Al-Amq",36.16,36.2,"Sbeinati et al. 2005",8,7,7.5,30.9217520253246
"397",108,1872,4,3,7,45,1,36.4,36.4,10,7.2,"Antioch",36.16,36.2,"Sbeinati et al. 2005",8,7,7.5,30.9217520253246
"398",108,1872,4,3,7,45,1,36.4,36.4,10,7.2,"Aleppo",37.15,36.21,"Sbeinati et al. 2005",7,7,7,70.5765953968732
"399",108,1872,4,3,7,45,1,36.4,36.4,10,7.2,"Suaidiya",35.92,36.12,"Sbeinati et al. 2005",7,7,7,53.140657500229
"400",108,1872,4,3,7,45,1,36.4,36.4,10,7.2,"Izaz",37.03,36.35,"Sbeinati et al. 2005",7,6,6.5,56.8038864250645
"401",108,1872,4,3,7,45,1,36.4,36.4,10,7.2,"Idleb",36.63,35.93,"Sbeinati et al. 2005",7,6,6.5,56.0550760046139
"402",108,1872,4,3,7,45,1,36.4,36.4,10,7.2,"Iskenderun",36.17,36.58,"Sbeinati et al. 2005",7,6,6.5,28.6848011025318
"408",116,1896,5,2,1,1,1,36,34,10,5.5,"Baalbak",36.21,34,"Sbeinati et al. 2005",5,5,5,19.4008038466555
"416",165,1927,7,22,2,45,46,35.5,31.8,15,6.1," Abu-Gosh",35.1,31.8,"Zohar & Marco 2012",NA,NA,6.5,37.8790606136883
"417",165,1927,7,22,2,45,46,35.5,31.8,15,6.1," Abu-Dis",35.26,31.76,"Zohar & Marco 2012",NA,NA,7.5,23.159941967742
"418",165,1927,7,22,2,45,46,35.5,31.8,15,6.1," Abu-Tlul",34.87,31.19,"Zohar & Marco 2012",NA,NA,5,90.2544081721916
"419",165,1927,7,22,2,45,46,35.5,31.8,15,6.1," Um-el-Fahm",35.15,32.51,"Zohar & Marco 2012",NA,NA,5.5,85.2867814260064
"420",165,1927,7,22,2,45,46,35.5,31.8,15,6.1," Um Juni",35.56,32.7,"Zohar & Marco 2012",NA,NA,7,99.8427601384683
"421",165,1927,7,22,2,45,46,35.5,31.8,15,6.1," El Hama",35.66,32.68,"Zohar & Marco 2012",NA,NA,7,98.6266931897133
"424",165,1927,7,22,2,45,46,35.5,31.8,15,6.1," A-Salt",35.72,32.04,"Zohar & Marco 2012",NA,NA,8.5,33.7552521958836
"425",165,1927,7,22,2,45,46,35.5,31.8,15,6.1," Irbid",35.85,32.56,"Zohar & Marco 2012",NA,NA,7.5,90.415286719142
"426",165,1927,7,22,2,45,46,35.5,31.8,15,6.1," A-Ram",35.23,31.85,"Zohar & Marco 2012",NA,NA,7,26.154391465799
"427",165,1927,7,22,2,45,46,35.5,31.8,15,6.1," Beer Sheva",34.8,31.24,"Zohar & Marco 2012",NA,NA,5,90.9199876204994
"428",165,1927,7,22,2,45,46,35.5,31.8,15,6.1," Bira",35.22,31.91,"Zohar & Marco 2012",NA,NA,7.5,29.1657262466501
"429",165,1927,7,22,2,45,46,35.5,31.8,15,6.1," Bet Alfa",35.42,32.51,"Zohar & Marco 2012",NA,NA,6,78.9983346135075
"430",165,1927,7,22,2,45,46,35.5,31.8,15,6.1," Bet Jala",35.18,31.72,"Zohar & Marco 2012",NA,NA,7.5,31.5843684808202
"431",165,1927,7,22,2,45,46,35.5,31.8,15,6.1," Bet Govrin",34.89,31.6,"Zohar & Marco 2012",NA,NA,6,61.9242298215118
"432",165,1927,7,22,2,45,46,35.5,31.8,15,6.1," Bet Gimal",34.97,31.72,"Zohar & Marco 2012",NA,NA,6.5,50.9869824147225
"433",165,1927,7,22,2,45,46,35.5,31.8,15,6.1," Bet HaKerem",35.2,31.78,"Zohar & Marco 2012",NA,NA,7,28.4985651895311
"434",165,1927,7,22,2,45,46,35.5,31.8,15,6.1," Bet Lehem",35.2,31.7,"Zohar & Marco 2012",NA,NA,7.5,30.5058083487234
"435",165,1927,7,22,2,45,46,35.5,31.8,15,6.1," Bet Likia",35.06,31.86,"Zohar & Marco 2012",NA,NA,6.5,42.180179013676
"436",165,1927,7,22,2,45,46,35.5,31.8,15,6.1," Bet Shean",35.5,32.49,"Zohar & Marco 2012",NA,NA,6,76.421792586657
"437",165,1927,7,22,2,45,46,35.5,31.8,15,6.1," Bet Sorik",35.15,31.82,"Zohar & Marco 2012",NA,NA,7,33.2145474735671
"438",165,1927,7,22,2,45,46,35.5,31.8,15,6.1," Binyamina",34.94,32.52,"Zohar & Marco 2012",NA,NA,5.5,95.6527231976473
"439",165,1927,7,22,2,45,46,35.5,31.8,15,6.1," Batir",35.14,31.73,"Zohar & Marco 2012",NA,NA,7,34.9739909827275
"440",165,1927,7,22,2,45,46,35.5,31.8,15,6.1," Gedera",34.77,31.81,"Zohar & Marco 2012",NA,NA,6,69.134342905291
"441",165,1927,7,22,2,45,46,35.5,31.8,15,6.1," Gimzoo",34.95,31.92,"Zohar & Marco 2012",NA,NA,7.5,53.719824077637
"442",165,1927,7,22,2,45,46,35.5,31.8,15,6.1," Jiftlik",35.48,32.14,"Zohar & Marco 2012",NA,NA,7,37.7033161689048
"443",165,1927,7,22,2,45,46,35.5,31.8,15,6.1," Jaljulia",34.95,32.15,"Zohar & Marco 2012",NA,NA,6,64.8461364031158
"444",165,1927,7,22,2,45,46,35.5,31.8,15,6.1," Genin",35.3,32.46,"Zohar & Marco 2012",NA,NA,6,75.4955501451954
"445",165,1927,7,22,2,45,46,35.5,31.8,15,6.1," Jeser Magmi",35.56,32.63,"Zohar & Marco 2012",NA,NA,7,92.1026973842748
"446",165,1927,7,22,2,45,46,35.5,31.8,15,6.1," Jeresh",35.9,32.28,"Zohar & Marco 2012",NA,NA,7,65.2191008659385
"447",165,1927,7,22,2,45,46,35.5,31.8,15,6.1," Gesher",35.55,32.62,"Zohar & Marco 2012",NA,NA,7,90.943438346692
"448",165,1927,7,22,2,45,46,35.5,31.8,15,6.1," Alenbi Bridge",35.54,31.87,"Zohar & Marco 2012",NA,NA,8,8.62775228873364
"449",165,1927,7,22,2,45,46,35.5,31.8,15,6.1," Bnot ￢ﾀﾓ Yaa'kov",35.63,33.01,"Zohar & Marco 2012",NA,NA,6.5,134.578297083807
"450",165,1927,7,22,2,45,46,35.5,31.8,15,6.1," Daharia",34.98,31.41,"Zohar & Marco 2012",NA,NA,6,65.5773312482322
"451",165,1927,7,22,2,45,46,35.5,31.8,15,6.1," Dir-a-Shech",35.07,31.74,"Zohar & Marco 2012",NA,NA,6.5,41.2715562500506
"453",165,1927,7,22,2,45,46,35.5,31.8,15,6.1," Daraa'",36.07,32.63,"Zohar & Marco 2012",NA,NA,6,106.48086545122
"454",165,1927,7,22,2,45,46,35.5,31.8,15,6.1," Zeitim Mountain",35.25,31.78,"Zohar & Marco 2012",NA,NA,7.5,23.780346012477
"455",165,1927,7,22,2,45,46,35.5,31.8,15,6.1," Toov Mountain",35.01,31.76,"Zohar & Marco 2012",NA,NA,6.5,46.6227549374416
"456",165,1927,7,22,2,45,46,35.5,31.8,15,6.1," Carmel Mountain",35.04,32.75,"Zohar & Marco 2012",NA,NA,6,113.795240461992
"457",165,1927,7,22,2,45,46,35.5,31.8,15,6.1," Zofim Mountain",35.25,31.8,"Zohar & Marco 2012",NA,NA,7.5,23.6744210189377
"458",165,1927,7,22,2,45,46,35.5,31.8,15,6.1," Herzelia",34.8,32.16,"Zohar & Marco 2012",NA,NA,5,77.2444019036282
"459",165,1927,7,22,2,45,46,35.5,31.8,15,6.1," Vadi Shueib",35.61,31.91,"Zohar & Marco 2012",NA,NA,8,16.0247210769082
"460",165,1927,7,22,2,45,46,35.5,31.8,15,6.1," Zarka",36.09,32.07,"Zohar & Marco 2012",NA,NA,7,63.2984839526327
"461",165,1927,7,22,2,45,46,35.5,31.8,15,6.1," Zichron Yaa'kov",34.94,32.57,"Zohar & Marco 2012",NA,NA,5.5,100.308847604233
"462",165,1927,7,22,2,45,46,35.5,31.8,15,6.1," Zarka Maein",35.73,31.68,"Zohar & Marco 2012",NA,NA,7.5,25.5267283291358
"463",165,1927,7,22,2,45,46,35.5,31.8,15,6.1," Hebron",35.1,31.53,"Zohar & Marco 2012",NA,NA,7,48.3018160480268
"464",165,1927,7,22,2,45,46,35.5,31.8,15,6.1," Haifa",35,32.81,"Zohar & Marco 2012",NA,NA,6,121.373289389244
"465",165,1927,7,22,2,45,46,35.5,31.8,15,6.1," Tabha",35.53,32.87,"Zohar & Marco 2012",NA,NA,6.5,118.546996375236
"466",165,1927,7,22,2,45,46,35.5,31.8,15,6.1," Tiberias",35.54,32.78,"Zohar & Marco 2012",NA,NA,6.5,108.609393171548
"467",165,1927,7,22,2,45,46,35.5,31.8,15,6.1," Tool-Karem",35.02,32.3,"Zohar & Marco 2012",NA,NA,6,71.5649960997527
"468",165,1927,7,22,2,45,46,35.5,31.8,15,6.1," Tapila",35.61,30.84,"Zohar & Marco 2012",NA,NA,5,106.824130147805
"469",165,1927,7,22,2,45,46,35.5,31.8,15,6.1," Yalo",35.02,31.83,"Zohar & Marco 2012",NA,NA,7,45.5687964670612
"470",165,1927,7,22,2,45,46,35.5,31.8,15,6.1," Yavne",34.75,31.87,"Zohar & Marco 2012",NA,NA,6,71.4183441996774
"471",165,1927,7,22,2,45,46,35.5,31.8,15,6.1," Jafa",34.75,32.06,"Zohar & Marco 2012",NA,NA,5.5,76.5459355521184
"472",165,1927,7,22,2,45,46,35.5,31.8,15,6.1," Jerusalem",35.22,31.78,"Zohar & Marco 2012",NA,NA,7,26.6105456323892
"473",165,1927,7,22,2,45,46,35.5,31.8,15,6.1," Armon-HaNatziv",35.25,31.74,"Zohar & Marco 2012",NA,NA,7.5,24.5966155910628
"474",165,1927,7,22,2,45,46,35.5,31.8,15,6.1," Holly Mountain",35.24,31.78,"Zohar & Marco 2012",NA,NA,7.5,24.7234646687943
"475",165,1927,7,22,2,45,46,35.5,31.8,15,6.1," Jericho",35.45,31.86,"Zohar & Marco 2012",NA,NA,8,8.15842713173475
"476",165,1927,7,22,2,45,46,35.5,31.8,15,6.1," Jru. ￢ﾀﾓ Jericho Road 1",35.4,31.8,"Zohar & Marco 2012",NA,NA,8,9.46977015980591
"477",165,1927,7,22,2,45,46,35.5,31.8,15,6.1," Jre. ￢ﾀﾓ Jericho Road 2",35.41,31.81,"Zohar & Marco 2012",NA,NA,7.5,8.59399067527981
"478",165,1927,7,22,2,45,46,35.5,31.8,15,6.1," Amman ￢ﾀﾓ Jordan Road",35.64,31.82,"Zohar & Marco 2012",NA,NA,8,13.4400203462223
"479",165,1927,7,22,2,45,46,35.5,31.8,15,6.1," Michmach Village",35.27,31.86,"Zohar & Marco 2012",NA,NA,7.5,22.7648068793009
"480",165,1927,7,22,2,45,46,35.5,31.8,15,6.1," Shiloach Village",35.24,31.76,"Zohar & Marco 2012",NA,NA,7.5,25.0219503062548
"481",165,1927,7,22,2,45,46,35.5,31.8,15,6.1," Kafaringi",35.7,32.29,"Zohar & Marco 2012",NA,NA,8,57.4628231909952
"482",165,1927,7,22,2,45,46,35.5,31.8,15,6.1," Karach",35.69,31.18,"Zohar & Marco 2012",NA,NA,6.5,70.9939604453134
"483",165,1927,7,22,2,45,46,35.5,31.8,15,6.1," Lod",34.89,31.95,"Zohar & Marco 2012",NA,NA,7,60.0618597611888
"484",165,1927,7,22,2,45,46,35.5,31.8,15,6.1," Migdal",35.5,32.84,"Zohar & Marco 2012",NA,NA,5,115.190221764865
"485",165,1927,7,22,2,45,46,35.5,31.8,15,6.1," Migdal Yava",34.95,32.08,"Zohar & Marco 2012",NA,NA,5.5,60.5486370268905
"486",165,1927,7,22,2,45,46,35.5,31.8,15,6.1," Midba",35.79,31.73,"Zohar & Marco 2012",NA,NA,7,28.5454902497945
"487",165,1927,7,22,2,45,46,35.5,31.8,15,6.1," Moza",35.16,31.79,"Zohar & Marco 2012",NA,NA,7.5,32.2179799026653
"488",165,1927,7,22,2,45,46,35.5,31.8,15,6.1," Maa'n",35.72,30.19,"Zohar & Marco 2012",NA,NA,5,179.513658031156
"489",165,1927,7,22,2,45,46,35.5,31.8,15,6.1," Maa'yan Elisha",35.43,31.87,"Zohar & Marco 2012",NA,NA,7.5,10.1984577084024
"490",165,1927,7,22,2,45,46,35.5,31.8,15,6.1," Mrar",35.4,32.88,"Zohar & Marco 2012",NA,NA,7,119.990907950765
"491",165,1927,7,22,2,45,46,35.5,31.8,15,6.1," Masada",35.36,31.31,"Zohar & Marco 2012",NA,NA,8,55.8689000088321
"492",165,1927,7,22,2,45,46,35.5,31.8,15,6.1," Merhavia",35.31,32.59,"Zohar & Marco 2012",NA,NA,6.5,89.3134160187451
"493",165,1927,7,22,2,45,46,35.5,31.8,15,6.1," Mar-sava",35.34,31.71,"Zohar & Marco 2012",NA,NA,7.5,18.1422040643505
"494",165,1927,7,22,2,45,46,35.5,31.8,15,6.1," Meslovia",35.63,31.76,"Zohar & Marco 2012",NA,NA,8,13.0859629588324
"495",165,1927,7,22,2,45,46,35.5,31.8,15,6.1," Nabi ￢ﾀﾓ Musa",35.43,31.78,"Zohar & Marco 2012",NA,NA,8,6.98977397144174
"496",165,1927,7,22,2,45,46,35.5,31.8,15,6.1," Nahalal",35.19,32.68,"Zohar & Marco 2012",NA,NA,6,101.751571126986
"497",165,1927,7,22,2,45,46,35.5,31.8,15,6.1," Naharia",35.09,33.01,"Zohar & Marco 2012",NA,NA,6,139.46078728359
"498",165,1927,7,22,2,45,46,35.5,31.8,15,6.1," Sorek River",34.87,31.8,"Zohar & Marco 2012",NA,NA,6.5,59.6594706536376
"499",165,1927,7,22,2,45,46,35.5,31.8,15,6.1," Nes-Ziona",34.8,31.92,"Zohar & Marco 2012",NA,NA,7,67.5653012228199
"500",165,1927,7,22,2,45,46,35.5,31.8,15,6.1," Nazeret",35.3,32.7,"Zohar & Marco 2012",NA,NA,7,101.448496377586
"501",165,1927,7,22,2,45,46,35.5,31.8,15,6.1," Salfit",35.18,32.08,"Zohar & Marco 2012",NA,NA,7,43.3260755328817
"502",165,1927,7,22,2,45,46,35.5,31.8,15,6.1," Sweida",36.58,32.7,"Zohar & Marco 2012",NA,NA,7,142.456903416795
"503",165,1927,7,22,2,45,46,35.5,31.8,15,6.1," Abadia",35.55,32.68,"Zohar & Marco 2012",NA,NA,7,97.5810355670193
"504",165,1927,7,22,2,45,46,35.5,31.8,15,6.1," Ajloon",35.74,32.33,"Zohar & Marco 2012",NA,NA,8,62.9224824609304
"505",165,1927,7,22,2,45,46,35.5,31.8,15,6.1," Gaza",34.46,31.5,"Zohar & Marco 2012",NA,NA,6.5,104.088306293635
"506",165,1927,7,22,2,45,46,35.5,31.8,15,6.1," Azraa'",36.24,32.85,"Zohar & Marco 2012",NA,NA,6,135.57163658174
"507",165,1927,7,22,2,45,46,35.5,31.8,15,6.1," Atara",35.2,32,"Zohar & Marco 2012",NA,NA,7,35.9995656297486
"508",165,1927,7,22,2,45,46,35.5,31.8,15,6.1," Ein-el-Kelt",35.37,31.83,"Zohar & Marco 2012",NA,NA,7.5,12.7492312370274
"509",165,1927,7,22,2,45,46,35.5,31.8,15,6.1," Ein Dok",35.43,31.88,"Zohar & Marco 2012",NA,NA,7.5,11.0635501977304
"510",165,1927,7,22,2,45,46,35.5,31.8,15,6.1," Ein Harod",35.39,32.56,"Zohar & Marco 2012",NA,NA,6,84.8120707295765
"511",165,1927,7,22,2,45,46,35.5,31.8,15,6.1," Ein Karem",35.17,31.77,"Zohar & Marco 2012",NA,NA,7,31.4313649624727
"512",165,1927,7,22,2,45,46,35.5,31.8,15,6.1," Ein Musa",35.73,31.76,"Zohar & Marco 2012",NA,NA,7,22.2309877880855
"513",165,1927,7,22,2,45,46,35.5,31.8,15,6.1," Ein Kinia",35.15,31.93,"Zohar & Marco 2012",NA,NA,7,36.1148218962626
"514",165,1927,7,22,2,45,46,35.5,31.8,15,6.1," Ein Fara'",35.35,32.29,"Zohar & Marco 2012",NA,NA,7,56.0881345933264
"515",165,1927,7,22,2,45,46,35.5,31.8,15,6.1," Aco",35.07,32.93,"Zohar & Marco 2012",NA,NA,6,131.539386715434
"516",165,1927,7,22,2,45,46,35.5,31.8,15,6.1," Anab",34.93,31.39,"Zohar & Marco 2012",NA,NA,6,70.6258312803344
"517",165,1927,7,22,2,45,46,35.5,31.8,15,6.1," Afula",35.28,32.6,"Zohar & Marco 2012",NA,NA,6.5,91.0013982889826
"519",165,1927,7,22,2,45,46,35.5,31.8,15,6.1," Ekron",34.83,31.85,"Zohar & Marco 2012",NA,NA,6.5,63.6715139542253
"521",165,1927,7,22,2,45,46,35.5,31.8,15,6.1," Petah Tikva",34.9,32.1,"Zohar & Marco 2012",NA,NA,5.5,65.7404194781356
"522",165,1927,7,22,2,45,46,35.5,31.8,15,6.1," Tzemach",35.58,32.71,"Zohar & Marco 2012",NA,NA,7,101.071720996161
"523",165,1927,7,22,2,45,46,35.5,31.8,15,6.1," Safed",35.49,32.96,"Zohar & Marco 2012",NA,NA,6.5,128.486285065658
"524",165,1927,7,22,2,45,46,35.5,31.8,15,6.1," Tzora",34.98,31.77,"Zohar & Marco 2012",NA,NA,6.5,49.3626471353131
"525",165,1927,7,22,2,45,46,35.5,31.8,15,6.1," Kabab",34.75,31.89,"Zohar & Marco 2012",NA,NA,7,71.6850085102411
"528",165,1927,7,22,2,45,46,35.5,31.8,15,6.1," Kalkilia",34.96,32.19,"Zohar & Marco 2012",NA,NA,5.5,66.8550497851576
"529",165,1927,7,22,2,45,46,35.5,31.8,15,6.1," Kiriat Anavim",35.12,31.81,"Zohar & Marco 2012",NA,NA,7,36.0002102539597
"530",165,1927,7,22,2,45,46,35.5,31.8,15,6.1," Rammala",35.2,31.9,"Zohar & Marco 2012",NA,NA,7.5,30.4773777242565
"531",165,1927,7,22,2,45,46,35.5,31.8,15,6.1," Rosh Ha'ayin",34.92,32.1,"Zohar & Marco 2012",NA,NA,6,64.1159368062892
"532",165,1927,7,22,2,45,46,35.5,31.8,15,6.1," Amman",35.93,31.95,"Zohar & Marco 2012",NA,NA,8.5,43.9477514659969
"533",165,1927,7,22,2,45,46,35.5,31.8,15,6.1," Rehovot",34.81,31.9,"Zohar & Marco 2012",NA,NA,6.5,66.2384760328716
"534",165,1927,7,22,2,45,46,35.5,31.8,15,6.1," Reina",35.3,32.72,"Zohar & Marco 2012",NA,NA,7.5,103.625728270489
"535",165,1927,7,22,2,45,46,35.5,31.8,15,6.1," Ramle",34.87,31.92,"Zohar & Marco 2012",NA,NA,7,61.0840949482364
"536",165,1927,7,22,2,45,46,35.5,31.8,15,6.1," Ramat Yishai",35.17,32.7,"Zohar & Marco 2012",NA,NA,5,104.420349017549
"537",165,1927,7,22,2,45,46,35.5,31.8,15,6.1," Ramat Rachel",35.21,31.74,"Zohar & Marco 2012",NA,NA,7.5,28.2633988196034
"538",165,1927,7,22,2,45,46,35.5,31.8,15,6.1," Refidie",35.23,32.22,"Zohar & Marco 2012",NA,NA,8,53.0521895282643
"539",165,1927,7,22,2,45,46,35.5,31.8,15,6.1," Shunam",35.33,32.6,"Zohar & Marco 2012",NA,NA,6.5,90.0439281703309
"540",165,1927,7,22,2,45,46,35.5,31.8,15,6.1," Borochov Nei.",34.81,32.07,"Zohar & Marco 2012",NA,NA,5.5,71.7718850383274
"541",165,1927,7,22,2,45,46,35.5,31.8,15,6.1," Nablus",35.25,32.21,"Zohar & Marco 2012",NA,NA,8,51.1853839522271
"542",165,1927,7,22,2,45,46,35.5,31.8,15,6.1," Tel Aviv",34.77,32.07,"Zohar & Marco 2012",NA,NA,5.5,75.2268389885267
"543",165,1927,7,22,2,45,46,35.5,31.8,15,6.1," Tel Yosef",35.39,32.53,"Zohar & Marco 2012",NA,NA,6,81.5153179715091
"544",165,1927,7,22,2,45,46,35.5,31.8,15,6.1," Dead sea North 1",35.53,31.76,"Zohar & Marco 2012",NA,NA,8.5,5.26294674967677
"545",165,1927,7,22,2,45,46,35.5,31.8,15,6.1," Dead sea North 2",35.46,31.73,"Zohar & Marco 2012",NA,NA,8.5,8.62891585161576
"546",165,1927,7,22,2,45,46,35.5,31.8,15,6.1," Dead sea North 3",35.5,31.74,"Zohar & Marco 2012",NA,NA,8.5,6.64491218473844
"547",165,1927,7,22,2,45,46,35.5,31.8,15,6.1," Jordan Bank",35.54,31.83,"Zohar & Marco 2012",NA,NA,8.5,5.03808291726518
"548",165,1927,7,22,2,45,46,35.5,31.8,15,6.1," Yarmuch fall",35.67,32.68,"Zohar & Marco 2012",NA,NA,7,98.7751693098432
"607",166,1995,11,22,4,15,1,34.8,28.8,10,7.2,"",33.34,30.05,"Al-Tarazi 2000",NA,NA,6,198.034922815516
"608",166,1995,11,22,4,15,1,34.8,28.8,10,7.2,"",34.44,29.95,"Al-Tarazi 2000",NA,NA,7,132.015918459027
"609",166,1995,11,22,4,15,1,34.8,28.8,10,7.2,"",33.34,29.85,"Al-Tarazi 2000",NA,NA,6,183.357352970919
"610",166,1995,11,22,4,15,1,34.8,28.8,10,7.2,"",34.34,29.75,"Al-Tarazi 2000",NA,NA,7,114.269909451104
"611",166,1995,11,22,4,15,1,34.8,28.8,10,7.2,"",34.34,29.65,"Al-Tarazi 2000",NA,NA,7,104.18090349365
"614",166,1995,11,22,4,15,1,34.8,28.8,10,7.2,"",34.64,29.45,"Al-Tarazi 2000",NA,NA,8,73.6178712458377
"615",166,1995,11,22,4,15,1,34.8,28.8,10,7.2,"",34.14,29.35,"Al-Tarazi 2000",NA,NA,7,88.5226044700615
"616",166,1995,11,22,4,15,1,34.8,28.8,10,7.2,"",32.94,29.25,"Al-Tarazi 2000",NA,NA,5,187.912208671263
"617",166,1995,11,22,4,15,1,34.8,28.8,10,7.2,"",35.94,29.25,"Al-Tarazi 2000",NA,NA,7,121.712259039286
"618",166,1995,11,22,4,15,1,34.8,28.8,10,7.2,"",35.24,29.15,"Al-Tarazi 2000",NA,NA,8,57.7921019084227
"619",166,1995,11,22,4,15,1,34.8,28.8,10,7.2,"",34.64,29.05,"Al-Tarazi 2000",NA,NA,9,31.7677889533667
"621",166,1995,11,22,4,15,1,34.8,28.8,10,7.2,"",35.84,28.95,"Al-Tarazi 2000",NA,NA,7,102.807372287701
"622",166,1995,11,22,4,15,1,34.8,28.8,10,7.2,"",34.64,28.85,"Al-Tarazi 2000",NA,NA,9,16.5681032119167
"624",166,1995,11,22,4,15,1,34.8,28.8,10,7.2,"",35.14,28.75,"Al-Tarazi 2000",NA,NA,8,33.6588267322658
"625",166,1995,11,22,4,15,1,34.8,28.8,10,7.2,"",33.54,28.65,"Al-Tarazi 2000",NA,NA,6,124.210611397358
"627",166,1995,11,22,4,15,1,34.8,28.8,10,7.2,"",34.74,28.55,"Al-Tarazi 2000",NA,NA,9,28.2863844386905
"628",166,1995,11,22,4,15,1,34.8,28.8,10,7.2,"",33.04,28.45,"Al-Tarazi 2000",NA,NA,5,176.411855462414
"630",166,1995,11,22,4,15,1,34.8,28.8,10,7.2,"",34.84,28.35,"Al-Tarazi 2000",NA,NA,8,49.9618623831345
"631",166,1995,11,22,4,15,1,34.8,28.8,10,7.2,"",33.14,28.25,"Al-Tarazi 2000",NA,NA,5,173.509592895966
"632",166,1995,11,22,4,15,1,34.8,28.8,10,7.2,"",36.24,28.25,"Al-Tarazi 2000",NA,NA,6,153.531174811196
"633",166,1995,11,22,4,15,1,34.8,28.8,10,7.2,"",33.74,28.15,"Al-Tarazi 2000",NA,NA,6,126.295535073942
"635",166,1995,11,22,4,15,1,34.8,28.8,10,7.2,"",34.24,28.05,"Al-Tarazi 2000",NA,NA,7,99.5035590043566
"636",166,1995,11,22,4,15,1,34.8,28.8,10,7.2,"",33.24,27.95,"Al-Tarazi 2000",NA,NA,5,179.529932189249
"638",166,1995,11,22,4,15,1,34.8,28.8,10,7.2,"",33.94,27.85,"Al-Tarazi 2000",NA,NA,6,134.788127091465
"640",166,1995,11,22,4,15,1,34.8,28.8,10,7.2,"",35.74,27.75,"Al-Tarazi 2000",NA,NA,6,148.358407137569
"642",166,1995,11,22,4,15,1,34.8,28.8,10,7.2,"",36.34,27.65,"Al-Tarazi 2000",NA,NA,5,197.605587389306
"643",166,1995,11,22,4,15,1,34.8,28.8,10,7.2,"",34.54,27.55,"Al-Tarazi 2000",NA,NA,6,140.68317646749
"644",166,1995,11,22,4,15,1,34.8,28.8,10,7.2,"",36.24,27.55,"Al-Tarazi 2000",NA,NA,5,197.825792444326
"645",166,1995,11,22,4,15,1,34.8,28.8,10,7.2,"",34.94,27.45,"Al-Tarazi 2000",NA,NA,6,150.045273263768
"646",166,1995,11,22,4,15,1,34.8,28.8,10,7.2,"",33.94,27.35,"Al-Tarazi 2000",NA,NA,5,181.379644797301
"647",166,1995,11,22,4,15,1,34.8,28.8,10,7.2,"",33.94,27.25,"Al-Tarazi 2000",NA,NA,5,191.257207931572
"650",166,1995,11,22,4,15,1,34.8,28.8,10,7.2,"",34.94,27.05,"Al-Tarazi 2000",NA,NA,5,194.167196088303
