EventID,date,year,month,day,hour,minute,second,epi_lon,epi_lat,depth,magnitude,Intensity location,lon,lat,Intensity (EMS-92),Note,Source,Conservative Int,Least Int,MeanInt,R_epi
6,-65,-64,1,1,1,1,1,36.1,36.2,,7.4,Antioch,36.16,36.2,07-Aug,,SBEI2005,8,8,8,5.533258069
6,-65,-64,1,1,1,1,1,36.1,36.2,,7.4,Al-Quds,35.23,31.78,6,,SBEI2005,6,6,6,498.1169722
6,-65,-64,1,1,1,1,1,36.1,36.2,,7.4,Salamis,33.9,35.18,03-Apr,,SBEI2005,4,3,3.5,228.581004
6,-65,-64,1,1,1,1,1,36.1,36.2,,7.4,Famagusta,33.92,35.11,03-Apr,,SBEI2005,4,3,3.5,231.0251361
127,37,37,1,1,1,1,1,36.3,36,,6.2,Antioch,36.16,36.2,07-Aug,,SBEI2005,8,7,7.5,25.13222025
127,37,37,1,1,1,1,1,36.3,36,,6.2,Dafneh,35.65,34.02,7,,SBEI2005,7,7,7,227.853769
127,37,37,1,1,1,1,1,36.3,36,,6.2,Al-Quds,35.23,31.78,4,,SBEI2005,4,4,4,479.6467488
138,53,53,1,1,1,1,1,36.5,36.2,30,6.6,Antioch,36.16,36.2,07-Aug,Map in SBEI,SBEI2005,8,7,7.5,30.37693926
138,53,53,1,1,1,1,1,36.5,36.2,30,6.6,Afamia,36.58,35.06,06-Jul,Map in SBEI,SBEI2005,7,6,6.5,127.1060086
138,53,53,1,1,1,1,1,36.5,36.2,30,6.6,Manbej,37.95,36.53,06-Jul,Map in SBEI,SBEI2005,7,6,6.5,135.0162218
138,53,53,1,1,1,1,1,36.5,36.2,30,6.6,Lattakia,35.78,35.53,06-Jul,Map in SBEI,SBEI2005,7,6,6.5,98.79132515
27,115/12/13,115,12,13,1,1,1,36.1,36.1,,7.3,Antioch,36.16,36.2,7,,SBEI2005,7,7,7,12.05497579
27,115/12/13,115,12,13,1,1,1,36.1,36.1,,7.3,Eleyah,36.16,36.2,06-Jul,,SBEI2005,7,6,6.5,12.05497579
27,115/12/13,115,12,13,1,1,1,36.1,36.1,,7.3,Mirana,36.16,36.2,06-Jul,,SBEI2005,7,6,6.5,12.05497579
27,115/12/13,115,12,13,1,1,1,36.1,36.1,,7.3,Rhodos,28.22,36.43,4,,SBEI2005,4,4,4,707.4707355
123,303-304,303,1,1,1,1,1,34.3,33.8,20,7.1,Sidon,35.61,33.49,8,,SBEI2005,8,8,8,125.8951015
123,303-304,303,1,1,1,1,1,34.3,33.8,20,7.1,Tyre,35.2,33.27,8,,SBEI2005,8,8,8,102.2405432
123,303-304,303,1,1,1,1,1,34.3,33.8,20,7.1,Al-Quds,35.23,31.78,03-Apr,,SBEI2005,4,3,3.5,241.0460662
124,341,341,1,1,1,1,1,36.1,36.2,,6.1,Antioch,36.16,36.2,06-Jul,,SBEI2005,7,6,6.5,5.533258069
124,341,341,1,1,1,1,1,36.1,36.2,,6.1,Beirut,35.5,33.89,7,,SBEI2005,7,7,7,262.8366652
126,363/05/18-19,363,5,19,1,1,1,35.4,31.5,,7.4,Panyas,35.69,33.25,7,,SBEI2005,7,7,7,196.1028937
129,450-457/09,457,9,14,1,1,1,36.1,36.1,,6.3,Tripoli,35.83,34.44,06-Jul,,SBEI2005,7,6,6.5,186.4042536
133,494,494,1,1,1,1,1,36.3,35.8,25,6.5,Antioch,36.16,36.2,7,,SBEI2005,7,7,7,45.80158968
133,494,494,1,1,1,1,1,36.3,35.8,25,6.5,Tripoli,35.83,34.44,06-Jul,,SBEI2005,7,6,6.5,157.3338683
133,494,494,1,1,1,1,1,36.3,35.8,25,6.5,Lattakia,35.78,35.53,06-Jul,,SBEI2005,7,6,6.5,55.75054144
133,494,494,1,1,1,1,1,36.3,35.8,25,6.5,Beirut,35.5,33.89,5,,SBEI2005,5,5,5,224.8557631
134,502/08/22,502,8,22,1,1,1,34.8,33,30,7.2,Akka,35.08,32.93,8,,SBEI2005,8,8,8,27.40219254
134,502/08/22,502,8,22,1,1,1,34.8,33,30,7.2,Tyre,35.2,33.27,07-Aug,,SBEI2005,8,7,7.5,48.19073725
134,502/08/22,502,8,22,1,1,1,34.8,33,30,7.2,Sidon,35.61,33.49,07-Aug,,SBEI2005,8,7,7.5,92.45328462
134,502/08/22,502,8,22,1,1,1,34.8,33,30,7.2,Beirut,35.5,33.89,7,,SBEI2005,7,7,7,118.0145466
134,502/08/22,502,8,22,1,1,1,34.8,33,30,7.2,Safad,35.5,32.96,6,,SBEI2005,6,6,6,65.03788527
134,502/08/22,502,8,22,1,1,1,34.8,33,30,7.2,Reina,35.32,32.72,6,,SBEI2005,6,6,6,57.19502139
136,526/05/20-29,526,5,20,1,1,1,36.1,36.2,,6.8,Antioch,36.16,36.2,8,,SBEI2005,8,8,8,5.533258069
136,526/05/20-29,526,5,20,1,1,1,36.1,36.2,,6.8,Dafneh,35.65,34.02,7,,SBEI2005,7,7,7,245.6658817
136,526/05/20-29,526,5,20,1,1,1,36.1,36.2,,6.8,Seleucea,35.92,36.12,7,,SBEI2005,7,7,7,18.07666888
137,528/11/29,528,11,29,1,1,1,36.1,36.2,,6.9,Antioch,36.16,36.2,07-Aug,,SBEI2005,8,7,7.5,5.533258069
137,528/11/29,528,11,29,1,1,1,36.1,36.2,,6.9,Lattakia,35.78,35.53,06-Jul,,SBEI2005,7,6,6.5,79.88633346
139,531-534,531,1,1,1,1,1,37.2,35.5,15,6.5,Homs,36.72,34.77,06-Jul,,SBEI2005,7,6,6.5,92.22934653
139,531-534,531,1,1,1,1,1,37.2,35.5,15,6.5,Aleppo,37.15,36.21,06-Jul,,SBEI2005,7,6,6.5,79.27759735
139,531-534,531,1,1,1,1,1,37.2,35.5,15,6.5,Antioch,36.16,36.2,6,,SBEI2005,6,6,6,121.4772561
140,551/07/09,551,7,9,1,1,1,35.5,33.9,15,7.2,Beirut,35.5,33.89,09-Oct,,SBEI2005,10,9,9.5,1.331341347
140,551/07/09,551,7,9,1,1,1,35.5,33.9,15,7.2,Sur,35.2,33.27,09-Oct,,SBEI2005,10,9,9.5,75.02829123
140,551/07/09,551,7,9,1,1,1,35.5,33.9,15,7.2,Tripoli,35.83,34.44,09-Oct,,SBEI2005,10,9,9.5,67.12974569
140,551/07/09,551,7,9,1,1,1,35.5,33.9,15,7.2,Byblus,35.65,34.12,09-Oct,,SBEI2005,10,9,9.5,28.47751495
140,551/07/09,551,7,9,1,1,1,35.5,33.9,15,7.2,Al-Batron,35.66,34.25,09-Oct,,SBEI2005,10,9,9.5,41.73874436
140,551/07/09,551,7,9,1,1,1,35.5,33.9,15,7.2,Shaqa,35.73,34.32,09-Oct,,SBEI2005,10,9,9.5,51.6574803
140,551/07/09,551,7,9,1,1,1,35.5,33.9,15,7.2,Sarfand,35.29,33.45,07-Aug,,SBEI2005,8,7,7.5,53.50098855
140,551/07/09,551,7,9,1,1,1,35.5,33.9,15,7.2,Sidon,35.61,33.49,07-Aug,,SBEI2005,8,7,7.5,47.08240657
140,551/07/09,551,7,9,1,1,1,35.5,33.9,15,7.2,Arwad,36.09,34.4,03-Apr,,SBEI2005,4,3,3.5,77.63995722
143,565-571,565,1,1,1,1,1,36.2,36,30,6.1,Antioch,36.16,36.2,06-Jul,,SBEI2005,7,6,6.5,22.10763834
143,565-571,565,1,1,1,1,1,36.2,36,30,6.1,Seleucea,35.92,36.12,06-Jul,,SBEI2005,7,6,6.5,28.54037935
143,565-571,565,1,1,1,1,1,36.2,36,30,6.1,Anazrabo,35.91,37.26,6,,SBEI2005,6,6,6,142.972672
143,565-571,565,1,1,1,1,1,36.2,36,30,6.1,Orfa,38.8,37.16,4,,SBEI2005,4,4,4,265.2843823
148,713/02/28,713,3,20,1,1,1,36,36,,6.8,Antioch,36.16,36.2,06-Jul,,SBEI2005,7,6,6.5,26.21693701
148,713/02/28,713,3,20,1,1,1,36,36,,6.8,Aleppo,37.15,36.21,06-Jul,,SBEI2005,7,6,6.5,105.7235002
148,713/02/28,713,3,20,1,1,1,36,36,,6.8,Kennesreen,37,36,06-Jul,,SBEI2005,7,6,6.5,89.7842372
150,747/01/18,747,1,18,1,1,1,35.6,32.5,25,7.2,Mount Tabor,35.39,32.69,07-Sep,Possibly 2 South and North,SBEI2005,9,7,8,28.60994215
150,747/01/18,747,1,18,1,1,1,35.6,32.5,25,7.2,Baalbak,36.21,34,8,Possibly 2 South and North,SBEI2005,8,8,8,176.6973896
150,747/01/18,747,1,18,1,1,1,35.6,32.5,25,7.2,Bosra,36.47,32.52,7,Possibly 2 South and North,SBEI2005,7,7,7,82.0057601
150,747/01/18,747,1,18,1,1,1,35.6,32.5,25,7.2,Nawa,36.04,32.89,8,Possibly 2 South and North,SBEI2005,8,8,8,59.90722335
150,747/01/18,747,1,18,1,1,1,35.6,32.5,25,7.2,Balqa,35.77,32.06,8,Possibly 2 South and North,SBEI2005,8,8,8,51.59919311
150,747/01/18,747,1,18,1,1,1,35.6,32.5,25,7.2,Al-Quds,35.23,31.78,7,Possibly 2 South and North,SBEI2005,7,7,7,87.40918605
150,747/01/18,747,1,18,1,1,1,35.6,32.5,25,7.2,Beit Qubayeh,36.29,33.51,07-Aug,Possibly 2 South and North,SBEI2005,8,7,7.5,129.8134
150,747/01/18,747,1,18,1,1,1,35.6,32.5,25,7.2,Tabaryya,35.53,32.8,7,Possibly 2 South and North,SBEI2005,7,7,7,33.52696635
150,747/01/18,747,1,18,1,1,1,35.6,32.5,25,7.2,Al-Ghouta,36.7,34.73,7,Possibly 2 South and North,SBEI2005,7,7,7,268.4059835
150,747/01/18,747,1,18,1,1,1,35.6,32.5,25,7.2,Manbej,37.95,36.53,7,Possibly 2 South and North,SBEI2005,7,7,7,497.4420309
150,747/01/18,747,1,18,1,1,1,35.6,32.5,25,7.2,Darayya,36.25,33.45,6,Possibly 2 South and North,SBEI2005,6,6,6,121.799064
150,747/01/18,747,1,18,1,1,1,35.6,32.5,25,7.2,Damascus,36.29,33.51,05-Jun,Possibly 2 South and North,SBEI2005,6,5,5.5,129.8134
150,747/01/18,747,1,18,1,1,1,35.6,32.5,25,7.2,Daraa,36.11,32.63,05-Jun,Possibly 2 South and North,SBEI2005,6,5,5.5,49.43369028
156,846/08/28-847/08/16,847,4,1,1,1,1,36.3,33.5,,6.1,Antioch,36.16,36.2,>8,,SBEI2005,8,8,8,300.0888113
156,846/08/28-847/08/16,847,4,1,1,1,1,36.3,33.5,,6.1,Damascus,36.29,33.51,7,,SBEI2005,7,7,7,1.624727637
156,846/08/28-847/08/16,847,4,1,1,1,1,36.3,33.5,,6.1,Homs,36.72,34.77,7,,SBEI2005,7,7,7,146.4292982
156,846/08/28-847/08/16,847,4,1,1,1,1,36.3,33.5,,6.1,Antioch,36.16,36.2,6,,SBEI2005,6,6,6,300.0888113
156,846/08/28-847/08/16,847,4,1,1,1,1,36.3,33.5,,6.1,Al-Jazira,40.15,35.34,6,,SBEI2005,6,6,6,407.4718464
156,846/08/28-847/08/16,847,4,1,1,1,1,36.3,33.5,,6.1,Al-Mousel,43.13,36.34,6,,SBEI2005,6,6,6,697.9699628
157,847/11/24,847,11,24,1,1,1,36.3,34.4,35,7.5,Damascus,36.29,33.51,07-Aug,,SBEI2005,8,7,7.5,98.63265973
157,847/11/24,847,11,24,1,1,1,36.3,34.4,35,7.5,Al-Ghouta,36.7,34.73,07-Aug,,SBEI2005,8,7,7.5,52.26647915
157,847/11/24,847,11,24,1,1,1,36.3,34.4,35,7.5,Al-Mazzeh,36.26,33.5,7,,SBEI2005,7,7,7,99.8092062
157,847/11/24,847,11,24,1,1,1,36.3,34.4,35,7.5,Beit Lahya,35.8,33.48,7,,SBEI2005,7,7,7,111.8045957
157,847/11/24,847,11,24,1,1,1,36.3,34.4,35,7.5,Darayya,36.25,33.45,7,,SBEI2005,7,7,7,105.7358631
157,847/11/24,847,11,24,1,1,1,36.3,34.4,35,7.5,Antioch,36.16,36.2,6,,SBEI2005,6,6,6,200.1422209
157,847/11/24,847,11,24,1,1,1,36.3,34.4,35,7.5,Al-Mousel,43.13,36.34,5,,SBEI2005,5,5,5,655.5974422
159,859/12/30-860/01/29,859,12,30,1,1,1,36.4,35.7,33,7.4,Antioch,36.16,36.2,8,Map in SBEI,SBEI2005,8,8,8,59.22227411
159,859/12/30-860/01/29,859,12,30,1,1,1,36.4,35.7,33,7.4,Lattakia,35.78,35.53,8,Map in SBEI,SBEI2005,8,8,8,59.14722254
159,859/12/30-860/01/29,859,12,30,1,1,1,36.4,35.7,33,7.4,Jableh,35.97,35.16,8,Map in SBEI,SBEI2005,8,8,8,71.97659953
159,859/12/30-860/01/29,859,12,30,1,1,1,36.4,35.7,33,7.4,Homs,36.72,34.77,7,Map in SBEI,SBEI2005,7,7,7,107.2128257
159,859/12/30-860/01/29,859,12,30,1,1,1,36.4,35.7,33,7.4,Palmyra,38.27,34.56,7,Map in SBEI,SBEI2005,7,7,7,211.8951847
159,859/12/30-860/01/29,859,12,30,1,1,1,36.4,35.7,33,7.4,Tarsus,34.9,36.93,6,Map in SBEI,SBEI2005,6,6,6,191.2991923
159,859/12/30-860/01/29,859,12,30,1,1,1,36.4,35.7,33,7.4,Balis,38.04,35.96,6,Map in SBEI,SBEI2005,6,6,6,150.3203532
159,859/12/30-860/01/29,859,12,30,1,1,1,36.4,35.7,33,7.4,Damascus,36.29,33.51,6,Map in SBEI,SBEI2005,6,6,6,243.3840391
159,859/12/30-860/01/29,859,12,30,1,1,1,36.4,35.7,33,7.4,Adana,35.32,37,6,Map in SBEI,SBEI2005,6,6,6,173.8583013
159,859/12/30-860/01/29,859,12,30,1,1,1,36.4,35.7,33,7.4,Al-Quds,35.23,31.78,05-Jun,Map in SBEI,SBEI2005,6,5,5.5,449.2250451
159,859/12/30-860/01/29,859,12,30,1,1,1,36.4,35.7,33,7.4,Ar-Raqqa,38.99,35.81,5,Map in SBEI,SBEI2005,5,5,5,233.8001248
159,859/12/30-860/01/29,859,12,30,1,1,1,36.4,35.7,33,7.4,Ras Al-Ein,40.07,36.85,5,Map in SBEI,SBEI2005,5,5,5,352.6602441
159,859/12/30-860/01/29,859,12,30,1,1,1,36.4,35.7,33,7.4,Harran,39.02,36.87,5,Map in SBEI,SBEI2005,5,5,5,268.5119718
159,859/12/30-860/01/29,859,12,30,1,1,1,36.4,35.7,33,7.4,Orfa,38.8,37.16,5,Map in SBEI,SBEI2005,5,5,5,268.8894949
162,963/07,963,7,22,1,1,1,37,36.5,,6.2,Izaz,37.03,36.35,7,,SBEI2005,7,7,7,16.89383337
163,972,972,1,1,1,1,1,36.1,36.1,,6,Antioch,36.16,36.2,06-Jul,,,7,6,6.5,12.05497579
163,972,972,1,1,1,1,1,36.1,36.1,,6,Damascus,36.29,33.51,5,,SBEI2005,5,5,5,288.1946755
164,991/04/05,991,4,5,1,1,1,36.2,33.3,22,6.5,Baalbak,36.21,34,08-Sep,,SBEI2005,9,8,8.5,78.36461546
164,991/04/05,991,4,5,1,1,1,36.2,33.3,22,6.5,Damascus,36.29,33.51,07-Aug,,SBEI2005,8,7,7.5,25.17706152
14,1002/11/10-1003/10/29,1002,11,10,1,1,1,36.5,36.5,18,6.9,Damascus,36.29,33.51,>=8,,SBEI2005,8,8,8,332.6787695
167,,1033,12,5,,,,35.6,32,,6.5,,35.45,31.87,,,Guidoboni,,,9.5,
167,,1033,12,5,,,,35.6,32,,6.5,,35.25,32.22,,,Guidoboni,,,9,
167,,1033,12,5,,,,35.6,32,,6.5,,34.87,31.93,,,Guidoboni,,,9,
167,,1033,12,5,,,,35.6,32,,6.5,,35.07,32.92,,,Guidoboni,,,8.5,
167,,1033,12,5,,,,35.6,32,,6.5,,35.23,31.77,,,Guidoboni,,,8.5,
167,,1033,12,5,,,,35.6,32,,6.5,,35.1,31.53,,,Guidoboni,,,8,
167,,1033,12,5,,,,35.6,32,,6.5,,34.53,31.65,,,Guidoboni,,,7.5,
167,,1033,12,5,,,,35.6,32,,6.5,,35.7,33.23,,,Guidoboni,,,7.5,
167,,1033,12,5,,,,35.6,32,,6.5,,35.53,32.8,,,Guidoboni,,,7.5,
167,,1033,12,5,,,,35.6,32,,6.5,,34.47,31.5,,,Guidoboni,,,6.5,
17,1046/07/08-1047/06/27,1046,7,8,1,1,1,40,39,,7.9,Diyar Bakr,40.52,37.54,>=7,,SBEI2005,7,7,7,169.217888
17,1046/07/08-1047/06/27,1046,7,8,1,1,1,40,39,,7.9,Khlat,42.5,38.76,>=7,,SBEI2005,7,7,7,218.3388863
18,1063/07/30-08/27,1063,7,30,1,1,1,36.2,34.4,32,6.9,Tripoli,35.83,34.44,07-Aug,Map in SBEI,SBEI2005,8,7,7.5,34.12597262
18,1063/07/30-08/27,1063,7,30,1,1,1,36.2,34.4,32,6.9,Lattakia,35.78,35.53,05-Jun,Map in SBEI,SBEI2005,6,5,5.5,131.349299
18,1063/07/30-08/27,1063,7,30,1,1,1,36.2,34.4,32,6.9,Acre,35.08,32.93,05-Jun,Map in SBEI,SBEI2005,6,5,5.5,193.1266338
18,1063/07/30-08/27,1063,7,30,1,1,1,36.2,34.4,32,6.9,Sur,35.2,33.27,05-Jun,Map in SBEI,SBEI2005,6,5,5.5,155.5696068
18,1063/07/30-08/27,1063,7,30,1,1,1,36.2,34.4,32,6.9,Antioch,36.16,36.2,5,Map in SBEI,SBEI2005,5,5,5,199.7777799
169,,1068,3,18,,,,34.6,29.6,,6.9,,34.95,29.55,,,Guidoboni,,,10,
169,,1068,3,18,,,,34.6,29.6,,6.9,,38.8,23.78,,,Guidoboni,,,7.5,
169,,1068,3,18,,,,34.6,29.6,,6.9,,36.92,26.68,,,Guidoboni,,,7.5,
169,,1068,3,18,,,,34.6,29.6,,6.9,,38.93,24.03,,,Guidoboni,,,7.5,
169,,1068,3,18,,,,34.6,29.6,,6.9,,39.52,25.7,,,Guidoboni,,,7.5,
169,,1068,3,18,,,,34.6,29.6,,6.9,,38.05,24.08,,,Guidoboni,,,7.5,
169,,1068,3,18,,,,34.6,29.6,,6.9,,37.02,26.53,,,Guidoboni,,,7.5,
169,,1068,3,18,,,,34.6,29.6,,6.9,,29.92,31.2,,,Guidoboni,,,7,
169,,1068,3,18,,,,34.6,29.6,,6.9,,32.23,31.2,,,Guidoboni,,,7,
169,,1068,3,18,,,,34.6,29.6,,6.9,,31.25,30.05,,,Guidoboni,,,6,
169,,1068,3,18,,,,34.6,29.6,,6.9,,39.58,24.5,,,Guidoboni,,,6,
169,,1068,3,18,,,,34.6,29.6,,6.9,,44.38,33.33,,,Guidoboni,,,3,
170,,1068,5,29,,,,35.6,32.6,,7,,34.87,31.93,,,Guidoboni,,,10,
170,,1068,5,29,,,,35.6,32.6,,7,,35.7,33.23,,,Guidoboni,,,9,
170,,1068,5,29,,,,35,32.6,,7,,35.23,31.77,,,Guidoboni,,,8,
171,,1091,9,26,,,,36.1,36.3,,5.8,,36.12,36.23,,,Guidoboni,,,8.5,
171,,1091,9,26,,,,36.1,36.3,,5.8,,41.18,37.08,,,Guidoboni,,,3.5,
21,1094/04/20-1094/05/18,1094,6,1,1,1,1,36.2,33.3,,5.2,Damascus,36.29,33.51,05-Jun,,SBEI2005,6,5,5.5,25.17706152
22,1098/01,1097,12,30,1,1,1,36.1,36.2,,5.8,Antioch,36.16,36.2,3,,SBEI2005,3,3,3,5.533258069
22,1098/01,1097,12,30,1,1,1,36.1,36.2,,5.8,Aleppo,37.15,36.21,3,,SBEI2005,3,3,3,93.9756238
173,,1114,11,13,,,,37.6,37.4,40,7.4,,36.92,37.6,,,Guidoboni,,,10.5,
173,,1114,11,13,,,,37.6,37.4,40,7.4,,37.63,36.77,,,Guidoboni,,,10,
173,,1114,11,13,,,,37.6,37.4,40,7.4,,35.6,36.95,,,Guidoboni,,,9.5,
173,,1114,11,13,,,,37.6,37.4,40,7.4,,38.28,37.77,,,Guidoboni,,,9.5,
173,,1114,11,13,,,,37.6,37.4,40,7.4,,37.85,37.57,,,Guidoboni,,,9,
173,,1114,11,13,,,,37.6,37.4,40,7.4,,38.52,37.5,,,Guidoboni,,,9,
173,,1114,11,13,,,,37.6,37.4,40,7.4,,36.12,36.23,,,Guidoboni,,,8.5,
173,,1114,11,13,,,,37.6,37.4,40,7.4,,38.1,35.98,,,Guidoboni,,,8.5,
173,,1114,11,13,,,,37.6,37.4,40,7.4,,38.77,37.13,,,Guidoboni,,,8,
173,,1114,11,13,,,,37.6,37.4,40,7.4,,39.38,36.85,,,Guidoboni,,,8,
175,,1138,10,11,,,,36.6,36.7,,7.1,,36.82,36.72,,,Guidoboni,,,10,
175,,1138,10,11,,,,36.6,36.7,,7.1,,36.82,36.13,,,Guidoboni,,,8.5,
175,,1138,10,11,,,,36.6,36.7,,7.1,,37.63,36.77,,,Guidoboni,,,8.5,
175,,1138,10,11,,,,36.6,36.7,,7.1,,38.12,36.67,,,Guidoboni,,,8.5,
175,,1138,10,11,,,,36.6,36.7,,7.1,,36.58,36.5,,,Guidoboni,,,8.5,
175,,1138,10,11,,,,36.6,36.7,,7.1,,36.75,36.05,,,Guidoboni,,,8.5,
175,,1138,10,11,,,,36.6,36.7,,7.1,,37.17,36.23,,,Guidoboni,,,8,
175,,1138,10,11,,,,36.6,36.7,,7.1,,37.58,36.37,,,Guidoboni,,,7.5,
175,,1138,10,11,,,,36.6,36.7,,7.1,,36.52,36.2,,,Guidoboni,,,7,
175,,1138,10,11,,,,36,36.7,,7.1,,36.32,33.5,,,Guidoboni,,,5,
28,1152/09/27,1151,9,28,1,1,1,36.7,32.6,12,6,Bosra,36.47,32.52,7,,SBEI2005,7,7,7,23.09214481
28,1152/09/27,1151,9,28,1,1,1,36.7,32.6,12,6,Hauran,36.33,32.43,7,,SBEI2005,7,7,7,39.86049699
177,,1156,10,13,,,,36.6,35.4,,5.5,,36.4,35.42,,,Guidoboni,,,7,
177,,1156,10,13,,,,36.6,35.4,,5.5,,36.32,33.5,,,Guidoboni,,,5,
178,,1156,12,9,,,,37.6,36.2,,6,,37.17,36.23,,,Guidoboni,,,8,
178,,1156,12,9,,,,37.6,36.2,,6,,36.73,35.15,,,Guidoboni,,,6,
178,,1156,12,9,,,,37.6,36.2,,6,,36.58,35.52,,,Guidoboni,,,6,
178,,1156,12,9,,,,37.6,36.2,,6,,36.57,35.27,,,Guidoboni,,,6,
178,,1156,12,9,,,,37.6,36.2,,6,,36.32,33.5,,,Guidoboni,,,5,
29,1157/08/12,1157,8,12,1,1,1,36.4,35.3,15,7,Damascus,36.29,33.51,05-Jun,Map in SBEI,SBEI2005,6,5,5.5,198.9521556
29,1157/08/12,1157,8,12,1,1,1,36.4,35.3,15,7,Hama,36.75,35.13,08-Sep,Map in SBEI,SBEI2005,9,8,8.5,36.80224519
29,1157/08/12,1157,8,12,1,1,1,36.4,35.3,15,7,Shaizar,36.56,35.26,08-Sep,Map in SBEI,SBEI2005,9,8,8.5,15.09826462
29,1157/08/12,1157,8,12,1,1,1,36.4,35.3,15,7,Kafar Tab,36.71,34.73,08-Sep,Map in SBEI,SBEI2005,9,8,8.5,69.27901052
29,1157/08/12,1157,8,12,1,1,1,36.4,35.3,15,7,Afamia,36.58,35.06,08-Sep,Map in SBEI,SBEI2005,9,8,8.5,31.28904949
29,1157/08/12,1157,8,12,1,1,1,36.4,35.3,15,7,Arqa,36.05,34.53,08-Sep,Map in SBEI,SBEI2005,9,8,8.5,91.44947617
29,1157/08/12,1157,8,12,1,1,1,36.4,35.3,15,7,Aleppo,37.15,36.21,07-Aug,Map in SBEI,SBEI2005,8,7,7.5,121.7528099
29,1157/08/12,1157,8,12,1,1,1,36.4,35.3,15,7,Homs,36.72,34.77,07-Aug,Map in SBEI,SBEI2005,8,7,7.5,65.48366989
29,1157/08/12,1157,8,12,1,1,1,36.4,35.3,15,7,Lattakia,35.78,35.53,07-Aug,Map in SBEI,SBEI2005,8,7,7.5,61.73185654
29,1157/08/12,1157,8,12,1,1,1,36.4,35.3,15,7,Tripoli,35.83,34.44,07-Aug,Map in SBEI,SBEI2005,8,7,7.5,109.0017962
29,1157/08/12,1157,8,12,1,1,1,36.4,35.3,15,7,Antioch,36.16,36.2,07-Aug,Map in SBEI,SBEI2005,8,7,7.5,101.9691151
29,1157/08/12,1157,8,12,1,1,1,36.4,35.3,15,7,Shmemis,37.01,35.04,07-Aug,Map in SBEI,SBEI2005,8,7,7.5,62.97939215
29,1157/08/12,1157,8,12,1,1,1,36.4,35.3,15,7,Qalaat Al-Hosn,36.29,34.76,07-Aug,Map in SBEI,SBEI2005,8,7,7.5,61.14591537
29,1157/08/12,1157,8,12,1,1,1,36.4,35.3,15,7,Maarret Anooman,36.67,35.64,06-Jul,Map in SBEI,SBEI2005,7,6,6.5,44.97697007
180,,1170,6,29,,,,36.6,34.7,35,7.1,,36.08,34.53,,,Guidoboni,,,10,
180,,1170,6,29,,,,36.6,34.7,35,7.1,,37.17,36.23,,,Guidoboni,,,10,
180,,1170,6,29,,,,36.6,34.7,35,7.1,,36.23,34.53,,,Guidoboni,,,10,
180,,1170,6,29,,,,36.6,34.7,35,7.1,,35.85,34.43,,,Guidoboni,,,10,
180,,1170,6,29,,,,36.6,34.7,35,7.1,,36.12,36.23,,,Guidoboni,,,9,
180,,1170,6,29,,,,36.6,34.7,35,7.1,,36.2,34.33,,,Guidoboni,,,9,
180,,1170,6,29,,,,36.6,34.7,35,7.1,,36.42,34.93,,,Guidoboni,,,9,
180,,1170,6,29,,,,36.6,34.7,35,7.1,,35.92,35.35,,,Guidoboni,,,9,
180,,1170,6,29,,,,36.6,34.7,35,7.1,,36.73,35.15,,,Guidoboni,,,9,
180,,1170,6,29,,,,36.6,34.7,35,7.1,,36.52,36.2,,,Guidoboni,,,9,
180,,1170,6,29,,,,36.6,34.7,35,7.1,,36.72,34.73,,,Guidoboni,,,9,
180,,1170,6,29,,,,36.6,34.7,35,7.1,,36.32,34.77,,,Guidoboni,,,9,
180,,1170,6,29,,,,36.6,34.7,35,7.1,,35.78,35.52,,,Guidoboni,,,9,
180,,1170,6,29,,,,36.6,34.7,35,7.1,,35.95,35.15,,,Guidoboni,,,9,
180,,1170,6,29,,,,36.6,34.7,35,7.1,,36.57,35.27,,,Guidoboni,,,9,
180,,1170,6,29,,,,36.6,34.7,35,7.1,,36.12,34.82,,,Guidoboni,,,8.5,
180,,1170,6,29,,,,36.6,34.7,35,7.1,,36.32,33.5,,,Guidoboni,,,7.5,
180,,1170,6,29,,,,36.6,34.7,35,7.1,,35.18,33.27,,,Guidoboni,,,7,
180,,1170,6,29,,,,36.6,34.7,35,7.1,,39.02,35.95,,,Guidoboni,,,6,
180,,1170,6,29,,,,36.6,34.7,35,7.1,,38.77,37.13,,,Guidoboni,,,6,
180,,1170,6,29,,,,36.6,34.7,35,7.1,,39.38,36.85,,,Guidoboni,,,6,
180,,1170,6,29,,,,36.6,34.7,35,7.1,,35.23,31.77,,,Guidoboni,,,5.5,
180,,1170,6,29,,,,36.6,34.7,35,7.1,,40.77,37.28,,,Guidoboni,,,5.5,
180,,1170,6,29,,,,36.6,34.7,35,7.1,,40.72,37.32,,,Guidoboni,,,5,
180,,1170,6,29,,,,36.6,34.7,35,7.1,,41.18,37.08,,,Guidoboni,,,5,
180,,1170,6,29,,,,36.6,34.7,35,7.1,,44.38,33.33,,,Guidoboni,,,4,
180,,1170,6,29,,,,36.6,34.7,35,7.1,,43.13,36.33,,,Guidoboni,,,4,
180,,1170,6,29,,,,36.6,34.7,35,7.1,,41.87,36.32,,,Guidoboni,,,4,
31,1182,1182,1,1,1,1,1,36.7,32.6,,6.5,Bosra,36.47,32.52,7,,SBEI2005,7,7,7,23.09214481
31,1182,1182,1,1,1,1,1,36.7,32.6,,6.5,Nablus,35.26,32.23,6,,SBEI2005,6,6,6,141.3710759
32,1202/05/20,1202,5,20,1,1,1,35.9,33.9,30,7,Mount Lebanon,36.12,34.3,9,Map in SBEI,SBEI2005,9,9,9,48.74712879
32,1202/05/20,1202,5,20,1,1,1,35.9,33.9,30,7,Baalbak,36.21,34,9,Map in SBEI,SBEI2005,9,9,9,30.96099834
32,1202/05/20,1202,5,20,1,1,1,35.9,33.9,30,7,Tyre,35.2,33.27,9,Map in SBEI,SBEI2005,9,9,9,95.1098339
32,1202/05/20,1202,5,20,1,1,1,35.9,33.9,30,7,Nablus,35.26,32.23,8,Map in SBEI,SBEI2005,8,8,8,195.5344203
32,1202/05/20,1202,5,20,1,1,1,35.9,33.9,30,7,Beit Jin,35.91,33.31,9,Map in SBEI,SBEI2005,9,9,9,65.91000129
32,1202/05/20,1202,5,20,1,1,1,35.9,33.9,30,7,Banyas,34.92,32.43,>=8,Map in SBEI,SBEI2005,8,8,8,187.2580032
32,1202/05/20,1202,5,20,1,1,1,35.9,33.9,30,7,Al-Samyra,35.2,32.28,>=8,Map in SBEI,SBEI2005,8,8,8,192.1115788
32,1202/05/20,1202,5,20,1,1,1,35.9,33.9,30,7,Damascus,36.29,33.51,8,Map in SBEI,SBEI2005,8,8,8,56.27276444
32,1202/05/20,1202,5,20,1,1,1,35.9,33.9,30,7,Safita,36.12,34.82,7,Map in SBEI,SBEI2005,7,7,7,103.8512632
32,1202/05/20,1202,5,20,1,1,1,35.9,33.9,30,7,Akka,35.08,32.93,7,Map in SBEI,SBEI2005,7,7,7,131.5851031
32,1202/05/20,1202,5,20,1,1,1,35.9,33.9,30,7,Hauran,36.33,32.43,8,Map in SBEI,SBEI2005,8,8,8,168.5677784
32,1202/05/20,1202,5,20,1,1,1,35.9,33.9,30,7,Hama,36.75,35.13,8,Map in SBEI,SBEI2005,8,8,8,157.70751
32,1202/05/20,1202,5,20,1,1,1,35.9,33.9,30,7,Tripoli,35.83,34.44,8,Map in SBEI,SBEI2005,8,8,8,60.17023851
32,1202/05/20,1202,5,20,1,1,1,35.9,33.9,30,7,Safad,35.5,32.96,7,Map in SBEI,SBEI2005,7,7,7,110.5562686
32,1202/05/20,1202,5,20,1,1,1,35.9,33.9,30,7,Al-Quds,35.23,31.78,6,Map in SBEI,SBEI2005,6,6,6,244.0248691
32,1202/05/20,1202,5,20,1,1,1,35.9,33.9,30,7,Bosra,36.47,32.52,07-Aug,Map in SBEI,SBEI2005,8,7,7.5,162.8316053
32,1202/05/20,1202,5,20,1,1,1,35.9,33.9,30,7,Al-Batron,35.66,34.25,7,Map in SBEI,SBEI2005,7,7,7,44.54732515
32,1202/05/20,1202,5,20,1,1,1,35.9,33.9,30,7,Jbeil,35.65,34.12,7,Map in SBEI,SBEI2005,7,7,7,33.72950482
32,1202/05/20,1202,5,20,1,1,1,35.9,33.9,30,7,Beirut,35.5,33.89,7,Map in SBEI,SBEI2005,7,7,7,37.35829117
32,1202/05/20,1202,5,20,1,1,1,35.9,33.9,30,7,Marqab,35.95,35.15,7,Map in SBEI,SBEI2005,7,7,7,139.1900866
32,1202/05/20,1202,5,20,1,1,1,35.9,33.9,30,7,Hosn Al-Akrad,36.29,34.76,7,Map in SBEI,SBEI2005,7,7,7,101.9393733
32,1202/05/20,1202,5,20,1,1,1,35.9,33.9,30,7,Barin,36.44,34.88,7,Map in SBEI,SBEI2005,7,7,7,120.1658702
32,1202/05/20,1202,5,20,1,1,1,35.9,33.9,30,7,Homs,36.72,34.77,7,Map in SBEI,SBEI2005,7,7,7,122.458229
32,1202/05/20,1202,5,20,1,1,1,35.9,33.9,30,7,Tartus,35.94,34.35,6,Map in SBEI,SBEI2005,6,6,6,49.61195363
32,1202/05/20,1202,5,20,1,1,1,35.9,33.9,30,7,Aleppo,37.15,36.21,5,Map in SBEI,SBEI2005,5,5,5,280.9956306
32,1202/05/20,1202,5,20,1,1,1,35.9,33.9,30,7,Antioch,36.16,36.2,5,Map in SBEI,SBEI2005,5,5,5,256.4515446
32,1202/05/20,1202,5,20,1,1,1,35.9,33.9,30,7,Al-Mousel,43.13,36.34,04-May,Map in SBEI,SBEI2005,5,4,4.5,711.1068269
32,1202/05/20,1202,5,20,1,1,1,35.9,33.9,30,7,Cairo,31.24,30.04,4,Map in SBEI,SBEI2005,4,4,4,614.1549654
32,1202/05/20,1202,5,20,1,1,1,35.9,33.9,30,7,Alexandria,29.92,31.2,4,Map in SBEI,SBEI2005,4,4,4,635.773063
32,1202/05/20,1202,5,20,1,1,1,35.9,33.9,30,7,Dimyat,32.1,30.92,4,Map in SBEI,SBEI2005,4,4,4,487.3476396
32,1202/05/20,1202,5,20,1,1,1,35.9,33.9,30,7,Qus,32.81,25.87,4,Map in SBEI,SBEI2005,4,4,4,940.5849309
32,1202/05/20,1202,5,20,1,1,1,35.9,33.9,30,7,Khlat,42.5,38.76,4,Map in SBEI,SBEI2005,4,4,4,800.6030113
32,1202/05/20,1202,5,20,1,1,1,35.9,33.9,30,7,Constantinople,28.98,41.01,4,Map in SBEI,SBEI2005,4,4,4,998.0895967
182,,1212,5,1,,,,35,30,,7,,34.95,29.55,,,Guidoboni,,,9.5,
182,,1212,5,1,,,,35,30,,7,,35.7,31.18,,,Guidoboni,,,8,
182,,1212,5,1,,,,35,30,,7,,31.25,30.05,,,Guidoboni,,,8,
182,,1212,5,1,,,,35,30,,7,,35.57,30.53,,,Guidoboni,,,8,
34,1287/03/22,1287,3,22,1,1,1,35.8,35.5,,6,Lattakia,35.78,35.53,07-Aug,,SBEI2005,8,7,7.5,3.795339715
183,,1293,1,11,,,,35.6,31.5,,6,,35.7,31.18,,,Guidoboni,,,9,
183,,1293,1,11,,,,35.6,31.5,,6,,34.9,31.95,,,Guidoboni,,,8,
183,,1293,1,11,,,,35.6,31.5,,6,,35.6,30.83,,,Guidoboni,,,9.5,
183,,1293,1,11,,,,35.6,31.5,,6,,34.87,31.93,,,Guidoboni,,,8,
183,,1293,1,11,,,,35.6,31.5,,6,,34.47,31.5,,,Guidoboni,,,8,
183,,1293,1,11,,,,35.4,31.5,,6,,35.35,32.37,,,Guidoboni,,,7,
37,1322/01/20-02/19,1322,1,20,1,1,1,36.3,33.5,,5.2,Damascus,36.29,33.51,5,,SBEI2005,5,5,5,1.624727637
38,1339/01/13-02/11,1339,1,1,1,1,1,35.5,34.3,,6.9,Tripoli,35.83,34.44,7,,SBEI2005,7,7,7,34.02677351
185,,1344,1,3,,,,37.6,36.8,30,6.7,,37.17,36.23,,,Guidoboni,,,9,
185,,1344,1,3,,,,37.6,36.8,30,6.7,,37.2,36.3,,,Guidoboni,,,9,
185,,1344,1,3,,,,37.6,36.8,30,6.7,,37.88,37.7,,,Guidoboni,,,9,
185,,1344,1,3,,,,37.6,36.8,30,6.7,,37.07,36.83,,,Guidoboni,,,9,
185,,1344,1,3,,,,37.6,36.8,30,6.7,,37.98,37.05,,,Guidoboni,,,9,
185,,1344,1,3,,,,37.6,36.8,30,6.7,,40.72,37.32,,,Guidoboni,,,4,
185,,1344,1,3,,,,37.6,36.8,30,6.7,,37.35,37.07,,,Guidoboni,,,9,
185,,1344,1,3,,,,37.6,36.8,30,6.7,,36.32,33.5,,,Guidoboni,,,4,
185,,1344,1,3,,,,37.6,36.8,30,6.7,,37.95,36.52,,,Guidoboni,,,9,
40,1399/09/20,1399,9,20,1,1,1,36.3,33.5,,4.2,Damascus,36.29,33.51,03-Apr,,SBEI2005,4,3,3.5,1.624727637
41,1403/12/18,1403,12,18,1,1,1,37.2,36.2,,6.5,Aleppo,37.15,36.21,04-May,,SBEI2005,5,4,4.5,4.903534811
42,1404/02/20,1404,2,20,1,1,1,36.2,35.7,30,7.2,Qalaat Blatnes,36.1,35.54,8,,SBEI2005,8,8,8,20.19650699
42,1404/02/20,1404,2,20,1,1,1,36.2,35.7,30,7.2,Bkas,36.28,35.86,8,,SBEI2005,8,8,8,18.800851
42,1404/02/20,1404,2,20,1,1,1,36.2,35.7,30,7.2,West of Aleppo,37.15,36.21,07-Aug,,SBEI2005,8,7,7.5,102.5046205
42,1404/02/20,1404,2,20,1,1,1,36.2,35.7,30,7.2,Qalaat Al-Marqeb,35.95,35.15,07-Aug,,SBEI2005,8,7,7.5,65.12796886
42,1404/02/20,1404,2,20,1,1,1,36.2,35.7,30,7.2,Tripoli,35.83,34.44,7,,SBEI2005,7,7,7,144.2836276
42,1404/02/20,1404,2,20,1,1,1,36.2,35.7,30,7.2,Lattakia,35.78,35.53,7,,SBEI2005,7,7,7,42.4117506
42,1404/02/20,1404,2,20,1,1,1,36.2,35.7,30,7.2,Jableh,35.97,35.16,7,,SBEI2005,7,7,7,63.96957556
43,1404/11/05-12/04,1404,11,5,1,1,1,37.2,36.2,30,4.8,Aleppo,37.15,36.21,5,,SBEI2005,5,5,5,4.903534811
44,1407/04/09-05/08,1407,4,29,10,0,0,36.3,35.7,,7,Antioch,36.16,36.2,7,,SBEI2005,7,7,7,56.58438883
45,1408/12/29,1408,12,29,1,1,1,36.1,35.8,25,7.2,Shugr,36.28,35.86,08-Sep,,SBEI2005,9,8,8.5,17.48746953
45,1408/12/29,1408,12,29,1,1,1,36.1,35.8,25,7.2,Bkas,36.28,35.86,08-Sep,,SBEI2005,9,8,8.5,17.58280143
45,1408/12/29,1408,12,29,1,1,1,36.1,35.8,25,7.2,Blatnes,36.1,35.54,8,,SBEI2005,8,8,8,29.11049531
45,1408/12/29,1408,12,29,1,1,1,36.1,35.8,25,7.2,Lattakia,35.78,35.53,7,,SBEI2005,7,7,7,41.67802001
45,1408/12/29,1408,12,29,1,1,1,36.1,35.8,25,7.2,Jableh,35.97,35.16,7,,SBEI2005,7,7,7,72.53665018
45,1408/12/29,1408,12,29,1,1,1,36.1,35.8,25,7.2,Antioch,36.16,36.2,7,,SBEI2005,7,7,7,44.42022022
186,,1408,12,29,,,,36.6,35.7,25,7.2,,36.28,35.83,,,Guidoboni,,,10,
186,,1408,12,29,,,,36.6,35.7,25,7.2,,35.92,35.35,,,Guidoboni,,,8,
186,,1408,12,29,,,,36.6,35.7,25,7.2,,36.07,35.52,,,Guidoboni,,,9,
186,,1408,12,29,,,,36.6,35.7,25,7.2,,33,35,,,Guidoboni,,,8.5,
186,,1408,12,29,,,,36.6,35.7,25,7.2,,35.78,35.52,,,Guidoboni,,,8,
187,,1458,11,8,,,,35.6,31.2,,7.1,,35.7,31.18,,,Guidoboni,,,9,
187,,1458,11,8,,,,35.6,31.2,,7.1,,35.23,31.77,,,Guidoboni,,,7,
187,,1458,11,8,,,,35.6,31.2,,7.1,,35.1,31.53,,,Guidoboni,,,7.5,
187,,1458,11,8,,,,35.6,31.2,,7.1,,31.25,30.05,,,Guidoboni,,,3.5,
187,,1458,11,8,,,,35,31.2,,7.1,,34.87,31.93,,,Guidoboni,,,7.5,
46,1484/03/29-04/27,1484,3,29,1,1,1,37.2,36.2,,4.8,Aleppo,37.15,36.21,05-Jun,,SBEI2005,6,5,5.5,4.903534811
47,1491/04/24,1491,4,24,19,1,1,32,35,,6.8,Nicosia,33.37,35.17,7,,SBEI2005,7,7,7,125.7292974
47,1491/04/24,1491,4,24,19,1,1,32,35,,6.8,Limassol,33.02,34.71,7,,SBEI2005,7,7,7,98.83108914
47,1491/04/24,1491,4,24,19,1,1,32,35,,6.8,Famagusta,33.92,35.11,7,,SBEI2005,7,7,7,175.1570087
47,1491/04/24,1491,4,24,19,1,1,32,35,,6.8,Paphos,32.38,34.74,7,,SBEI2005,7,7,7,44.96171697
47,1491/04/24,1491,4,24,19,1,1,32,35,,6.8,Damascus,36.29,33.51,4,,SBEI2005,4,4,4,427.6599353
47,1491/04/24,1491,4,24,19,1,1,32,35,,6.8,Cairo,31.24,30.04,4,,SBEI2005,4,4,4,555.6687048
47,1491/04/24,1491,4,24,19,1,1,32,35,,6.8,Crete,24.81,35.24,4,,SBEI2005,4,4,4,654.4106971
50,1546/09/29,1546,1,14,11,1,1,35.3,32,,6.1,Nablus,35.26,32.23,06-Jul,,SBEI2005,7,6,6.5,25.29186523
50,1546/09/29,1546,1,14,11,1,1,35.3,32,,6.1,Damascus,36.29,33.51,5,,SBEI2005,5,5,5,192.114651
50,1546/09/29,1546,1,14,11,1,1,35.3,32,,6.1,Al-Quds,35.23,31.78,6,,SBEI2005,6,6,6,25.46401848
50,1546/09/29,1546,1,14,11,1,1,35.3,32,,6.1,Yafa,34.76,32.05,6,,SBEI2005,6,6,6,51.35717873
50,1546/09/29,1546,1,14,11,1,1,35.3,32,,6.1,Tripoli,35.83,34.44,6,,SBEI2005,6,6,6,275.5622855
50,1546/09/29,1546,1,14,11,1,1,35.3,32,,6.1,Famagusta,33.92,35.11,5,,SBEI2005,5,5,5,369.2244495
53,1568/10/10,1568,10,10,1,1,1,35.5,35.5,12,6.1,Lattakia,35.78,35.53,7,,SBEI2005,7,7,7,25.56100863
53,1568/10/10,1568,10,10,1,1,1,35.5,35.5,12,6.1,Famagusta,33.92,35.11,5,,SBEI2005,5,5,5,149.6932842
53,1568/10/10,1568,10,10,1,1,1,35.5,35.5,12,6.1,Limassol,33.02,34.71,4,,SBEI2005,4,4,4,241.9889286
53,1568/10/10,1568,10,10,1,1,1,35.5,35.5,12,6.1,Nicosia,33.37,35.17,4,,SBEI2005,4,4,4,197.0338201
62,1626/01/21,1626,1,21,1,1,1,37.1,36.5,20,7.1,Aleppo,37.15,36.21,08-Sep,Map in SBEI,SBEI2005,9,8,8.5,32.33832531
62,1626/01/21,1626,1,21,1,1,1,37.1,36.5,20,7.1,Gaziantab,37.38,37.07,08-Sep,Map in SBEI,SBEI2005,9,8,8.5,67.82831681
62,1626/01/21,1626,1,21,1,1,1,37.1,36.5,20,7.1,Hama,36.75,35.13,06-Jul,Map in SBEI,SBEI2005,7,6,6.5,155.2086297
62,1626/01/21,1626,1,21,1,1,1,37.1,36.5,20,7.1,Damascus,36.29,33.51,5,Map in SBEI,SBEI2005,5,5,5,340.1897902
65,1656/2,1656,2,1,1,1,1,36.2,34.9,,6.7,Tripoli,35.83,34.44,7,,SBEI2005,7,7,7,61.46397712
67,1666/09/22,1666,1,1,1,1,1,39.5,39.74,,6.5,Al-Mousel,43.13,36.34,07-Aug,,SBEI2005,8,7,7.5,493.8553347
67,1666/09/22,1666,1,1,1,1,1,39.5,39.74,,6.5,Sinjar,41.86,36.32,06-Jul,,SBEI2005,7,6,6.5,432.7180584
67,1666/09/22,1666,1,1,1,1,1,39.5,39.74,,6.5,Sharqat,43.24,35.49,06-Jul,,SBEI2005,7,6,6.5,576.3448384
67,1666/09/22,1666,1,1,1,1,1,39.5,39.74,,6.5,Aleppo,37.15,36.21,5,,SBEI2005,5,5,5,443.1810516
67,1666/09/22,1666,1,1,1,1,1,39.5,39.74,,6.5,Tabriz,50.16,35.68,5,,SBEI2005,5,5,5,1040.133947
67,1666/09/22,1666,1,1,1,1,1,39.5,39.74,,6.5,Van,43.78,37.53,5,,SBEI2005,5,5,5,445.5379885
70,1705/11/24,1705,11,24,1,1,1,36.6,33.7,35,6.8,Yabroud,36.67,33.97,8,,SBEI2005,8,8,8,30.28828899
70,1705/11/24,1705,11,24,1,1,1,36.6,33.7,35,6.8,Al-Qastal,36.7,33.93,8,,SBEI2005,8,8,8,26.59787599
70,1705/11/24,1705,11,24,1,1,1,36.6,33.7,35,6.8,Damascus,36.29,33.51,7,,SBEI2005,7,7,7,35.29830946
70,1705/11/24,1705,11,24,1,1,1,36.6,33.7,35,6.8,Tripoli,35.83,34.44,7,,SBEI2005,7,7,7,108.420117
74,1726/04/15,1726,4,15,1,1,1,36.6,36.3,15,6.1,Jum,38.45,36.85,>7,,SBEI2005,7,7,7,176.1543853
74,1726/04/15,1726,4,15,1,1,1,36.6,36.3,15,6.1,Aleppo,37.15,36.21,7,,SBEI2005,7,7,7,50.04706018
75,1726/04/15,1726,4,15,1,1,1,36.6,36.3,15,6.1,Iskenderun,36.17,36.58,4,,SBEI2005,4,4,4,49.95305123
75,1726/04/15,1726,4,15,1,1,1,36.6,36.3,15,6.1,Famagusta,33.92,35.11,3,,SBEI2005,3,3,3,275.5778426
76,1738/09/25,1738,9,25,1,1,1,36.5,36.7,10,6.2,Iskenderun,36.17,36.58,8,,SBEI2005,8,8,8,32.6559132
76,1738/09/25,1738,9,25,1,1,1,36.5,36.7,10,6.2,Bellen Bass,36.23,36.48,07-Aug,,SBEI2005,8,7,7.5,34.25888049
76,1738/09/25,1738,9,25,1,1,1,36.5,36.7,10,6.2,Antioch,36.16,36.2,7,,SBEI2005,7,7,7,63.6616289
76,1738/09/25,1738,9,25,1,1,1,36.5,36.7,10,6.2,Jabal Al-Amanus,36.33,36.75,7,,SBEI2005,7,7,7,15.86047811
76,1738/09/25,1738,9,25,1,1,1,36.5,36.7,10,6.2,Aleppo,37.15,36.21,05-Jun,,SBEI2005,6,5,5.5,79.37090058
76,1738/09/25,1738,9,25,1,1,1,36.5,36.7,10,6.2,Kelless,37.12,36.72,5,,SBEI2005,5,5,5,55.41492131
76,1738/09/25,1738,9,25,1,1,1,36.5,36.7,10,6.2,Bereket,33.25,36.35,5,,SBEI2005,5,5,5,292.9881034
77,1752/07/21,1752,7,21,1,1,1,35.75,35.6,,6.8,Lattakia,35.78,35.53,7,,SBEI2005,7,7,7,8.243092017
77,1752/07/21,1752,7,21,1,1,1,35.75,35.6,,6.8,Tripoli,35.83,34.44,5,,SBEI2005,5,5,5,129.4080402
80,1759/10/30,1759,10,30,34,50,0,35.6,33.1,,6.6,Al-Qunaytra,35.9,32.97,8,,SBEI2005,8,8,8,31.8420754
80,1759/10/30,1759,10,30,34,50,0,35.6,33.1,,6.6,Safad,35.5,32.96,7,,SBEI2005,7,7,7,17.90261443
80,1759/10/30,1759,10,30,34,50,0,35.6,33.1,,6.6,Acre,35.08,32.93,6,,SBEI2005,6,6,6,51.68310014
80,1759/10/30,1759,10,30,34,50,0,35.6,33.1,,6.6,An-Nasra,35.3,32.7,6,,SBEI2005,6,6,6,52.4200794
80,1759/10/30,1759,10,30,34,50,0,35.6,33.1,,6.6,Sidon,35.61,33.49,6,,SBEI2005,6,6,6,42.92346809
80,1759/10/30,1759,10,30,34,50,0,35.6,33.1,,6.6,Saasaa,36.02,33.28,6,,SBEI2005,6,6,6,43.9098329
80,1759/10/30,1759,10,30,34,50,0,35.6,33.1,,6.6,Damascus,36.29,33.51,5,,SBEI2005,5,5,5,79.02169805
80,1759/10/30,1759,10,30,34,50,0,35.6,33.1,,6.6,Aleppo,37.15,36.21,4,,SBEI2005,4,4,4,373.8122297
80,1759/10/30,1759,10,30,34,50,0,35.6,33.1,,6.6,Al-Quds,35.23,31.78,4,,SBEI2005,4,4,4,150.9571688
80,1759/10/30,1759,10,30,34,50,0,35.6,33.1,,6.6,Beirut,35.5,33.89,4,,SBEI2005,4,4,4,88.22562219
80,1759/10/30,1759,10,30,34,50,0,35.6,33.1,,6.6,Antioch,36.16,36.2,4,,SBEI2005,4,4,4,348.108552
80,1759/10/30,1759,10,30,34,50,0,35.6,33.1,,6.6,Gaza,34.48,31.52,4,,SBEI2005,4,4,4,205.2474473
81,1759/11/25,1759,11,25,19,23,0,35.9,33.7,,7.4,Baalbak,36.21,34,>8,,SBEI2005,8,8,8,44.416808
81,1759/11/25,1759,11,25,19,23,0,35.9,33.7,,7.4,Serghaya,36.15,33.8,>8,,SBEI2005,8,8,8,25.64937267
81,1759/11/25,1759,11,25,19,23,0,35.9,33.7,,7.4,Zabadani,36.1,33.72,>8,,SBEI2005,8,8,8,18.38579389
81,1759/11/25,1759,11,25,19,23,0,35.9,33.7,,7.4,Ras Baalbak,36.42,34.26,8,,SBEI2005,8,8,8,78.49612787
81,1759/11/25,1759,11,25,19,23,0,35.9,33.7,,7.4,Al-Qunaytra,35.9,32.97,8,,SBEI2005,8,8,8,81.65613826
81,1759/11/25,1759,11,25,19,23,0,35.9,33.7,,7.4,Damascus,36.29,33.51,07-Aug,,SBEI2005,8,7,7.5,41.83622174
81,1759/11/25,1759,11,25,19,23,0,35.9,33.7,,7.4,Beirut,35.5,33.89,07-Aug,,SBEI2005,8,7,7.5,42.86310098
81,1759/11/25,1759,11,25,19,23,0,35.9,33.7,,7.4,Sidon,35.61,33.49,07-Aug,,SBEI2005,8,7,7.5,36.11950332
81,1759/11/25,1759,11,25,19,23,0,35.9,33.7,,7.4,Safad,35.5,32.96,07-Aug,,SBEI2005,8,7,7.5,89.96966986
81,1759/11/25,1759,11,25,19,23,0,35.9,33.7,,7.4,Sur,35.2,33.27,07-Aug,,SBEI2005,8,7,7.5,80.23730716
81,1759/11/25,1759,11,25,19,23,0,35.9,33.7,,7.4,Tripoli,35.83,34.44,7,,SBEI2005,7,7,7,82.31871176
81,1759/11/25,1759,11,25,19,23,0,35.9,33.7,,7.4,Acre,35.08,32.93,7,,SBEI2005,7,7,7,114.1941498
81,1759/11/25,1759,11,25,19,23,0,35.9,33.7,,7.4,Homs,36.72,34.77,06-Jul,,SBEI2005,7,6,6.5,140.7540877
81,1759/11/25,1759,11,25,19,23,0,35.9,33.7,,7.4,Hama,36.75,35.13,06-Jul,,SBEI2005,7,6,6.5,177.4268697
81,1759/11/25,1759,11,25,19,23,0,35.9,33.7,,7.4,An-Nasra,35.3,32.7,06-Jul,,SBEI2005,7,6,6.5,124.3095092
81,1759/11/25,1759,11,25,19,23,0,35.9,33.7,,7.4,Hosn Al-Akrad,36.29,34.76,06-Jul,,SBEI2005,7,6,6.5,122.9939515
81,1759/11/25,1759,11,25,19,23,0,35.9,33.7,,7.4,Lattakia,35.78,35.53,05-Jun,,SBEI2005,6,5,5.5,203.7827538
81,1759/11/25,1759,11,25,19,23,0,35.9,33.7,,7.4,Al-Quds,35.23,31.78,05-Jun,,SBEI2005,6,5,5.5,222.6195599
81,1759/11/25,1759,11,25,19,23,0,35.9,33.7,,7.4,Gaza,34.48,31.52,05-Jun,,SBEI2005,6,5,5.5,276.9447021
81,1759/11/25,1759,11,25,19,23,0,35.9,33.7,,7.4,Antioch,36.16,36.2,05-Jun,,SBEI2005,6,5,5.5,278.6046193
81,1759/11/25,1759,11,25,19,23,0,35.9,33.7,,7.4,Aleppo,37.15,36.21,5,,SBEI2005,5,5,5,301.5241762
81,1759/11/25,1759,11,25,19,23,0,35.9,33.7,,7.4,Tarba,36.77,32.8,5,,SBEI2005,5,5,5,128.5043647
88,1796/04/26,1796,4,26,1,1,1,36.2,35.3,20,6.7,Qalaat Al-Marqeb,35.95,35.15,8,,SBEI2005,8,8,8,28.16390899
88,1796/04/26,1796,4,26,1,1,1,36.2,35.3,20,6.7,Al-Qadmous,36.16,35.1,8,,SBEI2005,8,8,8,22.36533364
88,1796/04/26,1796,4,26,1,1,1,36.2,35.3,20,6.7,Nahr Al-Kabir,36.1,34.52,07-Aug,,SBEI2005,8,7,7.5,87.41761624
88,1796/04/26,1796,4,26,1,1,1,36.2,35.3,20,6.7,Jableh,35.97,35.16,07-Aug,,SBEI2005,8,7,7.5,26.39474648
88,1796/04/26,1796,4,26,1,1,1,36.2,35.3,20,6.7,Bkas,36.28,35.86,07-Aug,,SBEI2005,8,7,7.5,62.18461946
88,1796/04/26,1796,4,26,1,1,1,36.2,35.3,20,6.7,Lattakia,35.78,35.53,7,,SBEI2005,7,7,7,45.85518201
88,1796/04/26,1796,4,26,1,1,1,36.2,35.3,20,6.7,Saida,35.61,33.49,5,,SBEI2005,5,5,5,208.9266419
88,1796/04/26,1796,4,26,1,1,1,36.2,35.3,20,6.7,Aleppo,37.15,36.21,4,,SBEI2005,4,4,4,132.6018434
88,1796/04/26,1796,4,26,1,1,1,36.2,35.3,20,6.7,Tripoli,35.83,34.44,5,,SBEI2005,5,5,5,101.5850461
89,1802,1802,1,1,1,1,1,36.2,34,,6.1,Baalbak,36.21,34,6,,SBEI2005,6,6,6,1.143531026
91,1814,1814,1,1,1,1,1,35.8,32.8,,6,Al-Laja,36.39,32.93,06-Jul,,SBEI2005,7,6,6.5,56.65522687
93,1822/08/13,1822,8,13,1,1,1,36.75,36.7,18,7.4,Jisr Ash'Shoughour,36.32,35.81,9,,SBEI2005,9,9,9,105.7513256
93,1822/08/13,1822,8,13,1,1,1,36.75,36.7,18,7.4,Quseir,36.58,34.51,9,,SBEI2005,9,9,9,243.8067444
93,1822/08/13,1822,8,13,1,1,1,36.75,36.7,18,7.4,Aleppo,37.15,36.21,08-Sep,,SBEI2005,9,8,8.5,64.89151946
93,1822/08/13,1822,8,13,1,1,1,36.75,36.7,18,7.4,Darkoush,36.39,35.99,08-Sep,,SBEI2005,9,8,8.5,84.91741413
93,1822/08/13,1822,8,13,1,1,1,36.75,36.7,18,7.4,Antioch,36.16,36.2,8,,SBEI2005,8,8,8,76.85597643
93,1822/08/13,1822,8,13,1,1,1,36.75,36.7,18,7.4,Iskenderun,36.17,36.58,8,,SBEI2005,8,8,8,53.82682381
93,1822/08/13,1822,8,13,1,1,1,36.75,36.7,18,7.4,Idleb,36.63,35.93,8,,SBEI2005,8,8,8,85.88827161
93,1822/08/13,1822,8,13,1,1,1,36.75,36.7,18,7.4,Sarmeen,36.72,35.9,8,,SBEI2005,8,8,8,89.00607015
93,1822/08/13,1822,8,13,1,1,1,36.75,36.7,18,7.4,Kelless,37.12,36.72,8,,SBEI2005,8,8,8,33.15472605
93,1822/08/13,1822,8,13,1,1,1,36.75,36.7,18,7.4,Armanaz,36.5,36.08,07-Aug,,SBEI2005,8,7,7.5,72.12946711
93,1822/08/13,1822,8,13,1,1,1,36.75,36.7,18,7.4,Lattakia,35.78,35.53,7,,SBEI2005,7,7,7,156.5784596
93,1822/08/13,1822,8,13,1,1,1,36.75,36.7,18,7.4,Homs,36.72,34.77,7,,SBEI2005,7,7,7,214.5134443
93,1822/08/13,1822,8,13,1,1,1,36.75,36.7,18,7.4,Hama,36.75,35.13,7,,SBEI2005,7,7,7,174.2057557
93,1822/08/13,1822,8,13,1,1,1,36.75,36.7,18,7.4,Maraash,36.93,37.58,7,,SBEI2005,7,7,7,99.55689877
93,1822/08/13,1822,8,13,1,1,1,36.75,36.7,18,7.4,Ram Hamadan,36.71,36.03,7,,SBEI2005,7,7,7,75.06397614
93,1822/08/13,1822,8,13,1,1,1,36.75,36.7,18,7.4,Bennesh,36.71,35.96,7,,SBEI2005,7,7,7,82.55942116
93,1822/08/13,1822,8,13,1,1,1,36.75,36.7,18,7.4,Maarret Missrin,36.67,36,7,,SBEI2005,7,7,7,78.19340701
93,1822/08/13,1822,8,13,1,1,1,36.75,36.7,18,7.4,Damascus,36.29,33.51,3,,SBEI2005,3,3,3,356.8173294
93,1822/08/13,1822,8,13,1,1,1,36.75,36.7,18,7.4,Gaza,34.48,31.52,3,,SBEI2005,3,3,3,613.1627342
93,1822/08/13,1822,8,13,1,1,1,36.75,36.7,18,7.4,Al-Quds,35.23,31.78,3,,SBEI2005,3,3,3,564.741282
97,1837/01/01,1837,1,1,1,1,1,35.5,33.3,,7,Safad,35.5,32.96,07-Aug,,SBEI2005,8,7,7.5,37.29107877
97,1837/01/01,1837,1,1,1,1,1,35.5,33.3,,7,Nablus,35.26,32.23,07-Aug,,SBEI2005,8,7,7.5,121.6016785
97,1837/01/01,1837,1,1,1,1,1,35.5,33.3,,7,Beit Lahm,35.2,31.71,07-Aug,,SBEI2005,8,7,7.5,179.4517872
97,1837/01/01,1837,1,1,1,1,1,35.5,33.3,,7,Al-Khalil,35.1,31.53,07-Aug,,SBEI2005,8,7,7.5,200.0862039
97,1837/01/01,1837,1,1,1,1,1,35.5,33.3,,7,Tabariya,35.53,32.8,7,,SBEI2005,7,7,7,56.1320785
97,1837/01/01,1837,1,1,1,1,1,35.5,33.3,,7,Beirut,35.5,33.89,06-Jul,,SBEI2005,7,6,6.5,65.45400855
97,1837/01/01,1837,1,1,1,1,1,35.5,33.3,,7,Damascus,36.29,33.51,6,,SBEI2005,6,6,6,77.23727264
100,1845/02/21,1845,2,21,1,1,1,33.4,35.15,,5,Antioch,36.16,36.2,5,,SBEI2005,5,5,5,275.2315671
106,1868/04/16,1868,2,20,3,15,1,33,32,,5.6,Aleppo,37.15,36.21,3,,SBEI2005,3,3,3,604.1089662
108,1872/04/03,1872,4,3,7,45,1,36.4,36.4,10,7.2,Harem,36.57,36.14,8,,SBEI2005,8,8,8,32.81097693
108,1872/04/03,1872,4,3,7,45,1,36.4,36.4,10,7.2,Armanaz,36.5,36.08,8,,SBEI2005,8,8,8,36.33620888
108,1872/04/03,1872,4,3,7,45,1,36.4,36.4,10,7.2,Buhyret Al-Amq,36.16,36.2,07-Aug,,SBEI2005,8,7,7.5,31.1371522
108,1872/04/03,1872,4,3,7,45,1,36.4,36.4,10,7.2,Antioch,36.16,36.2,07-Aug,,SBEI2005,8,7,7.5,31.1371522
108,1872/04/03,1872,4,3,7,45,1,36.4,36.4,10,7.2,Aleppo,37.15,36.21,7,,SBEI2005,7,7,7,70.16187046
108,1872/04/03,1872,4,3,7,45,1,36.4,36.4,10,7.2,Suaidiya,35.92,36.12,7,,SBEI2005,7,7,7,52.71208812
108,1872/04/03,1872,4,3,7,45,1,36.4,36.4,10,7.2,Izaz,37.03,36.35,06-Jul,,SBEI2005,7,6,6.5,56.67645016
108,1872/04/03,1872,4,3,7,45,1,36.4,36.4,10,7.2,Idleb,36.63,35.93,06-Jul,,SBEI2005,7,6,6.5,55.95910924
108,1872/04/03,1872,4,3,7,45,1,36.4,36.4,10,7.2,Iskenderun,36.17,36.58,06-Jul,,SBEI2005,7,6,6.5,29.14682695
108,1872/04/03,1872,4,3,7,45,1,36.4,36.4,10,7.2,Hama,36.75,35.13,4,,SBEI2005,4,4,4,144.3435011
108,1872/04/03,1872,4,3,7,45,1,36.4,36.4,10,7.2,Homs,36.72,34.77,4,,SBEI2005,4,4,4,183.3749792
108,1872/04/03,1872,4,3,7,45,1,36.4,36.4,10,7.2,Tripoli,35.83,34.44,4,,SBEI2005,4,4,4,224.166717
108,1872/04/03,1872,4,3,7,45,1,36.4,36.4,10,7.2,Damascus,36.29,33.51,3,,SBEI2005,3,3,3,321.1705241
108,1872/04/03,1872,4,3,7,45,1,36.4,36.4,10,7.2,Rhodos,28.22,36.43,3,,SBEI2005,3,3,3,731.9623931
116,1896/05/12,1896,5,2,1,1,1,36,34,,5.5,Baalbak,36.21,34,5,,SBEI2005,5,5,5,19.46112245
117,1896/05/14,1896,5,2,1,1,1,36,34,,5.5,Antioch,36.16,36.2,5,,SBEI2005,5,5,5,244.6666241
117,1896/05/14,1896,5,2,1,1,1,36,34,,5.5,Jisr Ash'Shoughour,36.32,35.81,3,,SBEI2005,3,3,3,203.852204
117,1896/05/14,1896,5,2,1,1,1,36,34,,5.5,Aleppo,37.15,36.21,3,,SBEI2005,3,3,3,267.1505128
117,1896/05/14,1896,5,2,1,1,1,36,34,,5.5,Kelless,37.12,36.72,3,,SBEI2005,3,3,3,318.9070285
118,1896/06/29,1896,6,29,4,5,1,33.1,34.45,,6.5,Bisri,35.54,33.58,4,,SBEI2005,4,4,4,244.7344914
118,1896/06/29,1896,6,29,4,5,1,33.1,34.45,,6.5,Shouf,35.59,33.65,4,,SBEI2005,4,4,4,245.9085374
118,1896/06/29,1896,6,29,4,5,1,33.1,34.45,,6.5,Cairo,31.24,30.04,4,,SBEI2005,4,4,4,520.2741936
165,,1927,,,,,,35.5,31.8,15,6.1, Abu-Gosh,35.1,31.8,,,ZOHAR2012,,,6.5,
165,,1927,,,,,,35.5,31.8,15,6.1, Abu-Dis,35.26,31.76,,,ZOHAR2012,,,7.5,
165,,1927,,,,,,35.5,31.8,15,6.1, Abu-Tlul,34.87,31.19,,,ZOHAR2012,,,5,
165,,1927,,,,,,35.5,31.8,15,6.1, Um-el-Fahm,35.15,32.51,,,ZOHAR2012,,,5.5,
165,,1927,,,,,,35.5,31.8,15,6.1, Um Juni,35.56,32.7,,,ZOHAR2012,,,7,
165,,1927,,,,,,35.5,31.8,15,6.1, El Hama,35.66,32.68,,,ZOHAR2012,,,7,
165,,1927,,,,,,35.5,31.8,15,6.1, El Arish,33.76,31.15,,,ZOHAR2012,,,4.5,
165,,1927,,,,,,35.5,31.8,15,6.1, Alexandria,29.9,31.2,,,ZOHAR2012,,,3,
165,,1927,,,,,,35.5,31.8,15,6.1, A-Salt,35.72,32.04,,,ZOHAR2012,,,8.5,
165,,1927,,,,,,35.5,31.8,15,6.1, Irbid,35.85,32.56,,,ZOHAR2012,,,7.5,
165,,1927,,,,,,35.5,31.8,15,6.1, A-Ram,35.23,31.85,,,ZOHAR2012,,,7,
165,,1927,,,,,,35.5,31.8,15,6.1, Beer Sheva,34.8,31.24,,,ZOHAR2012,,,5,
165,,1927,,,,,,35.5,31.8,15,6.1, Bira,35.22,31.91,,,ZOHAR2012,,,7.5,
165,,1927,,,,,,35.5,31.8,15,6.1, Bet Alfa,35.42,32.51,,,ZOHAR2012,,,6,
165,,1927,,,,,,35.5,31.8,15,6.1, Bet Jala,35.18,31.72,,,ZOHAR2012,,,7.5,
165,,1927,,,,,,35.5,31.8,15,6.1, Bet Govrin,34.89,31.6,,,ZOHAR2012,,,6,
165,,1927,,,,,,35.5,31.8,15,6.1, Bet Gimal,34.97,31.72,,,ZOHAR2012,,,6.5,
165,,1927,,,,,,35.5,31.8,15,6.1, Bet HaKerem,35.2,31.78,,,ZOHAR2012,,,7,
165,,1927,,,,,,35.5,31.8,15,6.1, Bet Lehem,35.2,31.7,,,ZOHAR2012,,,7.5,
165,,1927,,,,,,35.5,31.8,15,6.1, Bet Likia,35.06,31.86,,,ZOHAR2012,,,6.5,
165,,1927,,,,,,35.5,31.8,15,6.1, Bet Shean,35.5,32.49,,,ZOHAR2012,,,6,
165,,1927,,,,,,35.5,31.8,15,6.1, Bet Sorik,35.15,31.82,,,ZOHAR2012,,,7,
165,,1927,,,,,,35.5,31.8,15,6.1, Binyamina,34.94,32.52,,,ZOHAR2012,,,5.5,
165,,1927,,,,,,35.5,31.8,15,6.1, Batir,35.14,31.73,,,ZOHAR2012,,,7,
165,,1927,,,,,,35.5,31.8,15,6.1, Gedera,34.77,31.81,,,ZOHAR2012,,,6,
165,,1927,,,,,,35.5,31.8,15,6.1, Gimzoo,34.95,31.92,,,ZOHAR2012,,,7.5,
165,,1927,,,,,,35.5,31.8,15,6.1, Jiftlik,35.48,32.14,,,ZOHAR2012,,,7,
165,,1927,,,,,,35.5,31.8,15,6.1, Jaljulia,34.95,32.15,,,ZOHAR2012,,,6,
165,,1927,,,,,,35.5,31.8,15,6.1, Genin,35.3,32.46,,,ZOHAR2012,,,6,
165,,1927,,,,,,35.5,31.8,15,6.1, Jeser Magmi,35.56,32.63,,,ZOHAR2012,,,7,
165,,1927,,,,,,35.5,31.8,15,6.1, Jeresh,35.9,32.28,,,ZOHAR2012,,,7,
165,,1927,,,,,,35.5,31.8,15,6.1, Gesher,35.55,32.62,,,ZOHAR2012,,,7,
165,,1927,,,,,,35.5,31.8,15,6.1, Alenbi Bridge,35.54,31.87,,,ZOHAR2012,,,8,
165,,1927,,,,,,35.5,31.8,15,6.1, Bnot ‹¨½‹ó?‹ó? Yaa'kov,35.63,33.01,,,ZOHAR2012,,,6.5,
165,,1927,,,,,,35.5,31.8,15,6.1, Daharia,34.98,31.41,,,ZOHAR2012,,,6,
165,,1927,,,,,,35.5,31.8,15,6.1, Dir-a-Shech,35.07,31.74,,,ZOHAR2012,,,6.5,
165,,1927,,,,,,35.5,31.8,15,6.1, Demaskus,36.3,33.52,,,ZOHAR2012,,,4.5,
165,,1927,,,,,,35.5,31.8,15,6.1, Daraa',36.07,32.63,,,ZOHAR2012,,,6,
165,,1927,,,,,,35.5,31.8,15,6.1, Zeitim Mountain,35.25,31.78,,,ZOHAR2012,,,7.5,
165,,1927,,,,,,35.5,31.8,15,6.1, Toov Mountain,35.01,31.76,,,ZOHAR2012,,,6.5,
165,,1927,,,,,,35.5,31.8,15,6.1, Carmel Mountain,35.04,32.75,,,ZOHAR2012,,,6,
165,,1927,,,,,,35.5,31.8,15,6.1, Zofim Mountain,35.25,31.8,,,ZOHAR2012,,,7.5,
165,,1927,,,,,,35.5,31.8,15,6.1, Herzelia,34.8,32.16,,,ZOHAR2012,,,5,
165,,1927,,,,,,35.5,31.8,15,6.1, Vadi Shueib,35.61,31.91,,,ZOHAR2012,,,8,
165,,1927,,,,,,35.5,31.8,15,6.1, Zarka,36.09,32.07,,,ZOHAR2012,,,7,
165,,1927,,,,,,35.5,31.8,15,6.1, Zichron Yaa'kov,34.94,32.57,,,ZOHAR2012,,,5.5,
165,,1927,,,,,,35.5,31.8,15,6.1, Zarka Maein,35.73,31.68,,,ZOHAR2012,,,7.5,
165,,1927,,,,,,35.5,31.8,15,6.1, Hebron,35.1,31.53,,,ZOHAR2012,,,7,
165,,1927,,,,,,35.5,31.8,15,6.1, Haifa,35,32.81,,,ZOHAR2012,,,6,
165,,1927,,,,,,35.5,31.8,15,6.1, Tabha,35.53,32.87,,,ZOHAR2012,,,6.5,
165,,1927,,,,,,35.5,31.8,15,6.1, Tiberias,35.54,32.78,,,ZOHAR2012,,,6.5,
165,,1927,,,,,,35.5,31.8,15,6.1, Tool-Karem,35.02,32.3,,,ZOHAR2012,,,6,
165,,1927,,,,,,35.5,31.8,15,6.1, Tapila,35.61,30.84,,,ZOHAR2012,,,5,
165,,1927,,,,,,35.5,31.8,15,6.1, Yalo,35.02,31.83,,,ZOHAR2012,,,7,
165,,1927,,,,,,35.5,31.8,15,6.1, Yavne,34.75,31.87,,,ZOHAR2012,,,6,
165,,1927,,,,,,35.5,31.8,15,6.1, Jafa,34.75,32.06,,,ZOHAR2012,,,5.5,
165,,1927,,,,,,35.5,31.8,15,6.1, Jerusalem,35.22,31.78,,,ZOHAR2012,,,7,
165,,1927,,,,,,35.5,31.8,15,6.1, Armon-HaNatziv,35.25,31.74,,,ZOHAR2012,,,7.5,
165,,1927,,,,,,35.5,31.8,15,6.1, Holly Mountain,35.24,31.78,,,ZOHAR2012,,,7.5,
165,,1927,,,,,,35.5,31.8,15,6.1, Jericho,35.45,31.86,,,ZOHAR2012,,,8,
165,,1927,,,,,,35.5,31.8,15,6.1, Jru. ‹¨½‹ó?‹ó? Jericho Road 1,35.4,31.8,,,ZOHAR2012,,,8,
165,,1927,,,,,,35.5,31.8,15,6.1, Jre. ‹¨½‹ó?‹ó? Jericho Road 2,35.41,31.81,,,ZOHAR2012,,,7.5,
165,,1927,,,,,,35.5,31.8,15,6.1, Amman ‹¨½‹ó?‹ó? Jordan Road,35.64,31.82,,,ZOHAR2012,,,8,
165,,1927,,,,,,35.5,31.8,15,6.1, Michmach Village,35.27,31.86,,,ZOHAR2012,,,7.5,
165,,1927,,,,,,35.5,31.8,15,6.1, Shiloach Village,35.24,31.76,,,ZOHAR2012,,,7.5,
165,,1927,,,,,,35.5,31.8,15,6.1, Kafaringi,35.7,32.29,,,ZOHAR2012,,,8,
165,,1927,,,,,,35.5,31.8,15,6.1, Karach,35.69,31.18,,,ZOHAR2012,,,6.5,
165,,1927,,,,,,35.5,31.8,15,6.1, Lod,34.89,31.95,,,ZOHAR2012,,,7,
165,,1927,,,,,,35.5,31.8,15,6.1, Migdal,35.5,32.84,,,ZOHAR2012,,,5,
165,,1927,,,,,,35.5,31.8,15,6.1, Migdal Yava,34.95,32.08,,,ZOHAR2012,,,5.5,
165,,1927,,,,,,35.5,31.8,15,6.1, Midba,35.79,31.73,,,ZOHAR2012,,,7,
165,,1927,,,,,,35.5,31.8,15,6.1, Moza,35.16,31.79,,,ZOHAR2012,,,7.5,
165,,1927,,,,,,35.5,31.8,15,6.1, Maa'n,35.72,30.19,,,ZOHAR2012,,,5,
165,,1927,,,,,,35.5,31.8,15,6.1, Maa'yan Elisha,35.43,31.87,,,ZOHAR2012,,,7.5,
165,,1927,,,,,,35.5,31.8,15,6.1, Mrar,35.4,32.88,,,ZOHAR2012,,,7,
165,,1927,,,,,,35.5,31.8,15,6.1, Masada,35.36,31.31,,,ZOHAR2012,,,8,
165,,1927,,,,,,35.5,31.8,15,6.1, Merhavia,35.31,32.59,,,ZOHAR2012,,,6.5,
165,,1927,,,,,,35.5,31.8,15,6.1, Mar-sava,35.34,31.71,,,ZOHAR2012,,,7.5,
165,,1927,,,,,,35.5,31.8,15,6.1, Meslovia,35.63,31.76,,,ZOHAR2012,,,8,
165,,1927,,,,,,35.5,31.8,15,6.1, Nabi ‹¨½‹ó?‹ó? Musa,35.43,31.78,,,ZOHAR2012,,,8,
165,,1927,,,,,,35.5,31.8,15,6.1, Nahalal,35.19,32.68,,,ZOHAR2012,,,6,
165,,1927,,,,,,35.5,31.8,15,6.1, Naharia,35.09,33.01,,,ZOHAR2012,,,6,
165,,1927,,,,,,35.5,31.8,15,6.1, Sorek River,34.87,31.8,,,ZOHAR2012,,,6.5,
165,,1927,,,,,,35.5,31.8,15,6.1, Nes-Ziona,34.8,31.92,,,ZOHAR2012,,,7,
165,,1927,,,,,,35.5,31.8,15,6.1, Nazeret,35.3,32.7,,,ZOHAR2012,,,7,
165,,1927,,,,,,35.5,31.8,15,6.1, Salfit,35.18,32.08,,,ZOHAR2012,,,7,
165,,1927,,,,,,35.5,31.8,15,6.1, Sweida,36.58,32.7,,,ZOHAR2012,,,7,
165,,1927,,,,,,35.5,31.8,15,6.1, Abadia,35.55,32.68,,,ZOHAR2012,,,7,
165,,1927,,,,,,35.5,31.8,15,6.1, Ajloon,35.74,32.33,,,ZOHAR2012,,,8,
165,,1927,,,,,,35.5,31.8,15,6.1, Gaza,34.46,31.5,,,ZOHAR2012,,,6.5,
165,,1927,,,,,,35.5,31.8,15,6.1, Azraa',36.24,32.85,,,ZOHAR2012,,,6,
165,,1927,,,,,,35.5,31.8,15,6.1, Atara,35.2,32,,,ZOHAR2012,,,7,
165,,1927,,,,,,35.5,31.8,15,6.1, Ein-el-Kelt,35.37,31.83,,,ZOHAR2012,,,7.5,
165,,1927,,,,,,35.5,31.8,15,6.1, Ein Dok,35.43,31.88,,,ZOHAR2012,,,7.5,
165,,1927,,,,,,35.5,31.8,15,6.1, Ein Harod,35.39,32.56,,,ZOHAR2012,,,6,
165,,1927,,,,,,35.5,31.8,15,6.1, Ein Karem,35.17,31.77,,,ZOHAR2012,,,7,
165,,1927,,,,,,35.5,31.8,15,6.1, Ein Musa,35.73,31.76,,,ZOHAR2012,,,7,
165,,1927,,,,,,35.5,31.8,15,6.1, Ein Kinia,35.15,31.93,,,ZOHAR2012,,,7,
165,,1927,,,,,,35.5,31.8,15,6.1, Ein Fara',35.35,32.29,,,ZOHAR2012,,,7,
165,,1927,,,,,,35.5,31.8,15,6.1, Aco,35.07,32.93,,,ZOHAR2012,,,6,
165,,1927,,,,,,35.5,31.8,15,6.1, Anab,34.93,31.39,,,ZOHAR2012,,,6,
165,,1927,,,,,,35.5,31.8,15,6.1, Afula,35.28,32.6,,,ZOHAR2012,,,6.5,
165,,1927,,,,,,35.5,31.8,15,6.1, Akaba,35,29.53,,,ZOHAR2012,,,4,
165,,1927,,,,,,35.5,31.8,15,6.1, Ekron,34.83,31.85,,,ZOHAR2012,,,6.5,
165,,1927,,,,,,35.5,31.8,15,6.1, Pki'in,35.33,32.97,,,ZOHAR2012,,,4.5,
165,,1927,,,,,,35.5,31.8,15,6.1, Petah Tikva,34.9,32.1,,,ZOHAR2012,,,5.5,
165,,1927,,,,,,35.5,31.8,15,6.1, Tzemach,35.58,32.71,,,ZOHAR2012,,,7,
165,,1927,,,,,,35.5,31.8,15,6.1, Safed,35.49,32.96,,,ZOHAR2012,,,6.5,
165,,1927,,,,,,35.5,31.8,15,6.1, Tzora,34.98,31.77,,,ZOHAR2012,,,6.5,
165,,1927,,,,,,35.5,31.8,15,6.1, Kabab,34.75,31.89,,,ZOHAR2012,,,7,
165,,1927,,,,,,35.5,31.8,15,6.1, Cairo,31.2,30.04,,,ZOHAR2012,,,3.5,
165,,1927,,,,,,35.5,31.8,15,6.1, Kunetra,35.82,33.12,,,ZOHAR2012,,,4,
165,,1927,,,,,,35.5,31.8,15,6.1, Kalkilia,34.96,32.19,,,ZOHAR2012,,,5.5,
165,,1927,,,,,,35.5,31.8,15,6.1, Kiriat Anavim,35.12,31.81,,,ZOHAR2012,,,7,
165,,1927,,,,,,35.5,31.8,15,6.1, Rammala,35.2,31.9,,,ZOHAR2012,,,7.5,
165,,1927,,,,,,35.5,31.8,15,6.1, Rosh Ha'ayin,34.92,32.1,,,ZOHAR2012,,,6,
165,,1927,,,,,,35.5,31.8,15,6.1, Amman,35.93,31.95,,,ZOHAR2012,,,8.5,
165,,1927,,,,,,35.5,31.8,15,6.1, Rehovot,34.81,31.9,,,ZOHAR2012,,,6.5,
165,,1927,,,,,,35.5,31.8,15,6.1, Reina,35.3,32.72,,,ZOHAR2012,,,7.5,
165,,1927,,,,,,35.5,31.8,15,6.1, Ramle,34.87,31.92,,,ZOHAR2012,,,7,
165,,1927,,,,,,35.5,31.8,15,6.1, Ramat Yishai,35.17,32.7,,,ZOHAR2012,,,5,
165,,1927,,,,,,35.5,31.8,15,6.1, Ramat Rachel,35.21,31.74,,,ZOHAR2012,,,7.5,
165,,1927,,,,,,35.5,31.8,15,6.1, Refidie,35.23,32.22,,,ZOHAR2012,,,8,
165,,1927,,,,,,35.5,31.8,15,6.1, Shunam,35.33,32.6,,,ZOHAR2012,,,6.5,
165,,1927,,,,,,35.5,31.8,15,6.1, Borochov Nei.,34.81,32.07,,,ZOHAR2012,,,5.5,
165,,1927,,,,,,35.5,31.8,15,6.1, Nablus,35.25,32.21,,,ZOHAR2012,,,8,
165,,1927,,,,,,35.5,31.8,15,6.1, Tel Aviv,34.77,32.07,,,ZOHAR2012,,,5.5,
165,,1927,,,,,,35.5,31.8,15,6.1, Tel Yosef,35.39,32.53,,,ZOHAR2012,,,6,
165,,1927,,,,,,35.5,31.8,15,6.1, Dead sea North 1,35.53,31.76,,,ZOHAR2012,,,8.5,
165,,1927,,,,,,35.5,31.8,15,6.1, Dead sea North 2,35.46,31.73,,,ZOHAR2012,,,8.5,
165,,1927,,,,,,35.5,31.8,15,6.1, Dead sea North 3,35.5,31.74,,,ZOHAR2012,,,8.5,
165,,1927,,,,,,35.5,31.8,15,6.1, Jordan Bank,35.54,31.83,,,ZOHAR2012,,,8.5,
165,,1927,,,,,,35.5,31.8,15,6.1, Yarmuch fall,35.67,32.68,,,ZOHAR2012,,,7,
166,,1995,,,,,,34.8,28.8,10,7.2,,35.20329,31.92157,,,AL-TARAZI1999,,,5,
166,,1995,,,,,,34.8,28.8,10,7.2,,35.94503,31.95522,,,AL-TARAZI1999,,,5,
166,,1995,,,,,,34.8,28.8,10,7.2,,35.83333,32.5,,,AL-TARAZI1999,,,4,
166,,1995,,,,,,34.8,28.8,10,7.2,,36.08796,32.07275,,,AL-TARAZI1999,,,5,
166,,1995,,,,,,34.8,28.8,10,7.2,,32.3,31.1,,,AL-TARAZI1999,,,3,
166,,1995,,,,,,34.8,28.8,10,7.2,,32.28411,31.25654,,,AL-TARAZI1999,,,3,
166,,1995,,,,,,34.8,28.8,10,7.2,,32.3,29.7,,,AL-TARAZI1999,,,4,
166,,1995,,,,,,34.8,28.8,10,7.2,,35.66667,32,,,AL-TARAZI1999,,,5,
166,,1995,,,,,,34.8,28.8,10,7.2,,33.7,30.5,,,AL-TARAZI1999,,,6,
166,,1995,,,,,,34.8,28.8,10,7.2,,35.85,32.55556,,,AL-TARAZI1999,,,4,
166,,1995,,,,,,34.8,28.8,10,7.2,,36.04639,32.01778,,,AL-TARAZI1999,,,5,
166,,1995,,,,,,34.8,28.8,10,7.2,,34.64966,31.79213,,,AL-TARAZI1999,,,5,
166,,1995,,,,,,34.8,28.8,10,7.2,,34.7913,31.25181,,,AL-TARAZI1999,,,6,
166,,1995,,,,,,34.8,28.8,10,7.2,,35.81831,31.9545,,,AL-TARAZI1999,,,5,
166,,1995,,,,,,34.8,28.8,10,7.2,,34.85992,32.33291,,,AL-TARAZI1999,,,4,
166,,1995,,,,,,34.8,28.8,10,7.2,,35.0938,31.52935,,,AL-TARAZI1999,,,6,
166,,1995,,,,,,34.8,28.8,10,7.2,,34.57149,31.66926,,,AL-TARAZI1999,,,5,
166,,1995,,,,,,34.8,28.8,10,7.2,,33.81291,27.25738,,,AL-TARAZI1999,,,5,
166,,1995,,,,,,34.8,28.8,10,7.2,,35.58333,30.75,,,AL-TARAZI1999,,,7,
166,,1995,,,,,,34.8,28.8,10,7.2,,35.72722,32.03917,,,AL-TARAZI1999,,,5,
166,,1995,,,,,,34.8,28.8,10,7.2,,35.01051,31.89825,,,AL-TARAZI1999,,,5,
166,,1995,,,,,,34.8,28.8,10,7.2,,34.9039,32.44192,,,AL-TARAZI1999,,,4,
166,,1995,,,,,,34.8,28.8,10,7.2,,36.00816,32.55873,,,AL-TARAZI1999,,,4,
166,,1995,,,,,,34.8,28.8,10,7.2,,34.8903,31.9467,,,AL-TARAZI1999,,,5,
166,,1995,,,,,,34.8,28.8,10,7.2,,34.86563,31.92923,,,AL-TARAZI1999,,,5,
166,,1995,,,,,,34.8,28.8,10,7.2,,36.20804,32.34289,,,AL-TARAZI1999,,,4,
166,,1995,,,,,,34.8,28.8,10,7.2,,35.04416,31.93221,,,AL-TARAZI1999,,,5,
166,,1995,,,,,,34.8,28.8,10,7.2,,35.8706,32.02731,,,AL-TARAZI1999,,,5,
166,,1995,,,,,,34.8,28.8,10,7.2,,34.94821,29.55805,,,AL-TARAZI1999,,,8,
166,,1995,,,,,,34.8,28.8,10,7.2,,32.31671,29.60018,,,AL-TARAZI1999,,,4,
166,,1995,,,,,,34.8,28.8,10,7.2,,35.09443,31.4459,,,AL-TARAZI1999,,,6,
166,,1995,,,,,,34.8,28.8,10,7.2,,36.57975,34.50914,,,AL-TARAZI1999,,,2,
166,,1995,,,,,,34.8,28.8,10,7.2,,35.15349,32.51725,,,AL-TARAZI1999,,,4,
166,,1995,,,,,,34.8,28.8,10,7.2,,38.21603,30.49987,,,AL-TARAZI1999,,,4,
166,,1995,,,,,,34.8,28.8,10,7.2,,35.21645,31.91001,,,AL-TARAZI1999,,,5,
166,,1995,,,,,,34.8,28.8,10,7.2,,35.30086,32.45943,,,AL-TARAZI1999,,,4,
166,,1995,,,,,,34.8,28.8,10,7.2,,35.95,31.9167,,,AL-TARAZI1999,,,5,
166,,1995,,,,,,34.8,28.8,10,7.2,,36.67183,36.01152,,,AL-TARAZI1999,,,1,
166,,1995,,,,,,34.8,28.8,10,7.2,,33.07829,28.35831,,,AL-TARAZI1999,,,5,
166,,1995,,,,,,34.8,28.8,10,7.2,,34.73843,31.88078,,,AL-TARAZI1999,,,5,
166,,1995,,,,,,34.8,28.8,10,7.2,,37.24066,34.22956,,,AL-TARAZI1999,,,2,
166,,1995,,,,,,34.8,28.8,10,7.2,,36.45413,36.13951,,,AL-TARAZI1999,,,1,
166,,1995,,,,,,34.8,28.8,10,7.2,,36.7138,35.95664,,,AL-TARAZI1999,,,1,
166,,1995,,,,,,34.8,28.8,10,7.2,,34.97329,31.40967,,,AL-TARAZI1999,,,6,
166,,1995,,,,,,34.8,28.8,10,7.2,,36.18382,33.07227,,,AL-TARAZI1999,,,3,
166,,1995,,,,,,34.8,28.8,10,7.2,,35.2342,31.84945,,,AL-TARAZI1999,,,5,
166,,1995,,,,,,34.8,28.8,10,7.2,,35.20422,31.89964,,,AL-TARAZI1999,,,5,
166,,1995,,,,,,34.8,28.8,10,7.2,,34.62025,31.3141,,,AL-TARAZI1999,,,6,
166,,1995,,,,,,34.8,28.8,10,7.2,,36.51522,36.1168,,,AL-TARAZI1999,,,1,
166,,1995,,,,,,34.8,28.8,10,7.2,,35.57212,33.20733,,,AL-TARAZI1999,,,3,
166,,1995,,,,,,34.8,28.8,10,7.2,,35.02929,31.50777,,,AL-TARAZI1999,,,6,
166,,1995,,,,,,34.8,28.8,10,7.2,,35.84341,31.97733,,,AL-TARAZI1999,,,5,
166,,1995,,,,,,34.8,28.8,10,7.2,,35.16416,31.51591,,,AL-TARAZI1999,,,6,
166,,1995,,,,,,34.8,28.8,10,7.2,,35.06611,31.39671,,,AL-TARAZI1999,,,6,
166,,1995,,,,,,34.8,28.8,10,7.2,,35.8575,32.50722,,,AL-TARAZI1999,,,4,
166,,1995,,,,,,34.8,28.8,10,7.2,,35.49632,32.49728,,,AL-TARAZI1999,,,4,
166,,1995,,,,,,34.8,28.8,10,7.2,,35.23011,32.48563,,,AL-TARAZI1999,,,4,
166,,1995,,,,,,34.8,28.8,10,7.2,,33.67825,27.39417,,,AL-TARAZI1999,,,5,
166,,1995,,,,,,34.8,28.8,10,7.2,,34.70659,31.78737,,,AL-TARAZI1999,,,5,
166,,1995,,,,,,34.8,28.8,10,7.2,,36.62896,32.85514,,,AL-TARAZI1999,,,3,
166,,1995,,,,,,34.8,28.8,10,7.2,,34.77998,31.81456,,,AL-TARAZI1999,,,5,
166,,1995,,,,,,34.8,28.8,10,7.2,,35.16822,32.44566,,,AL-TARAZI1999,,,4,
166,,1995,,,,,,34.8,28.8,10,7.2,,36.57271,32.87271,,,AL-TARAZI1999,,,3,
166,,1995,,,,,,34.8,28.8,10,7.2,,35.17048,31.8966,,,AL-TARAZI1999,,,5,
166,,1995,,,,,,34.8,28.8,10,7.2,,35.7186,32.54388,,,AL-TARAZI1999,,,4,
166,,1995,,,,,,34.8,28.8,10,7.2,,34.32995,27.91582,,,AL-TARAZI1999,,,7,
166,,1995,,,,,,34.8,28.8,10,7.2,,35.16861,31.86145,,,AL-TARAZI1999,,,5,
166,,1995,,,,,,34.8,28.8,10,7.2,,35.28823,32.4605,,,AL-TARAZI1999,,,4,
166,,1995,,,,,,34.8,28.8,10,7.2,,35.07189,32.36935,,,AL-TARAZI1999,,,4,
166,,1995,,,,,,34.8,28.8,10,7.2,,35.20189,32.40517,,,AL-TARAZI1999,,,4,
166,,1995,,,,,,34.8,28.8,10,7.2,,35.22752,32.50847,,,AL-TARAZI1999,,,4,
166,,1995,,,,,,34.8,28.8,10,7.2,,35.57917,31.95222,,,AL-TARAZI1999,,,5,
166,,1995,,,,,,34.8,28.8,10,7.2,,35.69025,32.57103,,,AL-TARAZI1999,,,4,
166,,1995,,,,,,34.8,28.8,10,7.2,,35.22847,31.86801,,,AL-TARAZI1999,,,5,
166,,1995,,,,,,34.8,28.8,10,7.2,,35.08266,32.43274,,,AL-TARAZI1999,,,4,
166,,1995,,,,,,34.8,28.8,10,7.2,,35.71625,32.59311,,,AL-TARAZI1999,,,4,
166,,1995,,,,,,34.8,28.8,10,7.2,,34.84646,31.85357,,,AL-TARAZI1999,,,5,
166,,1995,,,,,,34.8,28.8,10,7.2,,35.0654,31.86958,,,AL-TARAZI1999,,,5,
166,,1995,,,,,,34.8,28.8,10,7.2,,35.78829,32.51737,,,AL-TARAZI1999,,,4,
166,,1995,,,,,,34.8,28.8,10,7.2,,34.75,31.78333,,,AL-TARAZI1999,,,5,
166,,1995,,,,,,34.8,28.8,10,7.2,,35.21165,31.95119,,,AL-TARAZI1999,,,5,
166,,1995,,,,,,34.8,28.8,10,7.2,,35.11894,31.83366,,,AL-TARAZI1999,,,5,
166,,1995,,,,,,34.8,28.8,10,7.2,,35.60839,30.73497,,,AL-TARAZI1999,,,7,
166,,1995,,,,,,34.8,28.8,10,7.2,,35.88411,32.59445,,,AL-TARAZI1999,,,4,
166,,1995,,,,,,34.8,28.8,10,7.2,,35.2613,31.97625,,,AL-TARAZI1999,,,5,
166,,1995,,,,,,34.8,28.8,10,7.2,,35.91342,32.57016,,,AL-TARAZI1999,,,4,
166,,1995,,,,,,34.8,28.8,10,7.2,,35.26661,31.91112,,,AL-TARAZI1999,,,5,
166,,1995,,,,,,34.8,28.8,10,7.2,,35.06593,31.47888,,,AL-TARAZI1999,,,6,
166,,1995,,,,,,34.8,28.8,10,7.2,,35.19408,31.96959,,,AL-TARAZI1999,,,5,
166,,1995,,,,,,34.8,28.8,10,7.2,,35.79873,32.49116,,,AL-TARAZI1999,,,4,
166,,1995,,,,,,34.8,28.8,10,7.2,,36.15265,32.44017,,,AL-TARAZI1999,,,4,
166,,1995,,,,,,34.8,28.8,10,7.2,,35.14947,31.83478,,,AL-TARAZI1999,,,5,
166,,1995,,,,,,34.8,28.8,10,7.2,,35.1624,31.95403,,,AL-TARAZI1999,,,5,
166,,1995,,,,,,34.8,28.8,10,7.2,,34.81619,31.37284,,,AL-TARAZI1999,,,6,
166,,1995,,,,,,34.8,28.8,10,7.2,,35.26076,32.45461,,,AL-TARAZI1999,,,4,
166,,1995,,,,,,34.8,28.8,10,7.2,,35.60533,32.5427,,,AL-TARAZI1999,,,4,
166,,1995,,,,,,34.8,28.8,10,7.2,,35.36164,32.45601,,,AL-TARAZI1999,,,4,
166,,1995,,,,,,34.8,28.8,10,7.2,,35.26545,32.03334,,,AL-TARAZI1999,,,5,
166,,1995,,,,,,34.8,28.8,10,7.2,,36.50159,32.32696,,,AL-TARAZI1999,,,4,
166,,1995,,,,,,34.8,28.8,10,7.2,,35.89597,32.43962,,,AL-TARAZI1999,,,4,
166,,1995,,,,,,34.8,28.8,10,7.2,,35.72844,32.47555,,,AL-TARAZI1999,,,4,
166,,1995,,,,,,34.8,28.8,10,7.2,,35.07185,31.88546,,,AL-TARAZI1999,,,5,
166,,1995,,,,,,34.8,28.8,10,7.2,,35.73269,32.57134,,,AL-TARAZI1999,,,4,
166,,1995,,,,,,34.8,28.8,10,7.2,,34.6634,29.04681,,,AL-TARAZI1999,,,9,
166,,1995,,,,,,34.8,28.8,10,7.2,,34.99081,31.87111,,,AL-TARAZI1999,,,5,
166,,1995,,,,,,34.8,28.8,10,7.2,,35.86893,31.9634,,,AL-TARAZI1999,,,5,
