"X","EventID","date","year","month","day","hour","minute","second","epi_lon","epi_lat","depth","magnitude","Intensity.location","lon","lat","Intensity..EMS.92.","Note","Source","Conservative.Int","Least.Int","MeanInt","R_epi","R_hyp","bin"
"1",5,127,"37",37,1,1,1,1,1,36.3,36,10,6.2,"Antioch",36.16,36.2,"07-Aug","","SBEI2005",8,7,7.5,25.5019747855888,27.3925303315486,6
"10",19,124,"341",341,1,1,1,1,1,36.1,36.2,10,6.1,"Antioch",36.16,36.2,"06-Jul","","SBEI2005",7,6,6.5,5.39612803463067,11.3630188667505,6
"12",22,129,"450-457/09",457,9,14,1,1,1,36.1,36.1,10,6.3,"Tripoli",35.83,34.44,"06-Jul","","SBEI2005",7,6,6.5,185.597231137512,185.866436469608,6
"35",50,143,"565-571",565,1,1,1,1,1,36.2,36,30,6.1,"Antioch",36.16,36.2,"06-Jul","","SBEI2005",7,6,6.5,22.4587006886258,37.4752349775326,6
"36",51,143,"565-571",565,1,1,1,1,1,36.2,36,30,6.1,"Seleucea",35.92,36.12,"06-Jul","","SBEI2005",7,6,6.5,28.5182225975939,41.391895585077,6
"37",52,143,"565-571",565,1,1,1,1,1,36.2,36,30,6.1,"Anazrabo",35.91,37.26,"6","","SBEI2005",6,6,6,142.060489371094,145.193603992582,6
"52",71,156,"846/08/28-847/08/16",847,4,1,1,1,1,36.3,33.5,10,6.1,"Damascus",36.29,33.51,"7","","SBEI2005",7,7,7,1.44591262261598,10.1039924441896,6
"53",72,156,"846/08/28-847/08/16",847,4,1,1,1,1,36.3,33.5,10,6.1,"Homs",36.72,34.77,"7","","SBEI2005",7,7,7,145.947920629943,146.290107444776,6
"64",97,162,"963/07",963,7,22,1,1,1,37,36.5,10,6.2,"Izaz",37.03,36.35,"7","","SBEI2005",7,7,7,16.8432847669363,19.5881658595211,6
"65",98,163,"972",972,1,1,1,1,1,36.1,36.1,10,6,"Antioch",36.16,36.2,"06-Jul","","",7,6,6.5,12.3293039341999,15.8748774956494,6
"95",160,28,"1152/09/27",1151,9,28,1,1,1,36.7,32.6,12,6,"Bosra",36.47,32.52,"7","","SBEI2005",7,7,7,23.3471753020014,26.250535129448,6
"96",161,28,"1152/09/27",1151,9,28,1,1,1,36.7,32.6,12,6,"Hauran",36.33,32.43,"7","","SBEI2005",7,7,7,39.5373217270546,41.3182745204664,6
"98",165,178,"",1156,12,9,NA,NA,NA,37.6,36.2,10,6,"",36.73,35.15,"","","Guidoboni",NA,NA,6,140.518660176355,140.874035427959,6
"99",166,178,"",1156,12,9,NA,NA,NA,37.6,36.2,10,6,"",36.58,35.52,"","","Guidoboni",NA,NA,6,119.027866339682,119.447197394402,6
"100",167,178,"",1156,12,9,NA,NA,NA,37.6,36.2,10,6,"",36.57,35.27,"","","Guidoboni",NA,NA,6,138.944887142084,139.304277259984,6
"145",251,183,"",1293,1,11,NA,NA,NA,35.6,31.5,10,6,"",35.7,31.18,"","","Guidoboni",NA,NA,9,36.6922318021975,38.0305124160351,6
"146",252,183,"",1293,1,11,NA,NA,NA,35.6,31.5,10,6,"",34.9,31.95,"","","Guidoboni",NA,NA,8,82.9746454919479,83.5750668232723,6
"147",254,183,"",1293,1,11,NA,NA,NA,35.6,31.5,10,6,"",34.87,31.93,"","","Guidoboni",NA,NA,8,83.9957108705048,84.5888848764507,6
"148",255,183,"",1293,1,11,NA,NA,NA,35.6,31.5,10,6,"",34.47,31.5,"","","Guidoboni",NA,NA,8,107.352178474817,107.816929205432,6
"149",256,183,"",1293,1,11,NA,NA,NA,35.4,31.5,10,6,"",35.35,32.37,"","","Guidoboni",NA,NA,7,96.4700887933185,96.986999292641,6
"179",303,50,"1546/09/29",1546,1,14,11,1,1,35.3,32,10,6.1,"Nablus",35.26,32.23,"06-Jul","","SBEI2005",7,6,6.5,25.7519700713488,27.6254223959679,6
"180",304,50,"1546/09/29",1546,1,14,11,1,1,35.3,32,10,6.1,"Damascus",36.29,33.51,"5","","SBEI2005",5,5,5,191.263543846517,191.524784831437,6
"181",305,50,"1546/09/29",1546,1,14,11,1,1,35.3,32,10,6.1,"Al-Quds",35.23,31.78,"6","","SBEI2005",6,6,6,25.2491283858792,27.1572915484334,6
"182",306,50,"1546/09/29",1546,1,14,11,1,1,35.3,32,10,6.1,"Yafa",34.76,32.05,"6","","SBEI2005",6,6,6,51.3120852223561,52.2774338492847,6
"183",309,53,"1568/10/10",1568,10,10,1,1,1,35.5,35.5,12,6.1,"Lattakia",35.78,35.53,"7","","SBEI2005",7,7,7,25.6161759717294,28.287602786638,6
"184",310,53,"1568/10/10",1568,10,10,1,1,1,35.5,35.5,12,6.1,"Famagusta",33.92,35.11,"5","","SBEI2005",5,5,5,150.054940325417,150.533999867353,6
"189",328,74,"1726/04/15",1726,4,15,1,1,1,36.6,36.3,15,6.1,"Jum",38.45,36.85,">7","","SBEI2005",7,7,7,176.446749708431,177.083188029439,6
"190",329,74,"1726/04/15",1726,4,15,1,1,1,36.6,36.3,15,6.1,"Aleppo",37.15,36.21,"7","","SBEI2005",7,7,7,50.4263939385567,52.6100865390517,6
"191",333,76,"1738/09/25",1738,9,25,1,1,1,36.5,36.7,10,6.2,"Bellen Bass",36.23,36.48,"07-Aug","","SBEI2005",8,7,7.5,34.3293222081574,35.7561514046393,6
"192",334,76,"1738/09/25",1738,9,25,1,1,1,36.5,36.7,10,6.2,"Antioch",36.16,36.2,"7","","SBEI2005",7,7,7,63.2520261533814,64.0376359066139,6
"193",335,76,"1738/09/25",1738,9,25,1,1,1,36.5,36.7,10,6.2,"Jabal Al-Amanus",36.33,36.75,"7","","SBEI2005",7,7,7,16.166141578964,19.0090539888525,6
"194",336,76,"1738/09/25",1738,9,25,1,1,1,36.5,36.7,10,6.2,"Aleppo",37.15,36.21,"05-Jun","","SBEI2005",6,5,5.5,79.6566896704289,80.2819295311903,6
"195",337,76,"1738/09/25",1738,9,25,1,1,1,36.5,36.7,10,6.2,"Kelless",37.12,36.72,"5","","SBEI2005",5,5,5,55.4403557354564,56.3350072696716,6
"228",384,89,"1802",1802,1,1,1,1,1,36.2,34,10,6.1,"Baalbak",36.21,34,"6","","SBEI2005",6,6,6,0.923847963552987,10.0425840827827,6
"229",385,91,"1814",1814,1,1,1,1,1,35.8,32.8,10,6,"Al-Laja",36.39,32.93,"06-Jul","","SBEI2005",7,6,6.5,57.0677909736471,57.9373175648638,6
"254",437,165,"",1927,NA,NA,NA,NA,NA,35.5,31.8,15,6.1," Abu-Gosh",35.1,31.8,"","","ZOHAR2012",NA,NA,6.5,37.8790606136883,40.7409282291834,6
"255",438,165,"",1927,NA,NA,NA,NA,NA,35.5,31.8,15,6.1," Abu-Dis",35.26,31.76,"","","ZOHAR2012",NA,NA,7.5,23.159941967742,27.5931678491103,6
"256",439,165,"",1927,NA,NA,NA,NA,NA,35.5,31.8,15,6.1," Abu-Tlul",34.87,31.19,"","","ZOHAR2012",NA,NA,5,90.2544081721916,91.492394189422,6
"257",440,165,"",1927,NA,NA,NA,NA,NA,35.5,31.8,15,6.1," Um-el-Fahm",35.15,32.51,"","","ZOHAR2012",NA,NA,5.5,85.2867814260064,86.5958144831919,6
"258",441,165,"",1927,NA,NA,NA,NA,NA,35.5,31.8,15,6.1," Um Juni",35.56,32.7,"","","ZOHAR2012",NA,NA,7,99.8427601384683,100.963244559927,6
"259",442,165,"",1927,NA,NA,NA,NA,NA,35.5,31.8,15,6.1," El Hama",35.66,32.68,"","","ZOHAR2012",NA,NA,7,98.6266931897133,99.7608370531134,6
"260",445,165,"",1927,NA,NA,NA,NA,NA,35.5,31.8,15,6.1," A-Salt",35.72,32.04,"","","ZOHAR2012",NA,NA,8.5,33.7552521958836,36.9380163355817,6
"261",446,165,"",1927,NA,NA,NA,NA,NA,35.5,31.8,15,6.1," Irbid",35.85,32.56,"","","ZOHAR2012",NA,NA,7.5,90.415286719142,91.6510996797347,6
"262",447,165,"",1927,NA,NA,NA,NA,NA,35.5,31.8,15,6.1," A-Ram",35.23,31.85,"","","ZOHAR2012",NA,NA,7,26.154391465799,30.1504924163149,6
"263",448,165,"",1927,NA,NA,NA,NA,NA,35.5,31.8,15,6.1," Beer Sheva",34.8,31.24,"","","ZOHAR2012",NA,NA,5,90.9199876204994,92.149032273333,6
"264",449,165,"",1927,NA,NA,NA,NA,NA,35.5,31.8,15,6.1," Bira",35.22,31.91,"","","ZOHAR2012",NA,NA,7.5,29.1657262466501,32.7969447890277,6
"265",450,165,"",1927,NA,NA,NA,NA,NA,35.5,31.8,15,6.1," Bet Alfa",35.42,32.51,"","","ZOHAR2012",NA,NA,6,78.9983346135075,80.4098058181195,6
"266",451,165,"",1927,NA,NA,NA,NA,NA,35.5,31.8,15,6.1," Bet Jala",35.18,31.72,"","","ZOHAR2012",NA,NA,7.5,31.5843684808202,34.9653018338499,6
"267",452,165,"",1927,NA,NA,NA,NA,NA,35.5,31.8,15,6.1," Bet Govrin",34.89,31.6,"","","ZOHAR2012",NA,NA,6,61.9242298215118,63.7150707367371,6
"268",453,165,"",1927,NA,NA,NA,NA,NA,35.5,31.8,15,6.1," Bet Gimal",34.97,31.72,"","","ZOHAR2012",NA,NA,6.5,50.9869824147225,53.1476469447069,6
"269",454,165,"",1927,NA,NA,NA,NA,NA,35.5,31.8,15,6.1," Bet HaKerem",35.2,31.78,"","","ZOHAR2012",NA,NA,7,28.4985651895311,32.2050961473795,6
"270",455,165,"",1927,NA,NA,NA,NA,NA,35.5,31.8,15,6.1," Bet Lehem",35.2,31.7,"","","ZOHAR2012",NA,NA,7.5,30.5058083487234,33.9941810168894,6
"271",456,165,"",1927,NA,NA,NA,NA,NA,35.5,31.8,15,6.1," Bet Likia",35.06,31.86,"","","ZOHAR2012",NA,NA,6.5,42.180179013676,44.7679293872942,6
"272",457,165,"",1927,NA,NA,NA,NA,NA,35.5,31.8,15,6.1," Bet Shean",35.5,32.49,"","","ZOHAR2012",NA,NA,6,76.421792586657,77.8799742049137,6
"273",458,165,"",1927,NA,NA,NA,NA,NA,35.5,31.8,15,6.1," Bet Sorik",35.15,31.82,"","","ZOHAR2012",NA,NA,7,33.2145474735671,36.4445628849331,6
"274",459,165,"",1927,NA,NA,NA,NA,NA,35.5,31.8,15,6.1," Binyamina",34.94,32.52,"","","ZOHAR2012",NA,NA,5.5,95.6527231976473,96.8217096271582,6
"275",460,165,"",1927,NA,NA,NA,NA,NA,35.5,31.8,15,6.1," Batir",35.14,31.73,"","","ZOHAR2012",NA,NA,7,34.9739909827275,38.0549608495384,6
"276",461,165,"",1927,NA,NA,NA,NA,NA,35.5,31.8,15,6.1," Gedera",34.77,31.81,"","","ZOHAR2012",NA,NA,6,69.134342905291,70.7428962436962,6
"277",462,165,"",1927,NA,NA,NA,NA,NA,35.5,31.8,15,6.1," Gimzoo",34.95,31.92,"","","ZOHAR2012",NA,NA,7.5,53.719824077637,55.7747209668705,6
"278",463,165,"",1927,NA,NA,NA,NA,NA,35.5,31.8,15,6.1," Jiftlik",35.48,32.14,"","","ZOHAR2012",NA,NA,7,37.7033161689048,40.5775806342912,6
"279",464,165,"",1927,NA,NA,NA,NA,NA,35.5,31.8,15,6.1," Jaljulia",34.95,32.15,"","","ZOHAR2012",NA,NA,6,64.8461364031158,66.5584059785952,6
"280",465,165,"",1927,NA,NA,NA,NA,NA,35.5,31.8,15,6.1," Genin",35.3,32.46,"","","ZOHAR2012",NA,NA,6,75.4955501451954,76.9712809541696,6
"281",466,165,"",1927,NA,NA,NA,NA,NA,35.5,31.8,15,6.1," Jeser Magmi",35.56,32.63,"","","ZOHAR2012",NA,NA,7,92.1026973842748,93.3161661528125,6
"282",467,165,"",1927,NA,NA,NA,NA,NA,35.5,31.8,15,6.1," Jeresh",35.9,32.28,"","","ZOHAR2012",NA,NA,7,65.2191008659385,66.9218284101792,6
"283",468,165,"",1927,NA,NA,NA,NA,NA,35.5,31.8,15,6.1," Gesher",35.55,32.62,"","","ZOHAR2012",NA,NA,7,90.943438346692,92.1721703027469,6
"284",469,165,"",1927,NA,NA,NA,NA,NA,35.5,31.8,15,6.1," Alenbi Bridge",35.54,31.87,"","","ZOHAR2012",NA,NA,8,8.62775228873364,17.3042800935418,6
"285",470,165,"",1927,NA,NA,NA,NA,NA,35.5,31.8,15,6.1," Bnot ‹¨½‹ó?‹ó? Yaa'kov",35.63,33.01,"","","ZOHAR2012",NA,NA,6.5,134.578297083807,135.411661410594,6
"286",471,165,"",1927,NA,NA,NA,NA,NA,35.5,31.8,15,6.1," Daharia",34.98,31.41,"","","ZOHAR2012",NA,NA,6,65.5773312482322,67.2709920667175,6
"287",472,165,"",1927,NA,NA,NA,NA,NA,35.5,31.8,15,6.1," Dir-a-Shech",35.07,31.74,"","","ZOHAR2012",NA,NA,6.5,41.2715562500506,43.9128837051393,6
"288",474,165,"",1927,NA,NA,NA,NA,NA,35.5,31.8,15,6.1," Daraa'",36.07,32.63,"","","ZOHAR2012",NA,NA,6,106.48086545122,107.532203117209,6
"289",475,165,"",1927,NA,NA,NA,NA,NA,35.5,31.8,15,6.1," Zeitim Mountain",35.25,31.78,"","","ZOHAR2012",NA,NA,7.5,23.780346012477,28.1159182043399,6
"290",476,165,"",1927,NA,NA,NA,NA,NA,35.5,31.8,15,6.1," Toov Mountain",35.01,31.76,"","","ZOHAR2012",NA,NA,6.5,46.6227549374416,48.9763338558199,6
"291",477,165,"",1927,NA,NA,NA,NA,NA,35.5,31.8,15,6.1," Carmel Mountain",35.04,32.75,"","","ZOHAR2012",NA,NA,6,113.795240461992,114.77960076513,6
"292",478,165,"",1927,NA,NA,NA,NA,NA,35.5,31.8,15,6.1," Zofim Mountain",35.25,31.8,"","","ZOHAR2012",NA,NA,7.5,23.6744210189377,28.0263841867252,6
"293",479,165,"",1927,NA,NA,NA,NA,NA,35.5,31.8,15,6.1," Herzelia",34.8,32.16,"","","ZOHAR2012",NA,NA,5,77.2444019036282,78.6873409478884,6
"294",480,165,"",1927,NA,NA,NA,NA,NA,35.5,31.8,15,6.1," Vadi Shueib",35.61,31.91,"","","ZOHAR2012",NA,NA,8,16.0247210769082,21.9497536567658,6
"295",481,165,"",1927,NA,NA,NA,NA,NA,35.5,31.8,15,6.1," Zarka",36.09,32.07,"","","ZOHAR2012",NA,NA,7,63.2984839526327,65.0515032163108,6
"296",482,165,"",1927,NA,NA,NA,NA,NA,35.5,31.8,15,6.1," Zichron Yaa'kov",34.94,32.57,"","","ZOHAR2012",NA,NA,5.5,100.308847604233,101.424183051624,6
"297",484,165,"",1927,NA,NA,NA,NA,NA,35.5,31.8,15,6.1," Hebron",35.1,31.53,"","","ZOHAR2012",NA,NA,7,48.3018160480268,50.5773213361228,6
"298",485,165,"",1927,NA,NA,NA,NA,NA,35.5,31.8,15,6.1," Haifa",35,32.81,"","","ZOHAR2012",NA,NA,6,121.373289389244,122.296669526056,6
"299",486,165,"",1927,NA,NA,NA,NA,NA,35.5,31.8,15,6.1," Tabha",35.53,32.87,"","","ZOHAR2012",NA,NA,6.5,118.546996375236,119.492218782606,6
"300",487,165,"",1927,NA,NA,NA,NA,NA,35.5,31.8,15,6.1," Tiberias",35.54,32.78,"","","ZOHAR2012",NA,NA,6.5,108.609393171548,109.640322350364,6
"301",488,165,"",1927,NA,NA,NA,NA,NA,35.5,31.8,15,6.1," Tool-Karem",35.02,32.3,"","","ZOHAR2012",NA,NA,6,71.5649960997527,73.1200975570849,6
"302",489,165,"",1927,NA,NA,NA,NA,NA,35.5,31.8,15,6.1," Tapila",35.61,30.84,"","","ZOHAR2012",NA,NA,5,106.824130147805,107.872122357147,6
"303",490,165,"",1927,NA,NA,NA,NA,NA,35.5,31.8,15,6.1," Yalo",35.02,31.83,"","","ZOHAR2012",NA,NA,7,45.5687964670612,47.9741098036894,6
"304",491,165,"",1927,NA,NA,NA,NA,NA,35.5,31.8,15,6.1," Yavne",34.75,31.87,"","","ZOHAR2012",NA,NA,6,71.4183441996774,72.9765708171026,6
"305",492,165,"",1927,NA,NA,NA,NA,NA,35.5,31.8,15,6.1," Jafa",34.75,32.06,"","","ZOHAR2012",NA,NA,5.5,76.5459355521184,78.0017964507809,6
"306",493,165,"",1927,NA,NA,NA,NA,NA,35.5,31.8,15,6.1," Jerusalem",35.22,31.78,"","","ZOHAR2012",NA,NA,7,26.6105456323892,30.5470315882488,6
"307",495,165,"",1927,NA,NA,NA,NA,NA,35.5,31.8,15,6.1," Holly Mountain",35.24,31.78,"","","ZOHAR2012",NA,NA,7.5,24.7234646687943,28.917982385172,6
"308",496,165,"",1927,NA,NA,NA,NA,NA,35.5,31.8,15,6.1," Jericho",35.45,31.86,"","","ZOHAR2012",NA,NA,8,8.15842713173475,17.0751261566006,6
"309",497,165,"",1927,NA,NA,NA,NA,NA,35.5,31.8,15,6.1," Jru. ‹¨½‹ó?‹ó? Jericho Road 1",35.4,31.8,"","","ZOHAR2012",NA,NA,8,9.46977015980591,17.7391247495346,6
"310",498,165,"",1927,NA,NA,NA,NA,NA,35.5,31.8,15,6.1," Jre. ‹¨½‹ó?‹ó? Jericho Road 2",35.41,31.81,"","","ZOHAR2012",NA,NA,7.5,8.59399067527981,17.287471640665,6
"311",499,165,"",1927,NA,NA,NA,NA,NA,35.5,31.8,15,6.1," Amman ‹¨½‹ó?‹ó? Jordan Road",35.64,31.82,"","","ZOHAR2012",NA,NA,8,13.4400203462223,20.1403611414212,6
"312",501,165,"",1927,NA,NA,NA,NA,NA,35.5,31.8,15,6.1," Shiloach Village",35.24,31.76,"","","ZOHAR2012",NA,NA,7.5,25.0219503062548,29.1735838924306,6
"313",502,165,"",1927,NA,NA,NA,NA,NA,35.5,31.8,15,6.1," Kafaringi",35.7,32.29,"","","ZOHAR2012",NA,NA,8,57.4628231909952,59.3883494389226,6
"314",503,165,"",1927,NA,NA,NA,NA,NA,35.5,31.8,15,6.1," Karach",35.69,31.18,"","","ZOHAR2012",NA,NA,6.5,70.9939604453134,72.5613011164403,6
"315",504,165,"",1927,NA,NA,NA,NA,NA,35.5,31.8,15,6.1," Lod",34.89,31.95,"","","ZOHAR2012",NA,NA,7,60.0618597611888,61.9065989856713,6
"316",505,165,"",1927,NA,NA,NA,NA,NA,35.5,31.8,15,6.1," Migdal",35.5,32.84,"","","ZOHAR2012",NA,NA,5,115.190221764865,116.162761633145,6
"317",506,165,"",1927,NA,NA,NA,NA,NA,35.5,31.8,15,6.1," Migdal Yava",34.95,32.08,"","","ZOHAR2012",NA,NA,5.5,60.5486370268905,62.3789824044456,6
"318",507,165,"",1927,NA,NA,NA,NA,NA,35.5,31.8,15,6.1," Midba",35.79,31.73,"","","ZOHAR2012",NA,NA,7,28.5454902497945,32.2466279415556,6
"319",508,165,"",1927,NA,NA,NA,NA,NA,35.5,31.8,15,6.1," Moza",35.16,31.79,"","","ZOHAR2012",NA,NA,7.5,32.2179799026653,35.5386863714537,6
"320",509,165,"",1927,NA,NA,NA,NA,NA,35.5,31.8,15,6.1," Maa'n",35.72,30.19,"","","ZOHAR2012",NA,NA,5,179.513658031156,180.139261183472,6
"321",511,165,"",1927,NA,NA,NA,NA,NA,35.5,31.8,15,6.1," Mrar",35.4,32.88,"","","ZOHAR2012",NA,NA,7,119.990907950765,120.924844390427,6
"322",512,165,"",1927,NA,NA,NA,NA,NA,35.5,31.8,15,6.1," Masada",35.36,31.31,"","","ZOHAR2012",NA,NA,8,55.8689000088321,57.847506326521,6
"323",513,165,"",1927,NA,NA,NA,NA,NA,35.5,31.8,15,6.1," Merhavia",35.31,32.59,"","","ZOHAR2012",NA,NA,6.5,89.3134160187451,90.5642660266036,6
"324",514,165,"",1927,NA,NA,NA,NA,NA,35.5,31.8,15,6.1," Mar-sava",35.34,31.71,"","","ZOHAR2012",NA,NA,7.5,18.1422040643505,23.5401692498702,6
"325",515,165,"",1927,NA,NA,NA,NA,NA,35.5,31.8,15,6.1," Meslovia",35.63,31.76,"","","ZOHAR2012",NA,NA,8,13.0859629588324,19.9058390066818,6
"326",517,165,"",1927,NA,NA,NA,NA,NA,35.5,31.8,15,6.1," Nahalal",35.19,32.68,"","","ZOHAR2012",NA,NA,6,101.751571126986,102.851262640816,6
"327",518,165,"",1927,NA,NA,NA,NA,NA,35.5,31.8,15,6.1," Naharia",35.09,33.01,"","","ZOHAR2012",NA,NA,6,139.46078728359,140.265146026227,6
"328",519,165,"",1927,NA,NA,NA,NA,NA,35.5,31.8,15,6.1," Sorek River",34.87,31.8,"","","ZOHAR2012",NA,NA,6.5,59.6594706536376,61.5162778349946,6
"329",520,165,"",1927,NA,NA,NA,NA,NA,35.5,31.8,15,6.1," Nes-Ziona",34.8,31.92,"","","ZOHAR2012",NA,NA,7,67.5653012228199,69.2103310881431,6
"330",521,165,"",1927,NA,NA,NA,NA,NA,35.5,31.8,15,6.1," Nazeret",35.3,32.7,"","","ZOHAR2012",NA,NA,7,101.448496377586,102.55143790934,6
"331",522,165,"",1927,NA,NA,NA,NA,NA,35.5,31.8,15,6.1," Salfit",35.18,32.08,"","","ZOHAR2012",NA,NA,7,43.3260755328817,45.8491965151078,6
"332",523,165,"",1927,NA,NA,NA,NA,NA,35.5,31.8,15,6.1," Sweida",36.58,32.7,"","","ZOHAR2012",NA,NA,7,142.456903416795,143.244439093118,6
"333",524,165,"",1927,NA,NA,NA,NA,NA,35.5,31.8,15,6.1," Abadia",35.55,32.68,"","","ZOHAR2012",NA,NA,7,97.5810355670193,98.7271923146399,6
"334",525,165,"",1927,NA,NA,NA,NA,NA,35.5,31.8,15,6.1," Ajloon",35.74,32.33,"","","ZOHAR2012",NA,NA,8,62.9224824609304,64.6856923828299,6
"335",526,165,"",1927,NA,NA,NA,NA,NA,35.5,31.8,15,6.1," Gaza",34.46,31.5,"","","ZOHAR2012",NA,NA,6.5,104.088306293635,105.163565492416,6
"336",527,165,"",1927,NA,NA,NA,NA,NA,35.5,31.8,15,6.1," Azraa'",36.24,32.85,"","","ZOHAR2012",NA,NA,6,135.57163658174,136.398931980611,6
"337",528,165,"",1927,NA,NA,NA,NA,NA,35.5,31.8,15,6.1," Atara",35.2,32,"","","ZOHAR2012",NA,NA,7,35.9995656297486,38.9995990432027,6
"338",529,165,"",1927,NA,NA,NA,NA,NA,35.5,31.8,15,6.1," Ein-el-Kelt",35.37,31.83,"","","ZOHAR2012",NA,NA,7.5,12.7492312370274,19.6861092431998,6
"339",530,165,"",1927,NA,NA,NA,NA,NA,35.5,31.8,15,6.1," Ein Dok",35.43,31.88,"","","ZOHAR2012",NA,NA,7.5,11.0635501977304,18.6387269677331,6
"340",531,165,"",1927,NA,NA,NA,NA,NA,35.5,31.8,15,6.1," Ein Harod",35.39,32.56,"","","ZOHAR2012",NA,NA,6,84.8120707295765,86.1283190445436,6
"341",532,165,"",1927,NA,NA,NA,NA,NA,35.5,31.8,15,6.1," Ein Karem",35.17,31.77,"","","ZOHAR2012",NA,NA,7,31.4313649624727,34.8271546843,6
"342",533,165,"",1927,NA,NA,NA,NA,NA,35.5,31.8,15,6.1," Ein Musa",35.73,31.76,"","","ZOHAR2012",NA,NA,7,22.2309877880855,26.8182180249547,6
"343",534,165,"",1927,NA,NA,NA,NA,NA,35.5,31.8,15,6.1," Ein Kinia",35.15,31.93,"","","ZOHAR2012",NA,NA,7,36.1148218962626,39.1060143788493,6
"344",535,165,"",1927,NA,NA,NA,NA,NA,35.5,31.8,15,6.1," Ein Fara'",35.35,32.29,"","","ZOHAR2012",NA,NA,7,56.0881345933264,58.0592700794549,6
"345",536,165,"",1927,NA,NA,NA,NA,NA,35.5,31.8,15,6.1," Aco",35.07,32.93,"","","ZOHAR2012",NA,NA,6,131.539386715434,132.391881388069,6
"346",537,165,"",1927,NA,NA,NA,NA,NA,35.5,31.8,15,6.1," Anab",34.93,31.39,"","","ZOHAR2012",NA,NA,6,70.6258312803344,72.2011637304986,6
"347",538,165,"",1927,NA,NA,NA,NA,NA,35.5,31.8,15,6.1," Afula",35.28,32.6,"","","ZOHAR2012",NA,NA,6.5,91.0013982889826,92.2293580729587,6
"348",540,165,"",1927,NA,NA,NA,NA,NA,35.5,31.8,15,6.1," Ekron",34.83,31.85,"","","ZOHAR2012",NA,NA,6.5,63.6715139542253,65.4145372927387,6
"349",542,165,"",1927,NA,NA,NA,NA,NA,35.5,31.8,15,6.1," Petah Tikva",34.9,32.1,"","","ZOHAR2012",NA,NA,5.5,65.7404194781356,67.4299840809801,6
"350",543,165,"",1927,NA,NA,NA,NA,NA,35.5,31.8,15,6.1," Tzemach",35.58,32.71,"","","ZOHAR2012",NA,NA,7,101.071720996161,102.178729612018,6
"351",544,165,"",1927,NA,NA,NA,NA,NA,35.5,31.8,15,6.1," Safed",35.49,32.96,"","","ZOHAR2012",NA,NA,6.5,128.486285065658,129.358901703646,6
"352",545,165,"",1927,NA,NA,NA,NA,NA,35.5,31.8,15,6.1," Tzora",34.98,31.77,"","","ZOHAR2012",NA,NA,6.5,49.3626471353131,51.5913842827021,6
"353",546,165,"",1927,NA,NA,NA,NA,NA,35.5,31.8,15,6.1," Kabab",34.75,31.89,"","","ZOHAR2012",NA,NA,7,71.6850085102411,73.2375617092305,6
"354",549,165,"",1927,NA,NA,NA,NA,NA,35.5,31.8,15,6.1," Kalkilia",34.96,32.19,"","","ZOHAR2012",NA,NA,5.5,66.8550497851576,68.5171342203971,6
"355",550,165,"",1927,NA,NA,NA,NA,NA,35.5,31.8,15,6.1," Kiriat Anavim",35.12,31.81,"","","ZOHAR2012",NA,NA,7,36.0002102539597,39.0001940806621,6
"356",552,165,"",1927,NA,NA,NA,NA,NA,35.5,31.8,15,6.1," Rosh Ha'ayin",34.92,32.1,"","","ZOHAR2012",NA,NA,6,64.1159368062892,65.847196998415,6
"357",553,165,"",1927,NA,NA,NA,NA,NA,35.5,31.8,15,6.1," Amman",35.93,31.95,"","","ZOHAR2012",NA,NA,8.5,43.9477514659969,46.4371064873451,6
"358",554,165,"",1927,NA,NA,NA,NA,NA,35.5,31.8,15,6.1," Rehovot",34.81,31.9,"","","ZOHAR2012",NA,NA,6.5,66.2384760328716,67.9156514152467,6
"359",555,165,"",1927,NA,NA,NA,NA,NA,35.5,31.8,15,6.1," Reina",35.3,32.72,"","","ZOHAR2012",NA,NA,7.5,103.625728270489,104.70573794969,6
"360",556,165,"",1927,NA,NA,NA,NA,NA,35.5,31.8,15,6.1," Ramle",34.87,31.92,"","","ZOHAR2012",NA,NA,7,61.0840949482364,62.8988605273988,6
"361",557,165,"",1927,NA,NA,NA,NA,NA,35.5,31.8,15,6.1," Ramat Yishai",35.17,32.7,"","","ZOHAR2012",NA,NA,5,104.420349017549,105.492223831649,6
"362",560,165,"",1927,NA,NA,NA,NA,NA,35.5,31.8,15,6.1," Shunam",35.33,32.6,"","","ZOHAR2012",NA,NA,6.5,90.0439281703309,91.2847687204372,6
"363",561,165,"",1927,NA,NA,NA,NA,NA,35.5,31.8,15,6.1," Borochov Nei.",34.81,32.07,"","","ZOHAR2012",NA,NA,5.5,71.7718850383274,73.322598712504,6
"364",562,165,"",1927,NA,NA,NA,NA,NA,35.5,31.8,15,6.1," Nablus",35.25,32.21,"","","ZOHAR2012",NA,NA,8,51.1853839522271,53.338012058352,6
"365",563,165,"",1927,NA,NA,NA,NA,NA,35.5,31.8,15,6.1," Tel Aviv",34.77,32.07,"","","ZOHAR2012",NA,NA,5.5,75.2268389885267,76.7077395326294,6
"366",564,165,"",1927,NA,NA,NA,NA,NA,35.5,31.8,15,6.1," Tel Yosef",35.39,32.53,"","","ZOHAR2012",NA,NA,6,81.5153179715091,82.883937309929,6
"367",565,165,"",1927,NA,NA,NA,NA,NA,35.5,31.8,15,6.1," Dead sea North 1",35.53,31.76,"","","ZOHAR2012",NA,NA,8.5,5.26294674967677,15.8964967363861,6
"368",566,165,"",1927,NA,NA,NA,NA,NA,35.5,31.8,15,6.1," Dead sea North 2",35.46,31.73,"","","ZOHAR2012",NA,NA,8.5,8.62891585161576,17.3048602645114,6
"369",567,165,"",1927,NA,NA,NA,NA,NA,35.5,31.8,15,6.1," Dead sea North 3",35.5,31.74,"","","ZOHAR2012",NA,NA,8.5,6.64491218473844,16.4059397153252,6
"370",568,165,"",1927,NA,NA,NA,NA,NA,35.5,31.8,15,6.1," Jordan Bank",35.54,31.83,"","","ZOHAR2012",NA,NA,8.5,5.03808291726518,15.8234724217297,6
"371",569,165,"",1927,NA,NA,NA,NA,NA,35.5,31.8,15,6.1," Yarmuch fall",35.67,32.68,"","","ZOHAR2012",NA,NA,7,98.7751693098432,99.9076276977298,6
