"","EventID","date","year","month","day","hour","minute","second","epi_lon","epi_lat","depth","magnitude","Intensity.location","lon","lat","Intensity..EMS.92.","Note","Source","Conservative.Int","Least.Int","MeanInt","R_epi","check"
"1",6,"-65",-64,1,1,1,1,1,36.1,36.2,10,7.4,"Antioch",36.16,36.2,"07-Aug","","SBEI2005",8,8,8,5.39612803463067,0
"2",6,"-65",-64,1,1,1,1,1,36.1,36.2,10,7.4,"Al-Quds",35.23,31.78,"6","","SBEI2005",6,6,6,496.258993291726,0
"3",6,"-65",-64,1,1,1,1,1,36.1,36.2,10,7.4,"Salamis",33.9,35.18,"03-Apr","","SBEI2005",4,3,3.5,228.974450457759,0
"4",6,"-65",-64,1,1,1,1,1,36.1,36.2,10,7.4,"Famagusta",33.92,35.11,"03-Apr","","SBEI2005",4,3,3.5,231.429014483425,0
"5",127,"37",37,1,1,1,1,1,36.3,36,10,6.2,"Antioch",36.16,36.2,"07-Aug","","SBEI2005",8,7,7.5,25.5019747855888,0
"6",127,"37",37,1,1,1,1,1,36.3,36,10,6.2,"Dafneh",35.65,34.02,"7","","SBEI2005",7,7,7,227.294272372169,1
"7",127,"37",37,1,1,1,1,1,36.3,36,10,6.2,"Al-Quds",35.23,31.78,"4","","SBEI2005",4,4,4,477.896142566427,0
"8",138,"53",53,1,1,1,1,1,36.5,36.2,30,6.6,"Antioch",36.16,36.2,"07-Aug","Map in SBEI","SBEI2005",8,7,7.5,30.578043700521,0
"9",138,"53",53,1,1,1,1,1,36.5,36.2,30,6.6,"Afamia",36.58,35.06,"06-Jul","Map in SBEI","SBEI2005",7,6,6.5,126.553520871036,0
"10",138,"53",53,1,1,1,1,1,36.5,36.2,30,6.6,"Manbej",37.95,36.53,"06-Jul","Map in SBEI","SBEI2005",7,6,6.5,135.173768524658,0
"11",138,"53",53,1,1,1,1,1,36.5,36.2,30,6.6,"Lattakia",35.78,35.53,"06-Jul","Map in SBEI","SBEI2005",7,6,6.5,98.70619367863,0
"12",27,"115/12/13",115,12,13,1,1,1,36.1,36.1,10,7.3,"Antioch",36.16,36.2,"7","","SBEI2005",7,7,7,12.3293039341999,0
"13",27,"115/12/13",115,12,13,1,1,1,36.1,36.1,10,7.3,"Eleyah",36.16,36.2,"06-Jul","","SBEI2005",7,6,6.5,12.3293039341999,0
"14",27,"115/12/13",115,12,13,1,1,1,36.1,36.1,10,7.3,"Mirana",36.16,36.2,"06-Jul","","SBEI2005",7,6,6.5,12.3293039341999,0
"15",27,"115/12/13",115,12,13,1,1,1,36.1,36.1,10,7.3,"Rhodos",28.22,36.43,"4","","SBEI2005",4,4,4,708.851479014338,0
"16",123,"303-304",303,1,1,1,1,1,34.3,33.8,20,7.1,"Sidon",35.61,33.49,"8","","SBEI2005",8,8,8,126.283706255419,0
"17",123,"303-304",303,1,1,1,1,1,34.3,33.8,20,7.1,"Tyre",35.2,33.27,"8","","SBEI2005",8,8,8,102.155463307206,0
"18",123,"303-304",303,1,1,1,1,1,34.3,33.8,20,7.1,"Al-Quds",35.23,31.78,"03-Apr","","SBEI2005",4,3,3.5,240.11121227264,0
"19",124,"341",341,1,1,1,1,1,36.1,36.2,10,6.1,"Antioch",36.16,36.2,"06-Jul","","SBEI2005",7,6,6.5,5.39612803463067,0
"20",124,"341",341,1,1,1,1,1,36.1,36.2,10,6.1,"Beirut",35.5,33.89,"7","","SBEI2005",7,7,7,261.773536719566,1
"21",126,"363/05/18-19",363,5,19,1,1,1,35.4,31.5,10,7.4,"Panyas",35.69,33.25,"7","","SBEI2005",7,7,7,195.743139678698,1
"22",129,"450-457/09",457,9,14,1,1,1,36.1,36.1,10,6.3,"Tripoli",35.83,34.44,"06-Jul","","SBEI2005",7,6,6.5,185.597231137512,0
"23",133,"494",494,1,1,1,1,1,36.3,35.8,25,6.5,"Antioch",36.16,36.2,"7","","SBEI2005",7,7,7,46.0969875192915,0
"24",133,"494",494,1,1,1,1,1,36.3,35.8,25,6.5,"Tripoli",35.83,34.44,"06-Jul","","SBEI2005",7,6,6.5,156.683729249176,0
"25",133,"494",494,1,1,1,1,1,36.3,35.8,25,6.5,"Lattakia",35.78,35.53,"06-Jul","","SBEI2005",7,6,6.5,55.7870582135231,0
"26",133,"494",494,1,1,1,1,1,36.3,35.8,25,6.5,"Beirut",35.5,33.89,"5","","SBEI2005",5,5,5,223.939695272116,0
"27",134,"502/08/22",502,8,22,1,1,1,34.8,33,30,7.2,"Akka",35.08,32.93,"8","","SBEI2005",8,8,8,27.3014894729154,0
"28",134,"502/08/22",502,8,22,1,1,1,34.8,33,30,7.2,"Tyre",35.2,33.27,"07-Aug","","SBEI2005",8,7,7.5,47.8295400339723,0
"29",134,"502/08/22",502,8,22,1,1,1,34.8,33,30,7.2,"Sidon",35.61,33.49,"07-Aug","","SBEI2005",8,7,7.5,92.9766043701684,0
"30",134,"502/08/22",502,8,22,1,1,1,34.8,33,30,7.2,"Beirut",35.5,33.89,"7","","SBEI2005",7,7,7,118.141314897629,0
"31",134,"502/08/22",502,8,22,1,1,1,34.8,33,30,7.2,"Safad",35.5,32.96,"6","","SBEI2005",6,6,6,65.5817453024226,0
"32",134,"502/08/22",502,8,22,1,1,1,34.8,33,30,7.2,"Reina",35.32,32.72,"6","","SBEI2005",6,6,6,57.7142647168873,0
"33",136,"526/05/20-29",526,5,20,1,1,1,36.1,36.2,10,6.8,"Antioch",36.16,36.2,"8","","SBEI2005",8,8,8,5.39612803463067,0
"34",136,"526/05/20-29",526,5,20,1,1,1,36.1,36.2,10,6.8,"Dafneh",35.65,34.02,"7","","SBEI2005",7,7,7,245.041894447644,1
"35",136,"526/05/20-29",526,5,20,1,1,1,36.1,36.2,10,6.8,"Seleucea",35.92,36.12,"7","","SBEI2005",7,7,7,18.4650291864804,0
"36",137,"528/11/29",528,11,29,1,1,1,36.1,36.2,10,6.9,"Antioch",36.16,36.2,"07-Aug","","SBEI2005",8,7,7.5,5.39612803463067,0
"37",137,"528/11/29",528,11,29,1,1,1,36.1,36.2,10,6.9,"Lattakia",35.78,35.53,"06-Jul","","SBEI2005",7,6,6.5,79.6849718937684,0
"38",139,"531-534",531,1,1,1,1,1,37.2,35.5,15,6.5,"Homs",36.72,34.77,"06-Jul","","SBEI2005",7,6,6.5,91.967886469196,0
"39",139,"531-534",531,1,1,1,1,1,37.2,35.5,15,6.5,"Aleppo",37.15,36.21,"06-Jul","","SBEI2005",7,6,6.5,78.8220516575229,0
"40",139,"531-534",531,1,1,1,1,1,37.2,35.5,15,6.5,"Antioch",36.16,36.2,"6","","SBEI2005",6,6,6,121.839869727181,0
"41",140,"551/07/09",551,7,9,1,1,1,35.5,33.9,15,7.2,"Beirut",35.5,33.89,"09-Oct","","SBEI2005",10,9,9.5,1.10792670614571,0
"42",140,"551/07/09",551,7,9,1,1,1,35.5,33.9,15,7.2,"Sur",35.2,33.27,"09-Oct","","SBEI2005",10,9,9.5,75.1460764512387,0
"43",140,"551/07/09",551,7,9,1,1,1,35.5,33.9,15,7.2,"Tripoli",35.83,34.44,"09-Oct","","SBEI2005",10,9,9.5,67.1228556660887,0
"44",140,"551/07/09",551,7,9,1,1,1,35.5,33.9,15,7.2,"Byblus",35.65,34.12,"09-Oct","","SBEI2005",10,9,9.5,28.0378814604152,0
"45",140,"551/07/09",551,7,9,1,1,1,35.5,33.9,15,7.2,"Al-Batron",35.66,34.25,"09-Oct","","SBEI2005",10,9,9.5,41.4957258896585,0
"46",140,"551/07/09",551,7,9,1,1,1,35.5,33.9,15,7.2,"Shaqa",35.73,34.32,"09-Oct","","SBEI2005",10,9,9.5,51.1449630210642,0
"47",140,"551/07/09",551,7,9,1,1,1,35.5,33.9,15,7.2,"Sarfand",35.29,33.45,"07-Aug","","SBEI2005",8,7,7.5,53.5230651755313,0
"48",140,"551/07/09",551,7,9,1,1,1,35.5,33.9,15,7.2,"Sidon",35.61,33.49,"07-Aug","","SBEI2005",8,7,7.5,46.5540365704987,0
"49",140,"551/07/09",551,7,9,1,1,1,35.5,33.9,15,7.2,"Arwad",36.09,34.4,"03-Apr","","SBEI2005",4,3,3.5,77.6499233798561,0
"50",143,"565-571",565,1,1,1,1,1,36.2,36,30,6.1,"Antioch",36.16,36.2,"06-Jul","","SBEI2005",7,6,6.5,22.4587006886258,0
"51",143,"565-571",565,1,1,1,1,1,36.2,36,30,6.1,"Seleucea",35.92,36.12,"06-Jul","","SBEI2005",7,6,6.5,28.5182225975939,0
"52",143,"565-571",565,1,1,1,1,1,36.2,36,30,6.1,"Anazrabo",35.91,37.26,"6","","SBEI2005",6,6,6,142.060489371094,0
"53",143,"565-571",565,1,1,1,1,1,36.2,36,30,6.1,"Orfa",38.8,37.16,"4","","SBEI2005",4,4,4,265.845375656472,0
"54",148,"713/02/28",713,3,20,1,1,1,36,36,10,6.8,"Antioch",36.16,36.2,"06-Jul","","SBEI2005",7,6,6.5,26.4386742852236,0
"55",148,"713/02/28",713,3,20,1,1,1,36,36,10,6.8,"Aleppo",37.15,36.21,"06-Jul","","SBEI2005",7,6,6.5,106.133630495642,0
"56",148,"713/02/28",713,3,20,1,1,1,36,36,10,6.8,"Kennesreen",37,36,"06-Jul","","SBEI2005",7,6,6.5,90.1632863156292,0
"57",150,"747/01/18",747,1,18,1,1,1,35.6,32.5,25,7.2,"Mount Tabor",35.39,32.69,"07-Sep","Possibly 2 South and North","SBEI2005",9,7,8,28.8367478758693,0
"58",150,"747/01/18",747,1,18,1,1,1,35.6,32.5,25,7.2,"Baalbak",36.21,34,"8","Possibly 2 South and North","SBEI2005",8,8,8,175.621419552728,1
"59",150,"747/01/18",747,1,18,1,1,1,35.6,32.5,25,7.2,"Bosra",36.47,32.52,"7","Possibly 2 South and North","SBEI2005",7,7,7,81.7805309699484,0
"60",150,"747/01/18",747,1,18,1,1,1,35.6,32.5,25,7.2,"Nawa",36.04,32.89,"8","Possibly 2 South and North","SBEI2005",8,8,8,59.7373335090686,0
"61",150,"747/01/18",747,1,18,1,1,1,35.6,32.5,25,7.2,"Balqa",35.77,32.06,"8","Possibly 2 South and North","SBEI2005",8,8,8,51.2977797724497,0
"62",150,"747/01/18",747,1,18,1,1,1,35.6,32.5,25,7.2,"Al-Quds",35.23,31.78,"7","Possibly 2 South and North","SBEI2005",7,7,7,87.050285356236,0
"63",150,"747/01/18",747,1,18,1,1,1,35.6,32.5,25,7.2,"Beit Qubayeh",36.29,33.51,"07-Aug","Possibly 2 South and North","SBEI2005",8,7,7.5,129.130606634949,0
"64",150,"747/01/18",747,1,18,1,1,1,35.6,32.5,25,7.2,"Tabaryya",35.53,32.8,"7","Possibly 2 South and North","SBEI2005",7,7,7,33.872728410154,0
"65",150,"747/01/18",747,1,18,1,1,1,35.6,32.5,25,7.2,"Al-Ghouta",36.7,34.73,"7","Possibly 2 South and North","SBEI2005",7,7,7,267.306449384449,1
"66",150,"747/01/18",747,1,18,1,1,1,35.6,32.5,25,7.2,"Manbej",37.95,36.53,"7","Possibly 2 South and North","SBEI2005",7,7,7,495.901866856104,1
"67",150,"747/01/18",747,1,18,1,1,1,35.6,32.5,25,7.2,"Darayya",36.25,33.45,"6","Possibly 2 South and North","SBEI2005",6,6,6,121.515572747679,0
"68",150,"747/01/18",747,1,18,1,1,1,35.6,32.5,25,7.2,"Damascus",36.29,33.51,"05-Jun","Possibly 2 South and North","SBEI2005",6,5,5.5,129.130606634949,0
"69",150,"747/01/18",747,1,18,1,1,1,35.6,32.5,25,7.2,"Daraa",36.11,32.63,"05-Jun","Possibly 2 South and North","SBEI2005",6,5,5.5,50.0113219164026,0
"70",156,"846/08/28-847/08/16",847,4,1,1,1,1,36.3,33.5,10,6.1,"Antioch",36.16,36.2,">8","","SBEI2005",8,8,8,299.468889350531,1
"71",156,"846/08/28-847/08/16",847,4,1,1,1,1,36.3,33.5,10,6.1,"Damascus",36.29,33.51,"7","","SBEI2005",7,7,7,1.44591262261598,0
"72",156,"846/08/28-847/08/16",847,4,1,1,1,1,36.3,33.5,10,6.1,"Homs",36.72,34.77,"7","","SBEI2005",7,7,7,145.947920629943,0
"73",156,"846/08/28-847/08/16",847,4,1,1,1,1,36.3,33.5,10,6.1,"Antioch",36.16,36.2,"6","","SBEI2005",6,6,6,299.468889350531,0
"74",156,"846/08/28-847/08/16",847,4,1,1,1,1,36.3,33.5,10,6.1,"Al-Jazira",40.15,35.34,"6","","SBEI2005",6,6,6,408.393120388744,0
"75",156,"846/08/28-847/08/16",847,4,1,1,1,1,36.3,33.5,10,6.1,"Al-Mousel",43.13,36.34,"6","","SBEI2005",6,6,6,698.713297249409,0
"76",157,"847/11/24",847,11,24,1,1,1,36.3,34.4,35,7.5,"Damascus",36.29,33.51,"07-Aug","","SBEI2005",8,7,7.5,98.6109439201942,0
"77",157,"847/11/24",847,11,24,1,1,1,36.3,34.4,35,7.5,"Al-Ghouta",36.7,34.73,"07-Aug","","SBEI2005",8,7,7.5,51.8121328333686,0
"78",157,"847/11/24",847,11,24,1,1,1,36.3,34.4,35,7.5,"Al-Mazzeh",36.26,33.5,"7","","SBEI2005",7,7,7,99.7829827884813,0
"79",157,"847/11/24",847,11,24,1,1,1,36.3,34.4,35,7.5,"Beit Lahya",35.8,33.48,"7","","SBEI2005",7,7,7,111.92103663929,0
"80",157,"847/11/24",847,11,24,1,1,1,36.3,34.4,35,7.5,"Darayya",36.25,33.45,"7","","SBEI2005",7,7,7,105.355129955304,0
"81",157,"847/11/24",847,11,24,1,1,1,36.3,34.4,35,7.5,"Antioch",36.16,36.2,"6","","SBEI2005",6,6,6,199.886659189891,0
"82",157,"847/11/24",847,11,24,1,1,1,36.3,34.4,35,7.5,"Al-Mousel",43.13,36.34,"5","","SBEI2005",5,5,5,656.673058598459,0
"83",159,"859/12/30-860/01/29",859,12,30,1,1,1,36.4,35.7,33,7.4,"Antioch",36.16,36.2,"8","Map in SBEI","SBEI2005",8,8,8,59.4980673016337,0
"84",159,"859/12/30-860/01/29",859,12,30,1,1,1,36.4,35.7,33,7.4,"Lattakia",35.78,35.53,"8","Map in SBEI","SBEI2005",8,8,8,59.2473022948858,0
"85",159,"859/12/30-860/01/29",859,12,30,1,1,1,36.4,35.7,33,7.4,"Jableh",35.97,35.16,"8","Map in SBEI","SBEI2005",8,8,8,71.4573322303823,0
"86",159,"859/12/30-860/01/29",859,12,30,1,1,1,36.4,35.7,33,7.4,"Homs",36.72,34.77,"7","Map in SBEI","SBEI2005",7,7,7,107.100554583847,0
"87",159,"859/12/30-860/01/29",859,12,30,1,1,1,36.4,35.7,33,7.4,"Palmyra",38.27,34.56,"7","Map in SBEI","SBEI2005",7,7,7,212.145908503674,1
"88",159,"859/12/30-860/01/29",859,12,30,1,1,1,36.4,35.7,33,7.4,"Tarsus",34.9,36.93,"6","Map in SBEI","SBEI2005",6,6,6,191.654422835031,0
"89",159,"859/12/30-860/01/29",859,12,30,1,1,1,36.4,35.7,33,7.4,"Balis",38.04,35.96,"6","Map in SBEI","SBEI2005",6,6,6,150.958980100799,0
"90",159,"859/12/30-860/01/29",859,12,30,1,1,1,36.4,35.7,33,7.4,"Damascus",36.29,33.51,"6","Map in SBEI","SBEI2005",6,6,6,242.878634127686,0
"91",159,"859/12/30-860/01/29",859,12,30,1,1,1,36.4,35.7,33,7.4,"Adana",35.32,37,"6","Map in SBEI","SBEI2005",6,6,6,173.670459057491,0
"92",159,"859/12/30-860/01/29",859,12,30,1,1,1,36.4,35.7,33,7.4,"Al-Quds",35.23,31.78,"05-Jun","Map in SBEI","SBEI2005",6,5,5.5,447.610947011197,0
"93",159,"859/12/30-860/01/29",859,12,30,1,1,1,36.4,35.7,33,7.4,"Ar-Raqqa",38.99,35.81,"5","Map in SBEI","SBEI2005",5,5,5,234.554256374211,0
"94",159,"859/12/30-860/01/29",859,12,30,1,1,1,36.4,35.7,33,7.4,"Ras Al-Ein",40.07,36.85,"5","Map in SBEI","SBEI2005",5,5,5,353.496026378344,0
"95",159,"859/12/30-860/01/29",859,12,30,1,1,1,36.4,35.7,33,7.4,"Harran",39.02,36.87,"5","Map in SBEI","SBEI2005",5,5,5,268.722608935633,0
"96",159,"859/12/30-860/01/29",859,12,30,1,1,1,36.4,35.7,33,7.4,"Orfa",38.8,37.16,"5","Map in SBEI","SBEI2005",5,5,5,269.254232382491,0
"97",162,"963/07",963,7,22,1,1,1,37,36.5,10,6.2,"Izaz",37.03,36.35,"7","","SBEI2005",7,7,7,16.8432847669363,0
"98",163,"972",972,1,1,1,1,1,36.1,36.1,10,6,"Antioch",36.16,36.2,"06-Jul","","",7,6,6.5,12.3293039341999,0
"99",163,"972",972,1,1,1,1,1,36.1,36.1,10,6,"Damascus",36.29,33.51,"5","","SBEI2005",5,5,5,287.52912357154,0
"100",164,"991/04/05",991,4,5,1,1,1,36.2,33.3,22,6.5,"Baalbak",36.21,34,"08-Sep","","SBEI2005",9,8,8.5,77.5568068089923,0
"101",164,"991/04/05",991,4,5,1,1,1,36.2,33.3,22,6.5,"Damascus",36.29,33.51,"07-Aug","","SBEI2005",8,7,7.5,24.7248489741032,0
"102",14,"1002/11/10-1003/10/29",1002,11,10,1,1,1,36.5,36.5,18,6.9,"Damascus",36.29,33.51,">=8","","SBEI2005",8,8,8,331.894654851658,1
"103",167,"",1033,12,5,NA,NA,NA,35.6,32,10,6.5,"",35.45,31.87,"","","Guidoboni",NA,NA,9.5,20.2107907828095,0
"104",167,"",1033,12,5,NA,NA,NA,35.6,32,10,6.5,"",35.25,32.22,"","","Guidoboni",NA,NA,9,41.0472590675266,0
"105",167,"",1033,12,5,NA,NA,NA,35.6,32,10,6.5,"",34.87,31.93,"","","Guidoboni",NA,NA,9,69.4401780001206,0
"106",167,"",1033,12,5,NA,NA,NA,35.6,32,10,6.5,"",35.07,32.92,"","","Guidoboni",NA,NA,8.5,113.431753845472,0
"107",167,"",1033,12,5,NA,NA,NA,35.6,32,10,6.5,"",35.23,31.77,"","","Guidoboni",NA,NA,8.5,43.2927371061201,0
"108",167,"",1033,12,5,NA,NA,NA,35.6,32,10,6.5,"",35.1,31.53,"","","Guidoboni",NA,NA,8,70.376937863606,0
"109",167,"",1033,12,5,NA,NA,NA,35.6,32,10,6.5,"",34.53,31.65,"","","Guidoboni",NA,NA,7.5,108.461334012516,0
"110",167,"",1033,12,5,NA,NA,NA,35.6,32,10,6.5,"",35.7,33.23,"","","Guidoboni",NA,NA,7.5,136.564957028416,0
"111",167,"",1033,12,5,NA,NA,NA,35.6,32,10,6.5,"",35.53,32.8,"","","Guidoboni",NA,NA,7.5,88.8535538759411,0
"112",167,"",1033,12,5,NA,NA,NA,35.6,32,10,6.5,"",34.47,31.5,"","","Guidoboni",NA,NA,6.5,120.536564319724,0
"113",17,"1046/07/08-1047/06/27",1046,7,8,1,1,1,40,39,10,7.9,"Diyar Bakr",40.52,37.54,">=7","","SBEI2005",7,7,7,168.168289722517,1
"114",17,"1046/07/08-1047/06/27",1046,7,8,1,1,1,40,39,10,7.9,"Khlat",42.5,38.76,">=7","","SBEI2005",7,7,7,218.550751985273,1
"115",18,"1063/07/30-08/27",1063,7,30,1,1,1,36.2,34.4,32,6.9,"Tripoli",35.83,34.44,"07-Aug","Map in SBEI","SBEI2005",8,7,7.5,34.3007472417904,0
"116",18,"1063/07/30-08/27",1063,7,30,1,1,1,36.2,34.4,32,6.9,"Lattakia",35.78,35.53,"05-Jun","Map in SBEI","SBEI2005",6,5,5.5,130.963862748909,0
"117",18,"1063/07/30-08/27",1063,7,30,1,1,1,36.2,34.4,32,6.9,"Acre",35.08,32.93,"05-Jun","Map in SBEI","SBEI2005",6,5,5.5,193.160869007277,0
"118",18,"1063/07/30-08/27",1063,7,30,1,1,1,36.2,34.4,32,6.9,"Sur",35.2,33.27,"05-Jun","Map in SBEI","SBEI2005",6,5,5.5,155.694005448126,0
"119",18,"1063/07/30-08/27",1063,7,30,1,1,1,36.2,34.4,32,6.9,"Antioch",36.16,36.2,"5","Map in SBEI","SBEI2005",5,5,5,199.513922830596,0
"120",169,"",1068,3,18,NA,NA,NA,34.6,29.6,10,6.9,"",34.95,29.55,"","","Guidoboni",NA,NA,10,34.3618991346059,0
"121",169,"",1068,3,18,NA,NA,NA,34.6,29.6,10,6.9,"",38.8,23.78,"","","Guidoboni",NA,NA,7.5,767.569359629146,1
"122",169,"",1068,3,18,NA,NA,NA,34.6,29.6,10,6.9,"",36.92,26.68,"","","Guidoboni",NA,NA,7.5,395.423506252795,1
"123",169,"",1068,3,18,NA,NA,NA,34.6,29.6,10,6.9,"",38.93,24.03,"","","Guidoboni",NA,NA,7.5,751.596273724773,1
"124",169,"",1068,3,18,NA,NA,NA,34.6,29.6,10,6.9,"",39.52,25.7,"","","Guidoboni",NA,NA,7.5,649.45107313797,1
"125",169,"",1068,3,18,NA,NA,NA,34.6,29.6,10,6.9,"",38.05,24.08,"","","Guidoboni",NA,NA,7.5,700.357499575276,1
"126",169,"",1068,3,18,NA,NA,NA,34.6,29.6,10,6.9,"",37.02,26.53,"","","Guidoboni",NA,NA,7.5,414.742149127631,1
"127",169,"",1068,3,18,NA,NA,NA,34.6,29.6,10,6.9,"",29.92,31.2,"","","Guidoboni",NA,NA,7,483.308848822995,1
"128",169,"",1068,3,18,NA,NA,NA,34.6,29.6,10,6.9,"",32.23,31.2,"","","Guidoboni",NA,NA,7,288.520156792895,1
"129",169,"",1068,3,18,NA,NA,NA,34.6,29.6,10,6.9,"",31.25,30.05,"","","Guidoboni",NA,NA,6,327.591902475768,0
"130",169,"",1068,3,18,NA,NA,NA,34.6,29.6,10,6.9,"",39.58,24.5,"","","Guidoboni",NA,NA,6,749.848060378117,0
"131",169,"",1068,3,18,NA,NA,NA,34.6,29.6,10,6.9,"",44.38,33.33,"","","Guidoboni",NA,NA,3,1016.51941514854,0
"132",170,"",1068,5,29,NA,NA,NA,35.6,32.6,10,7,"",34.87,31.93,"","","Guidoboni",NA,NA,10,101.180310014905,0
"133",170,"",1068,5,29,NA,NA,NA,35.6,32.6,10,7,"",35.7,33.23,"","","Guidoboni",NA,NA,9,70.4105504970862,0
"134",170,"",1068,5,29,NA,NA,NA,35,32.6,10,7,"",35.23,31.77,"","","Guidoboni",NA,NA,8,94.4522575854197,0
"135",171,"",1091,9,26,NA,NA,NA,36.1,36.3,10,5.8,"",36.12,36.23,"","","Guidoboni",NA,NA,8.5,7.96446319270875,0
"136",171,"",1091,9,26,NA,NA,NA,36.1,36.3,10,5.8,"",41.18,37.08,"","","Guidoboni",NA,NA,3.5,462.106917460766,0
"137",21,"1094/04/20-1094/05/18",1094,6,1,1,1,1,36.2,33.3,10,5.2,"Damascus",36.29,33.51,"05-Jun","","SBEI2005",6,5,5.5,24.7248489741032,0
"138",22,"1098/01",1097,12,30,1,1,1,36.1,36.2,10,5.8,"Antioch",36.16,36.2,"3","","SBEI2005",3,3,3,5.39612803463067,0
"139",22,"1098/01",1097,12,30,1,1,1,36.1,36.2,10,5.8,"Aleppo",37.15,36.21,"3","","SBEI2005",3,3,3,94.4322806035245,0
"140",173,"",1114,11,13,NA,NA,NA,37.6,37.4,40,7.4,"",36.92,37.6,"","","Guidoboni",NA,NA,10.5,64.0873164180394,0
"141",173,"",1114,11,13,NA,NA,NA,37.6,37.4,40,7.4,"",37.63,36.77,"","","Guidoboni",NA,NA,10,69.8935943653125,0
"142",173,"",1114,11,13,NA,NA,NA,37.6,37.4,40,7.4,"",35.6,36.95,"","","Guidoboni",NA,NA,9.5,184.483315646602,1
"143",173,"",1114,11,13,NA,NA,NA,37.6,37.4,40,7.4,"",38.28,37.77,"","","Guidoboni",NA,NA,9.5,72.7331934109541,0
"144",173,"",1114,11,13,NA,NA,NA,37.6,37.4,40,7.4,"",37.85,37.57,"","","Guidoboni",NA,NA,9,29.0538115993944,0
"145",173,"",1114,11,13,NA,NA,NA,37.6,37.4,40,7.4,"",38.52,37.5,"","","Guidoboni",NA,NA,9,82.1567519369811,0
"146",173,"",1114,11,13,NA,NA,NA,37.6,37.4,40,7.4,"",36.12,36.23,"","","Guidoboni",NA,NA,8.5,185.091385159738,1
"147",173,"",1114,11,13,NA,NA,NA,37.6,37.4,40,7.4,"",38.1,35.98,"","","Guidoboni",NA,NA,8.5,163.62974623532,1
"148",173,"",1114,11,13,NA,NA,NA,37.6,37.4,40,7.4,"",38.77,37.13,"","","Guidoboni",NA,NA,8,108.01076311721,0
"149",173,"",1114,11,13,NA,NA,NA,37.6,37.4,40,7.4,"",39.38,36.85,"","","Guidoboni",NA,NA,8,169.522095858681,1
"150",175,"",1138,10,11,NA,NA,NA,36.6,36.7,10,7.1,"",36.82,36.72,"","","Guidoboni",NA,NA,10,19.7813101677043,0
"151",175,"",1138,10,11,NA,NA,NA,36.6,36.7,10,7.1,"",36.82,36.13,"","","Guidoboni",NA,NA,8.5,66.1918610315439,0
"152",175,"",1138,10,11,NA,NA,NA,36.6,36.7,10,7.1,"",37.63,36.77,"","","Guidoboni",NA,NA,8.5,92.3253997838688,0
"153",175,"",1138,10,11,NA,NA,NA,36.6,36.7,10,7.1,"",38.12,36.67,"","","Guidoboni",NA,NA,8.5,135.893062451259,0
"154",175,"",1138,10,11,NA,NA,NA,36.6,36.7,10,7.1,"",36.58,36.5,"","","Guidoboni",NA,NA,8.5,22.2422594266278,0
"155",175,"",1138,10,11,NA,NA,NA,36.6,36.7,10,7.1,"",36.75,36.05,"","","Guidoboni",NA,NA,8.5,73.2962787461902,0
"156",175,"",1138,10,11,NA,NA,NA,36.6,36.7,10,7.1,"",37.17,36.23,"","","Guidoboni",NA,NA,8,72.9681022918809,0
"157",175,"",1138,10,11,NA,NA,NA,36.6,36.7,10,7.1,"",37.58,36.37,"","","Guidoboni",NA,NA,7.5,95.0775074163331,0
"158",175,"",1138,10,11,NA,NA,NA,36.6,36.7,10,7.1,"",36.52,36.2,"","","Guidoboni",NA,NA,7,55.8858344214715,0
"159",175,"",1138,10,11,NA,NA,NA,36,36.7,10,7.1,"",36.32,33.5,"","","Guidoboni",NA,NA,5,355.816360735297,0
"160",28,"1152/09/27",1151,9,28,1,1,1,36.7,32.6,12,6,"Bosra",36.47,32.52,"7","","SBEI2005",7,7,7,23.3471753020014,0
"161",28,"1152/09/27",1151,9,28,1,1,1,36.7,32.6,12,6,"Hauran",36.33,32.43,"7","","SBEI2005",7,7,7,39.5373217270546,0
"162",177,"",1156,10,13,NA,NA,NA,36.6,35.4,10,5.5,"",36.4,35.42,"","","Guidoboni",NA,NA,7,18.3008104297137,0
"163",177,"",1156,10,13,NA,NA,NA,36.6,35.4,10,5.5,"",36.32,33.5,"","","Guidoboni",NA,NA,5,212.094642356636,0
"164",178,"",1156,12,9,NA,NA,NA,37.6,36.2,10,6,"",37.17,36.23,"","","Guidoboni",NA,NA,8,38.8075629004363,0
"165",178,"",1156,12,9,NA,NA,NA,37.6,36.2,10,6,"",36.73,35.15,"","","Guidoboni",NA,NA,6,140.518660176355,0
"166",178,"",1156,12,9,NA,NA,NA,37.6,36.2,10,6,"",36.58,35.52,"","","Guidoboni",NA,NA,6,119.027866339682,0
"167",178,"",1156,12,9,NA,NA,NA,37.6,36.2,10,6,"",36.57,35.27,"","","Guidoboni",NA,NA,6,138.944887142084,0
"168",178,"",1156,12,9,NA,NA,NA,37.6,36.2,10,6,"",36.32,33.5,"","","Guidoboni",NA,NA,5,321.269984607427,0
"169",29,"1157/08/12",1157,8,12,1,1,1,36.4,35.3,15,7,"Damascus",36.29,33.51,"05-Jun","Map in SBEI","SBEI2005",6,5,5.5,198.59591859249,0
"170",29,"1157/08/12",1157,8,12,1,1,1,36.4,35.3,15,7,"Hama",36.75,35.13,"08-Sep","Map in SBEI","SBEI2005",9,8,8.5,37.0192711349242,0
"171",29,"1157/08/12",1157,8,12,1,1,1,36.4,35.3,15,7,"Shaizar",36.56,35.26,"08-Sep","Map in SBEI","SBEI2005",9,8,8.5,15.2161808967274,0
"172",29,"1157/08/12",1157,8,12,1,1,1,36.4,35.3,15,7,"Kafar Tab",36.71,34.73,"08-Sep","Map in SBEI","SBEI2005",9,8,8.5,69.2126438518047,0
"173",29,"1157/08/12",1157,8,12,1,1,1,36.4,35.3,15,7,"Afamia",36.58,35.06,"08-Sep","Map in SBEI","SBEI2005",9,8,8.5,31.2442873246734,0
"174",29,"1157/08/12",1157,8,12,1,1,1,36.4,35.3,15,7,"Arqa",36.05,34.53,"08-Sep","Map in SBEI","SBEI2005",9,8,8.5,91.1241278142101,0
"175",29,"1157/08/12",1157,8,12,1,1,1,36.4,35.3,15,7,"Aleppo",37.15,36.21,"07-Aug","Map in SBEI","SBEI2005",8,7,7.5,121.544054719851,0
"176",29,"1157/08/12",1157,8,12,1,1,1,36.4,35.3,15,7,"Homs",36.72,34.77,"07-Aug","Map in SBEI","SBEI2005",8,7,7.5,65.5907847375057,0
"177",29,"1157/08/12",1157,8,12,1,1,1,36.4,35.3,15,7,"Lattakia",35.78,35.53,"07-Aug","Map in SBEI","SBEI2005",8,7,7.5,61.811540564904,0
"178",29,"1157/08/12",1157,8,12,1,1,1,36.4,35.3,15,7,"Tripoli",35.83,34.44,"07-Aug","Map in SBEI","SBEI2005",8,7,7.5,108.618233466787,0
"179",29,"1157/08/12",1157,8,12,1,1,1,36.4,35.3,15,7,"Antioch",36.16,36.2,"07-Aug","Map in SBEI","SBEI2005",8,7,7.5,102.083556743166,0
"180",29,"1157/08/12",1157,8,12,1,1,1,36.4,35.3,15,7,"Shmemis",37.01,35.04,"07-Aug","Map in SBEI","SBEI2005",8,7,7.5,62.5956879563591,0
"181",29,"1157/08/12",1157,8,12,1,1,1,36.4,35.3,15,7,"Qalaat Al-Hosn",36.29,34.76,"07-Aug","Map in SBEI","SBEI2005",8,7,7.5,60.6771145881533,0
"182",29,"1157/08/12",1157,8,12,1,1,1,36.4,35.3,15,7,"Maarret Anooman",36.67,35.64,"06-Jul","Map in SBEI","SBEI2005",7,6,6.5,44.94864649503,0
"183",180,"",1170,6,29,NA,NA,NA,36.6,34.7,35,7.1,"",36.08,34.53,"","","Guidoboni",NA,NA,10,51.2764028304004,0
"184",180,"",1170,6,29,NA,NA,NA,36.6,34.7,35,7.1,"",37.17,36.23,"","","Guidoboni",NA,NA,10,177.280359325308,1
"185",180,"",1170,6,29,NA,NA,NA,36.6,34.7,35,7.1,"",36.23,34.53,"","","Guidoboni",NA,NA,10,38.8117817352387,0
"186",180,"",1170,6,29,NA,NA,NA,36.6,34.7,35,7.1,"",35.85,34.43,"","","Guidoboni",NA,NA,10,75.0472899829465,0
"187",180,"",1170,6,29,NA,NA,NA,36.6,34.7,35,7.1,"",36.12,36.23,"","","Guidoboni",NA,NA,9,175.071085865044,1
"188",180,"",1170,6,29,NA,NA,NA,36.6,34.7,35,7.1,"",36.2,34.33,"","","Guidoboni",NA,NA,9,55.0441721077385,0
"189",180,"",1170,6,29,NA,NA,NA,36.6,34.7,35,7.1,"",36.42,34.93,"","","Guidoboni",NA,NA,9,30.3445333072149,0
"190",180,"",1170,6,29,NA,NA,NA,36.6,34.7,35,7.1,"",35.92,35.35,"","","Guidoboni",NA,NA,9,95.0754332645294,0
"191",180,"",1170,6,29,NA,NA,NA,36.6,34.7,35,7.1,"",36.73,35.15,"","","Guidoboni",NA,NA,9,51.2616904161291,0
"192",180,"",1170,6,29,NA,NA,NA,36.6,34.7,35,7.1,"",36.52,36.2,"","","Guidoboni",NA,NA,9,166.397343473478,1
"193",180,"",1170,6,29,NA,NA,NA,36.6,34.7,35,7.1,"",36.72,34.73,"","","Guidoboni",NA,NA,9,11.4840803892689,0
"194",180,"",1170,6,29,NA,NA,NA,36.6,34.7,35,7.1,"",36.32,34.77,"","","Guidoboni",NA,NA,9,26.7902747819309,0
"195",180,"",1170,6,29,NA,NA,NA,36.6,34.7,35,7.1,"",35.78,35.52,"","","Guidoboni",NA,NA,9,117.66757671803,0
"196",180,"",1170,6,29,NA,NA,NA,36.6,34.7,35,7.1,"",35.95,35.15,"","","Guidoboni",NA,NA,9,77.5493941260773,0
"197",180,"",1170,6,29,NA,NA,NA,36.6,34.7,35,7.1,"",36.57,35.27,"","","Guidoboni",NA,NA,9,63.2243974583876,0
"198",180,"",1170,6,29,NA,NA,NA,36.6,34.7,35,7.1,"",36.12,34.82,"","","Guidoboni",NA,NA,8.5,45.913489738692,0
"199",180,"",1170,6,29,NA,NA,NA,36.6,34.7,35,7.1,"",36.32,33.5,"","","Guidoboni",NA,NA,7.5,135.443351737842,0
"200",180,"",1170,6,29,NA,NA,NA,36.6,34.7,35,7.1,"",35.18,33.27,"","","Guidoboni",NA,NA,7,205.706694007657,1
"201",180,"",1170,6,29,NA,NA,NA,36.6,34.7,35,7.1,"",39.02,35.95,"","","Guidoboni",NA,NA,6,260.000683796377,0
"202",180,"",1170,6,29,NA,NA,NA,36.6,34.7,35,7.1,"",38.77,37.13,"","","Guidoboni",NA,NA,6,332.994404192427,0
"203",180,"",1170,6,29,NA,NA,NA,36.6,34.7,35,7.1,"",39.38,36.85,"","","Guidoboni",NA,NA,6,346.327507087292,0
"204",180,"",1170,6,29,NA,NA,NA,36.6,34.7,35,7.1,"",35.23,31.77,"","","Guidoboni",NA,NA,5.5,348.783001286608,0
"205",180,"",1170,6,29,NA,NA,NA,36.6,34.7,35,7.1,"",40.77,37.28,"","","Guidoboni",NA,NA,5.5,472.321158447334,0
"206",180,"",1170,6,29,NA,NA,NA,36.6,34.7,35,7.1,"",40.72,37.32,"","","Guidoboni",NA,NA,5,471.38472306674,0
"207",180,"",1170,6,29,NA,NA,NA,36.6,34.7,35,7.1,"",41.18,37.08,"","","Guidoboni",NA,NA,5,490.396625538023,0
"208",180,"",1170,6,29,NA,NA,NA,36.6,34.7,35,7.1,"",44.38,33.33,"","","Guidoboni",NA,NA,4,734.273555933581,0
"209",180,"",1170,6,29,NA,NA,NA,36.6,34.7,35,7.1,"",43.13,36.33,"","","Guidoboni",NA,NA,4,619.133672324555,0
"210",180,"",1170,6,29,NA,NA,NA,36.6,34.7,35,7.1,"",41.87,36.32,"","","Guidoboni",NA,NA,4,510.593458643585,0
"211",31,"1182",1182,1,1,1,1,1,36.7,32.6,10,6.5,"Bosra",36.47,32.52,"7","","SBEI2005",7,7,7,23.3471753020014,0
"212",31,"1182",1182,1,1,1,1,1,36.7,32.6,10,6.5,"Nablus",35.26,32.23,"6","","SBEI2005",6,6,6,141.515881465728,0
"213",32,"1202/05/20",1202,5,20,1,1,1,35.9,33.9,30,7,"Mount Lebanon",36.12,34.3,"9","Map in SBEI","SBEI2005",9,9,9,48.7469345032975,0
"214",32,"1202/05/20",1202,5,20,1,1,1,35.9,33.9,30,7,"Baalbak",36.21,34,"9","Map in SBEI","SBEI2005",9,9,9,30.7232416739054,0
"215",32,"1202/05/20",1202,5,20,1,1,1,35.9,33.9,30,7,"Tyre",35.2,33.27,"9","Map in SBEI","SBEI2005",9,9,9,95.361771407306,0
"216",32,"1202/05/20",1202,5,20,1,1,1,35.9,33.9,30,7,"Nablus",35.26,32.23,"8","Map in SBEI","SBEI2005",8,8,8,194.407686002352,1
"217",32,"1202/05/20",1202,5,20,1,1,1,35.9,33.9,30,7,"Beit Jin",35.91,33.31,"9","Map in SBEI","SBEI2005",9,9,9,65.3706622415935,0
"218",32,"1202/05/20",1202,5,20,1,1,1,35.9,33.9,30,7,"Banyas",34.92,32.43,">=8","Map in SBEI","SBEI2005",8,8,8,186.742662763139,1
"219",32,"1202/05/20",1202,5,20,1,1,1,35.9,33.9,30,7,"Al-Samyra",35.2,32.28,">=8","Map in SBEI","SBEI2005",8,8,8,190.983441195657,1
"220",32,"1202/05/20",1202,5,20,1,1,1,35.9,33.9,30,7,"Damascus",36.29,33.51,"8","Map in SBEI","SBEI2005",8,8,8,56.3380664996781,0
"221",32,"1202/05/20",1202,5,20,1,1,1,35.9,33.9,30,7,"Safita",36.12,34.82,"7","Map in SBEI","SBEI2005",7,7,7,103.927788615489,0
"222",32,"1202/05/20",1202,5,20,1,1,1,35.9,33.9,30,7,"Akka",35.08,32.93,"7","Map in SBEI","SBEI2005",7,7,7,131.77338214967,0
"223",32,"1202/05/20",1202,5,20,1,1,1,35.9,33.9,30,7,"Hauran",36.33,32.43,"8","Map in SBEI","SBEI2005",8,8,8,167.708989366749,1
"224",32,"1202/05/20",1202,5,20,1,1,1,35.9,33.9,30,7,"Hama",36.75,35.13,"8","Map in SBEI","SBEI2005",8,8,8,157.055197508675,1
"225",32,"1202/05/20",1202,5,20,1,1,1,35.9,33.9,30,7,"Tripoli",35.83,34.44,"8","Map in SBEI","SBEI2005",8,8,8,60.1782599352252,0
"226",32,"1202/05/20",1202,5,20,1,1,1,35.9,33.9,30,7,"Safad",35.5,32.96,"7","Map in SBEI","SBEI2005",7,7,7,110.579991668986,0
"227",32,"1202/05/20",1202,5,20,1,1,1,35.9,33.9,30,7,"Al-Quds",35.23,31.78,"6","Map in SBEI","SBEI2005",6,6,6,243.064462058605,0
"228",32,"1202/05/20",1202,5,20,1,1,1,35.9,33.9,30,7,"Bosra",36.47,32.52,"07-Aug","Map in SBEI","SBEI2005",8,7,7.5,161.845983920734,1
"229",32,"1202/05/20",1202,5,20,1,1,1,35.9,33.9,30,7,"Al-Batron",35.66,34.25,"7","Map in SBEI","SBEI2005",7,7,7,44.6601076512142,0
"230",32,"1202/05/20",1202,5,20,1,1,1,35.9,33.9,30,7,"Jbeil",35.65,34.12,"7","Map in SBEI","SBEI2005",7,7,7,33.5772995083611,0
"231",32,"1202/05/20",1202,5,20,1,1,1,35.9,33.9,30,7,"Beirut",35.5,33.89,"7","Map in SBEI","SBEI2005",7,7,7,37.0158852815607,0
"232",32,"1202/05/20",1202,5,20,1,1,1,35.9,33.9,30,7,"Marqab",35.95,35.15,"7","Map in SBEI","SBEI2005",7,7,7,138.58359801664,0
"233",32,"1202/05/20",1202,5,20,1,1,1,35.9,33.9,30,7,"Hosn Al-Akrad",36.29,34.76,"7","Map in SBEI","SBEI2005",7,7,7,101.823957678123,0
"234",32,"1202/05/20",1202,5,20,1,1,1,35.9,33.9,30,7,"Barin",36.44,34.88,"7","Map in SBEI","SBEI2005",7,7,7,119.402354775563,0
"235",32,"1202/05/20",1202,5,20,1,1,1,35.9,33.9,30,7,"Homs",36.72,34.77,"7","Map in SBEI","SBEI2005",7,7,7,122.416708179356,0
"236",32,"1202/05/20",1202,5,20,1,1,1,35.9,33.9,30,7,"Tartus",35.94,34.35,"6","Map in SBEI","SBEI2005",6,6,6,49.995242520358,0
"237",32,"1202/05/20",1202,5,20,1,1,1,35.9,33.9,30,7,"Aleppo",37.15,36.21,"5","Map in SBEI","SBEI2005",5,5,5,280.229879288972,0
"238",32,"1202/05/20",1202,5,20,1,1,1,35.9,33.9,30,7,"Antioch",36.16,36.2,"5","Map in SBEI","SBEI2005",5,5,5,255.980776115694,0
"239",32,"1202/05/20",1202,5,20,1,1,1,35.9,33.9,30,7,"Al-Mousel",43.13,36.34,"04-May","Map in SBEI","SBEI2005",5,4,4.5,712.112071769242,0
"240",32,"1202/05/20",1202,5,20,1,1,1,35.9,33.9,30,7,"Cairo",31.24,30.04,"4","Map in SBEI","SBEI2005",4,4,4,613.671174072464,0
"241",32,"1202/05/20",1202,5,20,1,1,1,35.9,33.9,30,7,"Alexandria",29.92,31.2,"4","Map in SBEI","SBEI2005",4,4,4,636.1582905886,0
"242",32,"1202/05/20",1202,5,20,1,1,1,35.9,33.9,30,7,"Dimyat",32.1,30.92,"4","Map in SBEI","SBEI2005",4,4,4,486.466448135146,0
"243",32,"1202/05/20",1202,5,20,1,1,1,35.9,33.9,30,7,"Qus",32.81,25.87,"4","Map in SBEI","SBEI2005",4,4,4,937.625219869604,0
"244",32,"1202/05/20",1202,5,20,1,1,1,35.9,33.9,30,7,"Khlat",42.5,38.76,"4","Map in SBEI","SBEI2005",4,4,4,800.421868036004,0
"245",32,"1202/05/20",1202,5,20,1,1,1,35.9,33.9,30,7,"Constantinople",28.98,41.01,"4","Map in SBEI","SBEI2005",4,4,4,997.377490307322,0
"246",182,"",1212,5,1,NA,NA,NA,35,30,10,7,"",34.95,29.55,"","","Guidoboni",NA,NA,9.5,50.0529271755754,0
"247",182,"",1212,5,1,NA,NA,NA,35,30,10,7,"",35.7,31.18,"","","Guidoboni",NA,NA,8,146.893551049435,0
"248",182,"",1212,5,1,NA,NA,NA,35,30,10,7,"",31.25,30.05,"","","Guidoboni",NA,NA,8,361.759113843334,1
"249",182,"",1212,5,1,NA,NA,NA,35,30,10,7,"",35.57,30.53,"","","Guidoboni",NA,NA,8,80.3236201810684,0
"250",34,"1287/03/22",1287,3,22,1,1,1,35.8,35.5,10,6,"Lattakia",35.78,35.53,"07-Aug","","SBEI2005",8,7,7.5,3.78758970563188,0
"251",183,"",1293,1,11,NA,NA,NA,35.6,31.5,10,6,"",35.7,31.18,"","","Guidoboni",NA,NA,9,36.6922318021975,0
"252",183,"",1293,1,11,NA,NA,NA,35.6,31.5,10,6,"",34.9,31.95,"","","Guidoboni",NA,NA,8,82.9746454919479,0
"253",183,"",1293,1,11,NA,NA,NA,35.6,31.5,10,6,"",35.6,30.83,"","","Guidoboni",NA,NA,9.5,74.1932937634372,0
"254",183,"",1293,1,11,NA,NA,NA,35.6,31.5,10,6,"",34.87,31.93,"","","Guidoboni",NA,NA,8,83.9957108705048,0
"255",183,"",1293,1,11,NA,NA,NA,35.6,31.5,10,6,"",34.47,31.5,"","","Guidoboni",NA,NA,8,107.352178474817,0
"256",183,"",1293,1,11,NA,NA,NA,35.4,31.5,10,6,"",35.35,32.37,"","","Guidoboni",NA,NA,7,96.4700887933185,0
"257",37,"1322/01/20-02/19",1322,1,20,1,1,1,36.3,33.5,10,5.2,"Damascus",36.29,33.51,"5","","SBEI2005",5,5,5,1.44591262261598,0
"258",38,"1339/01/13-02/11",1339,1,1,1,1,1,35.5,34.3,10,6.9,"Tripoli",35.83,34.44,"7","","SBEI2005",7,7,7,34.0881367636029,0
"259",185,"",1344,1,3,NA,NA,NA,37.6,36.8,30,6.7,"",37.17,36.23,"","","Guidoboni",NA,NA,9,73.9978136162039,0
"260",185,"",1344,1,3,NA,NA,NA,37.6,36.8,30,6.7,"",37.2,36.3,"","","Guidoboni",NA,NA,9,65.9883473511814,0
"261",185,"",1344,1,3,NA,NA,NA,37.6,36.8,30,6.7,"",37.88,37.7,"","","Guidoboni",NA,NA,9,102.824112999997,0
"262",185,"",1344,1,3,NA,NA,NA,37.6,36.8,30,6.7,"",37.07,36.83,"","","Guidoboni",NA,NA,9,47.4069544645873,0
"263",185,"",1344,1,3,NA,NA,NA,37.6,36.8,30,6.7,"",37.98,37.05,"","","Guidoboni",NA,NA,9,43.7539812115592,0
"264",185,"",1344,1,3,NA,NA,NA,37.6,36.8,30,6.7,"",40.72,37.32,"","","Guidoboni",NA,NA,4,283.407747327635,0
"265",185,"",1344,1,3,NA,NA,NA,37.6,36.8,30,6.7,"",37.35,37.07,"","","Guidoboni",NA,NA,9,37.3085650307865,0
"266",185,"",1344,1,3,NA,NA,NA,37.6,36.8,30,6.7,"",36.32,33.5,"","","Guidoboni",NA,NA,4,383.840441754423,0
"267",185,"",1344,1,3,NA,NA,NA,37.6,36.8,30,6.7,"",37.95,36.52,"","","Guidoboni",NA,NA,9,44.0746860429602,0
"268",40,"1399/09/20",1399,9,20,1,1,1,36.3,33.5,10,4.2,"Damascus",36.29,33.51,"03-Apr","","SBEI2005",4,3,3.5,1.44591262261598,0
"269",41,"1403/12/18",1403,12,18,1,1,1,37.2,36.2,10,6.5,"Aleppo",37.15,36.21,"04-May","","SBEI2005",5,4,4.5,4.63108659185159,0
"270",42,"1404/02/20",1404,2,20,1,1,1,36.2,35.7,30,7.2,"Qalaat Blatnes",36.1,35.54,"8","","SBEI2005",8,8,8,19.912821049262,0
"271",42,"1404/02/20",1404,2,20,1,1,1,36.2,35.7,30,7.2,"Bkas",36.28,35.86,"8","","SBEI2005",8,8,8,19.15163039754,0
"272",42,"1404/02/20",1404,2,20,1,1,1,36.2,35.7,30,7.2,"West of Aleppo",37.15,36.21,"07-Aug","","SBEI2005",8,7,7.5,102.665577120278,0
"273",42,"1404/02/20",1404,2,20,1,1,1,36.2,35.7,30,7.2,"Qalaat Al-Marqeb",35.95,35.15,"07-Aug","","SBEI2005",8,7,7.5,65.0446059876864,0
"274",42,"1404/02/20",1404,2,20,1,1,1,36.2,35.7,30,7.2,"Tripoli",35.83,34.44,"7","","SBEI2005",7,7,7,143.650215077157,0
"275",42,"1404/02/20",1404,2,20,1,1,1,36.2,35.7,30,7.2,"Lattakia",35.78,35.53,"7","","SBEI2005",7,7,7,42.4608129655858,0
"276",42,"1404/02/20",1404,2,20,1,1,1,36.2,35.7,30,7.2,"Jableh",35.97,35.16,"7","","SBEI2005",7,7,7,63.3853993021151,0
"277",43,"1404/11/05-12/04",1404,11,5,1,1,1,37.2,36.2,30,4.8,"Aleppo",37.15,36.21,"5","","SBEI2005",5,5,5,4.63108659185159,0
"278",44,"1407/04/09-05/08",1407,4,29,10,0,0,36.3,35.7,10,7,"Antioch",36.16,36.2,"7","","SBEI2005",7,7,7,56.8394448080128,0
"279",45,"1408/12/29",1408,12,29,1,1,1,36.1,35.8,25,7.2,"Shugr",36.28,35.86,"08-Sep","","SBEI2005",9,8,8.5,17.5711905672687,0
"280",45,"1408/12/29",1408,12,29,1,1,1,36.1,35.8,25,7.2,"Bkas",36.28,35.86,"08-Sep","","SBEI2005",9,8,8.5,17.5711905672687,0
"281",45,"1408/12/29",1408,12,29,1,1,1,36.1,35.8,25,7.2,"Blatnes",36.1,35.54,"8","","SBEI2005",8,8,8,28.8159527597683,0
"282",45,"1408/12/29",1408,12,29,1,1,1,36.1,35.8,25,7.2,"Lattakia",35.78,35.53,"7","","SBEI2005",7,7,7,41.6524786905718,0
"283",45,"1408/12/29",1408,12,29,1,1,1,36.1,35.8,25,7.2,"Jableh",35.97,35.16,"7","","SBEI2005",7,7,7,71.9033758795211,0
"284",45,"1408/12/29",1408,12,29,1,1,1,36.1,35.8,25,7.2,"Antioch",36.16,36.2,"7","","SBEI2005",7,7,7,44.6639159006912,0
"285",186,"",1408,12,29,NA,NA,NA,36.6,35.7,25,7.2,"",36.28,35.83,"","","Guidoboni",NA,NA,10,32.3262008768566,0
"286",186,"",1408,12,29,NA,NA,NA,36.6,35.7,25,7.2,"",35.92,35.35,"","","Guidoboni",NA,NA,8,72.860076730499,0
"287",186,"",1408,12,29,NA,NA,NA,36.6,35.7,25,7.2,"",36.07,35.52,"","","Guidoboni",NA,NA,9,51.9996367012914,0
"288",186,"",1408,12,29,NA,NA,NA,36.6,35.7,25,7.2,"",33,35,"","","Guidoboni",NA,NA,8.5,336.278944831222,1
"289",186,"",1408,12,29,NA,NA,NA,36.6,35.7,25,7.2,"",35.78,35.52,"","","Guidoboni",NA,NA,8,76.9278437560954,0
"290",187,"",1458,11,8,NA,NA,NA,35.6,31.2,10,7.1,"",35.7,31.18,"","","Guidoboni",NA,NA,9,9.78535799707679,0
"291",187,"",1458,11,8,NA,NA,NA,35.6,31.2,10,7.1,"",35.23,31.77,"","","Guidoboni",NA,NA,7,72.2528805272745,0
"292",187,"",1458,11,8,NA,NA,NA,35.6,31.2,10,7.1,"",35.1,31.53,"","","Guidoboni",NA,NA,7.5,59.985621976445,0
"293",187,"",1458,11,8,NA,NA,NA,35.6,31.2,10,7.1,"",31.25,30.05,"","","Guidoboni",NA,NA,3.5,436.026607917699,0
"294",187,"",1458,11,8,NA,NA,NA,35,31.2,10,7.1,"",34.87,31.93,"","","Guidoboni",NA,NA,7.5,81.7799624000871,0
"295",46,"1484/03/29-04/27",1484,3,29,1,1,1,37.2,36.2,10,4.8,"Aleppo",37.15,36.21,"05-Jun","","SBEI2005",6,5,5.5,4.63108659185159,0
"296",47,"1491/04/24",1491,4,24,19,1,1,32,35,10,6.8,"Nicosia",33.37,35.17,"7","","SBEI2005",7,7,7,126.346590511695,0
"297",47,"1491/04/24",1491,4,24,19,1,1,32,35,10,6.8,"Limassol",33.02,34.71,"7","","SBEI2005",7,7,7,98.6576126070835,0
"298",47,"1491/04/24",1491,4,24,19,1,1,32,35,10,6.8,"Famagusta",33.92,35.11,"7","","SBEI2005",7,7,7,175.576815244061,1
"299",47,"1491/04/24",1491,4,24,19,1,1,32,35,10,6.8,"Paphos",32.38,34.74,"7","","SBEI2005",7,7,7,45.1358415599889,0
"300",47,"1491/04/24",1491,4,24,19,1,1,32,35,10,6.8,"Damascus",36.29,33.51,"4","","SBEI2005",4,4,4,428.191775554793,0
"301",47,"1491/04/24",1491,4,24,19,1,1,32,35,10,6.8,"Cairo",31.24,30.04,"4","","SBEI2005",4,4,4,554.005114018221,0
"302",47,"1491/04/24",1491,4,24,19,1,1,32,35,10,6.8,"Crete",24.81,35.24,"4","","SBEI2005",4,4,4,655.798146987362,0
"303",50,"1546/09/29",1546,1,14,11,1,1,35.3,32,10,6.1,"Nablus",35.26,32.23,"06-Jul","","SBEI2005",7,6,6.5,25.7519700713488,0
"304",50,"1546/09/29",1546,1,14,11,1,1,35.3,32,10,6.1,"Damascus",36.29,33.51,"5","","SBEI2005",5,5,5,191.263543846517,0
"305",50,"1546/09/29",1546,1,14,11,1,1,35.3,32,10,6.1,"Al-Quds",35.23,31.78,"6","","SBEI2005",6,6,6,25.2491283858792,0
"306",50,"1546/09/29",1546,1,14,11,1,1,35.3,32,10,6.1,"Yafa",34.76,32.05,"6","","SBEI2005",6,6,6,51.3120852223561,0
"307",50,"1546/09/29",1546,1,14,11,1,1,35.3,32,10,6.1,"Tripoli",35.83,34.44,"6","","SBEI2005",6,6,6,274.776333766547,0
"308",50,"1546/09/29",1546,1,14,11,1,1,35.3,32,10,6.1,"Famagusta",33.92,35.11,"5","","SBEI2005",5,5,5,367.590661512743,0
"309",53,"1568/10/10",1568,10,10,1,1,1,35.5,35.5,12,6.1,"Lattakia",35.78,35.53,"7","","SBEI2005",7,7,7,25.6161759717294,0
"310",53,"1568/10/10",1568,10,10,1,1,1,35.5,35.5,12,6.1,"Famagusta",33.92,35.11,"5","","SBEI2005",5,5,5,150.054940325417,0
"311",53,"1568/10/10",1568,10,10,1,1,1,35.5,35.5,12,6.1,"Limassol",33.02,34.71,"4","","SBEI2005",4,4,4,242.452145827337,0
"312",53,"1568/10/10",1568,10,10,1,1,1,35.5,35.5,12,6.1,"Nicosia",33.37,35.17,"4","","SBEI2005",4,4,4,197.066723471253,0
"313",62,"1626/01/21",1626,1,21,1,1,1,37.1,36.5,20,7.1,"Aleppo",37.15,36.21,"08-Sep","Map in SBEI","SBEI2005",9,8,8.5,32.4569403143595,0
"314",62,"1626/01/21",1626,1,21,1,1,1,37.1,36.5,20,7.1,"Gaziantab",37.38,37.07,"08-Sep","Map in SBEI","SBEI2005",9,8,8.5,67.9504377514926,0
"315",62,"1626/01/21",1626,1,21,1,1,1,37.1,36.5,20,7.1,"Hama",36.75,35.13,"06-Jul","Map in SBEI","SBEI2005",7,6,6.5,155.101312660642,0
"316",62,"1626/01/21",1626,1,21,1,1,1,37.1,36.5,20,7.1,"Damascus",36.29,33.51,"5","Map in SBEI","SBEI2005",5,5,5,339.485660679606,0
"317",65,"1656/2",1656,2,1,1,1,1,36.2,34.9,10,6.7,"Tripoli",35.83,34.44,"7","","SBEI2005",7,7,7,61.2219227432989,0
"318",67,"1666/09/22",1666,1,1,1,1,1,39.5,39.74,10,6.5,"Al-Mousel",43.13,36.34,"07-Aug","","SBEI2005",8,7,7.5,493.531600594475,1
"319",67,"1666/09/22",1666,1,1,1,1,1,39.5,39.74,10,6.5,"Sinjar",41.86,36.32,"06-Jul","","SBEI2005",7,6,6.5,432.086025730498,0
"320",67,"1666/09/22",1666,1,1,1,1,1,39.5,39.74,10,6.5,"Sharqat",43.24,35.49,"06-Jul","","SBEI2005",7,6,6.5,575.254895110905,0
"321",67,"1666/09/22",1666,1,1,1,1,1,39.5,39.74,10,6.5,"Aleppo",37.15,36.21,"5","","SBEI2005",5,5,5,442.485069574204,0
"322",67,"1666/09/22",1666,1,1,1,1,1,39.5,39.74,10,6.5,"Tabriz",50.16,35.68,"5","","SBEI2005",5,5,5,1041.24187286744,0
"323",67,"1666/09/22",1666,1,1,1,1,1,39.5,39.74,10,6.5,"Van",43.78,37.53,"5","","SBEI2005",5,5,5,445.93884192373,0
"324",70,"1705/11/24",1705,11,24,1,1,1,36.6,33.7,35,6.8,"Yabroud",36.67,33.97,"8","","SBEI2005",8,8,8,30.6073436499893,0
"325",70,"1705/11/24",1705,11,24,1,1,1,36.6,33.7,35,6.8,"Al-Qastal",36.7,33.93,"8","","SBEI2005",8,8,8,27.1117099935959,0
"326",70,"1705/11/24",1705,11,24,1,1,1,36.6,33.7,35,6.8,"Damascus",36.29,33.51,"7","","SBEI2005",7,7,7,35.6489415807951,0
"327",70,"1705/11/24",1705,11,24,1,1,1,36.6,33.7,35,6.8,"Tripoli",35.83,34.44,"7","","SBEI2005",7,7,7,108.508193418392,0
"328",74,"1726/04/15",1726,4,15,1,1,1,36.6,36.3,15,6.1,"Jum",38.45,36.85,">7","","SBEI2005",7,7,7,176.446749708431,1
"329",74,"1726/04/15",1726,4,15,1,1,1,36.6,36.3,15,6.1,"Aleppo",37.15,36.21,"7","","SBEI2005",7,7,7,50.4263939385567,0
"330",75,"1726/04/15",1726,4,15,1,1,1,36.6,36.3,15,6.1,"Iskenderun",36.17,36.58,"4","","SBEI2005",4,4,4,49.4942800772391,0
"331",75,"1726/04/15",1726,4,15,1,1,1,36.6,36.3,15,6.1,"Famagusta",33.92,35.11,"3","","SBEI2005",3,3,3,276.059314985153,0
"332",76,"1738/09/25",1738,9,25,1,1,1,36.5,36.7,10,6.2,"Iskenderun",36.17,36.58,"8","","SBEI2005",8,8,8,32.3710624194774,0
"333",76,"1738/09/25",1738,9,25,1,1,1,36.5,36.7,10,6.2,"Bellen Bass",36.23,36.48,"07-Aug","","SBEI2005",8,7,7.5,34.3293222081574,0
"334",76,"1738/09/25",1738,9,25,1,1,1,36.5,36.7,10,6.2,"Antioch",36.16,36.2,"7","","SBEI2005",7,7,7,63.2520261533814,0
"335",76,"1738/09/25",1738,9,25,1,1,1,36.5,36.7,10,6.2,"Jabal Al-Amanus",36.33,36.75,"7","","SBEI2005",7,7,7,16.166141578964,0
"336",76,"1738/09/25",1738,9,25,1,1,1,36.5,36.7,10,6.2,"Aleppo",37.15,36.21,"05-Jun","","SBEI2005",6,5,5.5,79.6566896704289,0
"337",76,"1738/09/25",1738,9,25,1,1,1,36.5,36.7,10,6.2,"Kelless",37.12,36.72,"5","","SBEI2005",5,5,5,55.4403557354564,0
"338",76,"1738/09/25",1738,9,25,1,1,1,36.5,36.7,10,6.2,"Bereket",33.25,36.35,"5","","SBEI2005",5,5,5,293.636665687237,0
"339",77,"1752/07/21",1752,7,21,1,1,1,35.75,35.6,10,6.8,"Lattakia",35.78,35.53,"7","","SBEI2005",7,7,7,8.22087492854728,0
"340",77,"1752/07/21",1752,7,21,1,1,1,35.75,35.6,10,6.8,"Tripoli",35.83,34.44,"5","","SBEI2005",5,5,5,128.754431909772,0
"341",80,"1759/10/30",1759,10,30,34,50,0,35.6,33.1,10,6.6,"Al-Qunaytra",35.9,32.97,"8","","SBEI2005",8,8,8,31.5082199378875,0
"342",80,"1759/10/30",1759,10,30,34,50,0,35.6,33.1,10,6.6,"Safad",35.5,32.96,"7","","SBEI2005",7,7,7,18.1048372035824,0
"343",80,"1759/10/30",1759,10,30,34,50,0,35.6,33.1,10,6.6,"Acre",35.08,32.93,"6","","SBEI2005",6,6,6,52.1090311137638,0
"344",80,"1759/10/30",1759,10,30,34,50,0,35.6,33.1,10,6.6,"An-Nasra",35.3,32.7,"6","","SBEI2005",6,6,6,52.4502017169392,0
"345",80,"1759/10/30",1759,10,30,34,50,0,35.6,33.1,10,6.6,"Sidon",35.61,33.49,"6","","SBEI2005",6,6,6,43.2142626518043,0
"346",80,"1759/10/30",1759,10,30,34,50,0,35.6,33.1,10,6.6,"Saasaa",36.02,33.28,"6","","SBEI2005",6,6,6,43.9495727403831,0
"347",80,"1759/10/30",1759,10,30,34,50,0,35.6,33.1,10,6.6,"Damascus",36.29,33.51,"5","","SBEI2005",5,5,5,78.6905767474313,0
"348",80,"1759/10/30",1759,10,30,34,50,0,35.6,33.1,10,6.6,"Aleppo",37.15,36.21,"4","","SBEI2005",4,4,4,372.741081903757,0
"349",80,"1759/10/30",1759,10,30,34,50,0,35.6,33.1,10,6.6,"Al-Quds",35.23,31.78,"4","","SBEI2005",4,4,4,150.288930926874,0
"350",80,"1759/10/30",1759,10,30,34,50,0,35.6,33.1,10,6.6,"Beirut",35.5,33.89,"4","","SBEI2005",4,4,4,88.0114993839636,0
"351",80,"1759/10/30",1759,10,30,34,50,0,35.6,33.1,10,6.6,"Antioch",36.16,36.2,"4","","SBEI2005",4,4,4,347.319979915851,0
"352",80,"1759/10/30",1759,10,30,34,50,0,35.6,33.1,10,6.6,"Gaza",34.48,31.52,"4","","SBEI2005",4,4,4,204.323393336888,0
"353",81,"1759/11/25",1759,11,25,19,23,0,35.9,33.7,10,7.4,"Baalbak",36.21,34,">8","","SBEI2005",8,8,8,43.9067273307682,0
"354",81,"1759/11/25",1759,11,25,19,23,0,35.9,33.7,10,7.4,"Serghaya",36.15,33.8,">8","","SBEI2005",8,8,8,25.6767140752114,0
"355",81,"1759/11/25",1759,11,25,19,23,0,35.9,33.7,10,7.4,"Zabadani",36.1,33.72,">8","","SBEI2005",8,8,8,18.6714455012232,0
"356",81,"1759/11/25",1759,11,25,19,23,0,35.9,33.7,10,7.4,"Ras Baalbak",36.42,34.26,"8","","SBEI2005",8,8,8,78.4755101613505,0
"357",81,"1759/11/25",1759,11,25,19,23,0,35.9,33.7,10,7.4,"Al-Qunaytra",35.9,32.97,"8","","SBEI2005",8,8,8,80.8700600010108,0
"358",81,"1759/11/25",1759,11,25,19,23,0,35.9,33.7,10,7.4,"Damascus",36.29,33.51,"07-Aug","","SBEI2005",8,7,7.5,41.8713843503537,0
"359",81,"1759/11/25",1759,11,25,19,23,0,35.9,33.7,10,7.4,"Beirut",35.5,33.89,"07-Aug","","SBEI2005",8,7,7.5,42.6056166551831,0
"360",81,"1759/11/25",1759,11,25,19,23,0,35.9,33.7,10,7.4,"Sidon",35.61,33.49,"07-Aug","","SBEI2005",8,7,7.5,35.5785891016988,0
"361",81,"1759/11/25",1759,11,25,19,23,0,35.9,33.7,10,7.4,"Safad",35.5,32.96,"07-Aug","","SBEI2005",8,7,7.5,90.0400091309413,0
"362",81,"1759/11/25",1759,11,25,19,23,0,35.9,33.7,10,7.4,"Sur",35.2,33.27,"07-Aug","","SBEI2005",8,7,7.5,80.6324909622827,0
"363",81,"1759/11/25",1759,11,25,19,23,0,35.9,33.7,10,7.4,"Tripoli",35.83,34.44,"7","","SBEI2005",7,7,7,82.2435288172595,0
"364",81,"1759/11/25",1759,11,25,19,23,0,35.9,33.7,10,7.4,"Acre",35.08,32.93,"7","","SBEI2005",7,7,7,114.483558814764,0
"365",81,"1759/11/25",1759,11,25,19,23,0,35.9,33.7,10,7.4,"Homs",36.72,34.77,"06-Jul","","SBEI2005",7,6,6.5,140.577997105918,0
"366",81,"1759/11/25",1759,11,25,19,23,0,35.9,33.7,10,7.4,"Hama",36.75,35.13,"06-Jul","","SBEI2005",7,6,6.5,176.667967550664,0
"367",81,"1759/11/25",1759,11,25,19,23,0,35.9,33.7,10,7.4,"An-Nasra",35.3,32.7,"06-Jul","","SBEI2005",7,6,6.5,124.102220168183,0
"368",81,"1759/11/25",1759,11,25,19,23,0,35.9,33.7,10,7.4,"Hosn Al-Akrad",36.29,34.76,"06-Jul","","SBEI2005",7,6,6.5,122.821024347203,0
"369",81,"1759/11/25",1759,11,25,19,23,0,35.9,33.7,10,7.4,"Lattakia",35.78,35.53,"05-Jun","","SBEI2005",6,5,5.5,203.076970738053,0
"370",81,"1759/11/25",1759,11,25,19,23,0,35.9,33.7,10,7.4,"Al-Quds",35.23,31.78,"05-Jun","","SBEI2005",6,5,5.5,221.750679215061,0
"371",81,"1759/11/25",1759,11,25,19,23,0,35.9,33.7,10,7.4,"Gaza",34.48,31.52,"05-Jun","","SBEI2005",6,5,5.5,275.802001958979,0
"372",81,"1759/11/25",1759,11,25,19,23,0,35.9,33.7,10,7.4,"Antioch",36.16,36.2,"05-Jun","","SBEI2005",6,5,5.5,278.053582488248,0
"373",81,"1759/11/25",1759,11,25,19,23,0,35.9,33.7,10,7.4,"Aleppo",37.15,36.21,"5","","SBEI2005",5,5,5,300.657780771468,0
"374",81,"1759/11/25",1759,11,25,19,23,0,35.9,33.7,10,7.4,"Tarba",36.77,32.8,"5","","SBEI2005",5,5,5,128.502454677897,0
"375",88,"1796/04/26",1796,4,26,1,1,1,36.2,35.3,20,6.7,"Qalaat Al-Marqeb",35.95,35.15,"8","","SBEI2005",8,8,8,28.1835500763505,0
"376",88,"1796/04/26",1796,4,26,1,1,1,36.2,35.3,20,6.7,"Al-Qadmous",36.16,35.1,"8","","SBEI2005",8,8,8,22.4614168057484,0
"377",88,"1796/04/26",1796,4,26,1,1,1,36.2,35.3,20,6.7,"Nahr Al-Kabir",36.1,34.52,"07-Aug","","SBEI2005",8,7,7.5,86.9168637343715,0
"378",88,"1796/04/26",1796,4,26,1,1,1,36.2,35.3,20,6.7,"Jableh",35.97,35.16,"07-Aug","","SBEI2005",8,7,7.5,26.0591864847069,0
"379",88,"1796/04/26",1796,4,26,1,1,1,36.2,35.3,20,6.7,"Bkas",36.28,35.86,"07-Aug","","SBEI2005",8,7,7.5,62.4861729552518,0
"380",88,"1796/04/26",1796,4,26,1,1,1,36.2,35.3,20,6.7,"Lattakia",35.78,35.53,"7","","SBEI2005",7,7,7,45.8787384582672,0
"381",88,"1796/04/26",1796,4,26,1,1,1,36.2,35.3,20,6.7,"Saida",35.61,33.49,"5","","SBEI2005",5,5,5,207.761018438486,0
"382",88,"1796/04/26",1796,4,26,1,1,1,36.2,35.3,20,6.7,"Aleppo",37.15,36.21,"4","","SBEI2005",4,4,4,132.490902214092,0
"383",88,"1796/04/26",1796,4,26,1,1,1,36.2,35.3,20,6.7,"Tripoli",35.83,34.44,"5","","SBEI2005",5,5,5,101.125557007652,0
"384",89,"1802",1802,1,1,1,1,1,36.2,34,10,6.1,"Baalbak",36.21,34,"6","","SBEI2005",6,6,6,0.923847963552987,0
"385",91,"1814",1814,1,1,1,1,1,35.8,32.8,10,6,"Al-Laja",36.39,32.93,"06-Jul","","SBEI2005",7,6,6.5,57.0677909736471,0
"386",93,"1822/08/13",1822,8,13,1,1,1,36.75,36.7,18,7.4,"Jisr Ash'Shoughour",36.32,35.81,"9","","SBEI2005",9,9,9,105.949300742817,0
"387",93,"1822/08/13",1822,8,13,1,1,1,36.75,36.7,18,7.4,"Quseir",36.58,34.51,"9","","SBEI2005",9,9,9,243.204152407072,1
"388",93,"1822/08/13",1822,8,13,1,1,1,36.75,36.7,18,7.4,"Aleppo",37.15,36.21,"08-Sep","","SBEI2005",9,8,8.5,65.0833521557989,0
"389",93,"1822/08/13",1822,8,13,1,1,1,36.75,36.7,18,7.4,"Darkoush",36.39,35.99,"08-Sep","","SBEI2005",9,8,8.5,85.0766165231168,0
"390",93,"1822/08/13",1822,8,13,1,1,1,36.75,36.7,18,7.4,"Antioch",36.16,36.2,"8","","SBEI2005",8,8,8,76.6115692576776,0
"391",93,"1822/08/13",1822,8,13,1,1,1,36.75,36.7,18,7.4,"Iskenderun",36.17,36.58,"8","","SBEI2005",8,8,8,53.5475449417469,0
"392",93,"1822/08/13",1822,8,13,1,1,1,36.75,36.7,18,7.4,"Idleb",36.63,35.93,"8","","SBEI2005",8,8,8,86.0279121429174,0
"393",93,"1822/08/13",1822,8,13,1,1,1,36.75,36.7,18,7.4,"Sarmeen",36.72,35.9,"8","","SBEI2005",8,8,8,88.716329542029,0
"394",93,"1822/08/13",1822,8,13,1,1,1,36.75,36.7,18,7.4,"Kelless",37.12,36.72,"8","","SBEI2005",8,8,8,33.1332026899638,0
"395",93,"1822/08/13",1822,8,13,1,1,1,36.75,36.7,18,7.4,"Armanaz",36.5,36.08,"07-Aug","","SBEI2005",8,7,7.5,72.2919721127638,0
"396",93,"1822/08/13",1822,8,13,1,1,1,36.75,36.7,18,7.4,"Lattakia",35.78,35.53,"7","","SBEI2005",7,7,7,156.344495826033,1
"397",93,"1822/08/13",1822,8,13,1,1,1,36.75,36.7,18,7.4,"Homs",36.72,34.77,"7","","SBEI2005",7,7,7,213.923019707968,1
"398",93,"1822/08/13",1822,8,13,1,1,1,36.75,36.7,18,7.4,"Hama",36.75,35.13,"7","","SBEI2005",7,7,7,174.01237650323,1
"399",93,"1822/08/13",1822,8,13,1,1,1,36.75,36.7,18,7.4,"Maraash",36.93,37.58,"7","","SBEI2005",7,7,7,98.8611236346196,0
"400",93,"1822/08/13",1822,8,13,1,1,1,36.75,36.7,18,7.4,"Ram Hamadan",36.71,36.03,"7","","SBEI2005",7,7,7,74.3533008765655,0
"401",93,"1822/08/13",1822,8,13,1,1,1,36.75,36.7,18,7.4,"Bennesh",36.71,35.96,"7","","SBEI2005",7,7,7,82.1038107639768,0
"402",93,"1822/08/13",1822,8,13,1,1,1,36.75,36.7,18,7.4,"Maarret Missrin",36.67,36,"7","","SBEI2005",7,7,7,77.9233105105683,0
"403",93,"1822/08/13",1822,8,13,1,1,1,36.75,36.7,18,7.4,"Damascus",36.29,33.51,"3","","SBEI2005",3,3,3,355.988434975873,0
"404",93,"1822/08/13",1822,8,13,1,1,1,36.75,36.7,18,7.4,"Gaza",34.48,31.52,"3","","SBEI2005",3,3,3,610.891880042007,0
"405",93,"1822/08/13",1822,8,13,1,1,1,36.75,36.7,18,7.4,"Al-Quds",35.23,31.78,"3","","SBEI2005",3,3,3,562.807853714771,0
"406",97,"1837/01/01",1837,1,1,1,1,1,35.5,33.3,10,7,"Safad",35.5,32.96,"07-Aug","","SBEI2005",8,7,7.5,37.6640488741253,0
"407",97,"1837/01/01",1837,1,1,1,1,1,35.5,33.3,10,7,"Nablus",35.26,32.23,"07-Aug","","SBEI2005",8,7,7.5,120.637186576018,0
"408",97,"1837/01/01",1837,1,1,1,1,1,35.5,33.3,10,7,"Beit Lahm",35.2,31.71,"07-Aug","","SBEI2005",8,7,7.5,178.355930349923,1
"409",97,"1837/01/01",1837,1,1,1,1,1,35.5,33.3,10,7,"Al-Khalil",35.1,31.53,"07-Aug","","SBEI2005",8,7,7.5,199.625641264494,1
"410",97,"1837/01/01",1837,1,1,1,1,1,35.5,33.3,10,7,"Tabariya",35.53,32.8,"7","","SBEI2005",7,7,7,55.4583008965197,0
"411",97,"1837/01/01",1837,1,1,1,1,1,35.5,33.3,10,7,"Beirut",35.5,33.89,"06-Jul","","SBEI2005",7,6,6.5,65.3639498824014,0
"412",97,"1837/01/01",1837,1,1,1,1,1,35.5,33.3,10,7,"Damascus",36.29,33.51,"6","","SBEI2005",6,6,6,77.083007583441,0
"413",100,"1845/02/21",1845,2,21,1,1,1,33.4,35.15,10,5,"Antioch",36.16,36.2,"5","","SBEI2005",5,5,5,275.622955820304,0
"414",106,"1868/04/16",1868,2,20,3,15,1,33,32,10,5.6,"Aleppo",37.15,36.21,"3","","SBEI2005",3,3,3,603.351356746053,0
"415",108,"1872/04/03",1872,4,3,7,45,1,36.4,36.4,10,7.2,"Harem",36.57,36.14,"8","","SBEI2005",8,8,8,32.6172586252276,0
"416",108,"1872/04/03",1872,4,3,7,45,1,36.4,36.4,10,7.2,"Armanaz",36.5,36.08,"8","","SBEI2005",8,8,8,36.5910001859154,0
"417",108,"1872/04/03",1872,4,3,7,45,1,36.4,36.4,10,7.2,"Buhyret Al-Amq",36.16,36.2,"07-Aug","","SBEI2005",8,7,7.5,30.9217520253246,0
"418",108,"1872/04/03",1872,4,3,7,45,1,36.4,36.4,10,7.2,"Antioch",36.16,36.2,"07-Aug","","SBEI2005",8,7,7.5,30.9217520253246,0
"419",108,"1872/04/03",1872,4,3,7,45,1,36.4,36.4,10,7.2,"Aleppo",37.15,36.21,"7","","SBEI2005",7,7,7,70.5765953968732,0
"420",108,"1872/04/03",1872,4,3,7,45,1,36.4,36.4,10,7.2,"Suaidiya",35.92,36.12,"7","","SBEI2005",7,7,7,53.140657500229,0
"421",108,"1872/04/03",1872,4,3,7,45,1,36.4,36.4,10,7.2,"Izaz",37.03,36.35,"06-Jul","","SBEI2005",7,6,6.5,56.8038864250645,0
"422",108,"1872/04/03",1872,4,3,7,45,1,36.4,36.4,10,7.2,"Idleb",36.63,35.93,"06-Jul","","SBEI2005",7,6,6.5,56.0550760046139,0
"423",108,"1872/04/03",1872,4,3,7,45,1,36.4,36.4,10,7.2,"Iskenderun",36.17,36.58,"06-Jul","","SBEI2005",7,6,6.5,28.6848011025318,0
"424",108,"1872/04/03",1872,4,3,7,45,1,36.4,36.4,10,7.2,"Hama",36.75,35.13,"4","","SBEI2005",4,4,4,144.2715988164,0
"425",108,"1872/04/03",1872,4,3,7,45,1,36.4,36.4,10,7.2,"Homs",36.72,34.77,"4","","SBEI2005",4,4,4,182.963769896237,0
"426",108,"1872/04/03",1872,4,3,7,45,1,36.4,36.4,10,7.2,"Tripoli",35.83,34.44,"4","","SBEI2005",4,4,4,223.299119032269,0
"427",108,"1872/04/03",1872,4,3,7,45,1,36.4,36.4,10,7.2,"Damascus",36.29,33.51,"3","","SBEI2005",3,3,3,320.413665101603,0
"428",108,"1872/04/03",1872,4,3,7,45,1,36.4,36.4,10,7.2,"Rhodos",28.22,36.43,"3","","SBEI2005",3,3,3,733.44299369206,0
"429",116,"1896/05/12",1896,5,2,1,1,1,36,34,10,5.5,"Baalbak",36.21,34,"5","","SBEI2005",5,5,5,19.4008038466555,0
"430",117,"1896/05/14",1896,5,2,1,1,1,36,34,10,5.5,"Antioch",36.16,36.2,"5","","SBEI2005",5,5,5,244.236323468911,0
"431",117,"1896/05/14",1896,5,2,1,1,1,36,34,10,5.5,"Jisr Ash'Shoughour",36.32,35.81,"3","","SBEI2005",3,3,3,202.694131439495,0
"432",117,"1896/05/14",1896,5,2,1,1,1,36,34,10,5.5,"Aleppo",37.15,36.21,"3","","SBEI2005",3,3,3,266.400908571132,0
"433",117,"1896/05/14",1896,5,2,1,1,1,36,34,10,5.5,"Kelless",37.12,36.72,"3","","SBEI2005",3,3,3,318.156105287588,0
"434",118,"1896/06/29",1896,6,29,4,5,1,33.1,34.45,10,6.5,"Bisri",35.54,33.58,"4","","SBEI2005",4,4,4,245.116755912754,0
"435",118,"1896/06/29",1896,6,29,4,5,1,33.1,34.45,10,6.5,"Shouf",35.59,33.65,"4","","SBEI2005",4,4,4,246.388140239697,0
"436",118,"1896/06/29",1896,6,29,4,5,1,33.1,34.45,10,6.5,"Cairo",31.24,30.04,"4","","SBEI2005",4,4,4,518.911799506776,0
"437",165,"",1927,NA,NA,NA,NA,NA,35.5,31.8,15,6.1," Abu-Gosh",35.1,31.8,"","","ZOHAR2012",NA,NA,6.5,37.8790606136883,0
"438",165,"",1927,NA,NA,NA,NA,NA,35.5,31.8,15,6.1," Abu-Dis",35.26,31.76,"","","ZOHAR2012",NA,NA,7.5,23.159941967742,0
"439",165,"",1927,NA,NA,NA,NA,NA,35.5,31.8,15,6.1," Abu-Tlul",34.87,31.19,"","","ZOHAR2012",NA,NA,5,90.2544081721916,0
"440",165,"",1927,NA,NA,NA,NA,NA,35.5,31.8,15,6.1," Um-el-Fahm",35.15,32.51,"","","ZOHAR2012",NA,NA,5.5,85.2867814260064,0
"441",165,"",1927,NA,NA,NA,NA,NA,35.5,31.8,15,6.1," Um Juni",35.56,32.7,"","","ZOHAR2012",NA,NA,7,99.8427601384683,0
"442",165,"",1927,NA,NA,NA,NA,NA,35.5,31.8,15,6.1," El Hama",35.66,32.68,"","","ZOHAR2012",NA,NA,7,98.6266931897133,0
"443",165,"",1927,NA,NA,NA,NA,NA,35.5,31.8,15,6.1," El Arish",33.76,31.15,"","","ZOHAR2012",NA,NA,4.5,180.333360443516,0
"444",165,"",1927,NA,NA,NA,NA,NA,35.5,31.8,15,6.1," Alexandria",29.9,31.2,"","","ZOHAR2012",NA,NA,3,536.083777933629,0
"445",165,"",1927,NA,NA,NA,NA,NA,35.5,31.8,15,6.1," A-Salt",35.72,32.04,"","","ZOHAR2012",NA,NA,8.5,33.7552521958836,0
"446",165,"",1927,NA,NA,NA,NA,NA,35.5,31.8,15,6.1," Irbid",35.85,32.56,"","","ZOHAR2012",NA,NA,7.5,90.415286719142,0
"447",165,"",1927,NA,NA,NA,NA,NA,35.5,31.8,15,6.1," A-Ram",35.23,31.85,"","","ZOHAR2012",NA,NA,7,26.154391465799,0
"448",165,"",1927,NA,NA,NA,NA,NA,35.5,31.8,15,6.1," Beer Sheva",34.8,31.24,"","","ZOHAR2012",NA,NA,5,90.9199876204994,0
"449",165,"",1927,NA,NA,NA,NA,NA,35.5,31.8,15,6.1," Bira",35.22,31.91,"","","ZOHAR2012",NA,NA,7.5,29.1657262466501,0
"450",165,"",1927,NA,NA,NA,NA,NA,35.5,31.8,15,6.1," Bet Alfa",35.42,32.51,"","","ZOHAR2012",NA,NA,6,78.9983346135075,0
"451",165,"",1927,NA,NA,NA,NA,NA,35.5,31.8,15,6.1," Bet Jala",35.18,31.72,"","","ZOHAR2012",NA,NA,7.5,31.5843684808202,0
"452",165,"",1927,NA,NA,NA,NA,NA,35.5,31.8,15,6.1," Bet Govrin",34.89,31.6,"","","ZOHAR2012",NA,NA,6,61.9242298215118,0
"453",165,"",1927,NA,NA,NA,NA,NA,35.5,31.8,15,6.1," Bet Gimal",34.97,31.72,"","","ZOHAR2012",NA,NA,6.5,50.9869824147225,0
"454",165,"",1927,NA,NA,NA,NA,NA,35.5,31.8,15,6.1," Bet HaKerem",35.2,31.78,"","","ZOHAR2012",NA,NA,7,28.4985651895311,0
"455",165,"",1927,NA,NA,NA,NA,NA,35.5,31.8,15,6.1," Bet Lehem",35.2,31.7,"","","ZOHAR2012",NA,NA,7.5,30.5058083487234,0
"456",165,"",1927,NA,NA,NA,NA,NA,35.5,31.8,15,6.1," Bet Likia",35.06,31.86,"","","ZOHAR2012",NA,NA,6.5,42.180179013676,0
"457",165,"",1927,NA,NA,NA,NA,NA,35.5,31.8,15,6.1," Bet Shean",35.5,32.49,"","","ZOHAR2012",NA,NA,6,76.421792586657,0
"458",165,"",1927,NA,NA,NA,NA,NA,35.5,31.8,15,6.1," Bet Sorik",35.15,31.82,"","","ZOHAR2012",NA,NA,7,33.2145474735671,0
"459",165,"",1927,NA,NA,NA,NA,NA,35.5,31.8,15,6.1," Binyamina",34.94,32.52,"","","ZOHAR2012",NA,NA,5.5,95.6527231976473,0
"460",165,"",1927,NA,NA,NA,NA,NA,35.5,31.8,15,6.1," Batir",35.14,31.73,"","","ZOHAR2012",NA,NA,7,34.9739909827275,0
"461",165,"",1927,NA,NA,NA,NA,NA,35.5,31.8,15,6.1," Gedera",34.77,31.81,"","","ZOHAR2012",NA,NA,6,69.134342905291,0
"462",165,"",1927,NA,NA,NA,NA,NA,35.5,31.8,15,6.1," Gimzoo",34.95,31.92,"","","ZOHAR2012",NA,NA,7.5,53.719824077637,0
"463",165,"",1927,NA,NA,NA,NA,NA,35.5,31.8,15,6.1," Jiftlik",35.48,32.14,"","","ZOHAR2012",NA,NA,7,37.7033161689048,0
"464",165,"",1927,NA,NA,NA,NA,NA,35.5,31.8,15,6.1," Jaljulia",34.95,32.15,"","","ZOHAR2012",NA,NA,6,64.8461364031158,0
"465",165,"",1927,NA,NA,NA,NA,NA,35.5,31.8,15,6.1," Genin",35.3,32.46,"","","ZOHAR2012",NA,NA,6,75.4955501451954,0
"466",165,"",1927,NA,NA,NA,NA,NA,35.5,31.8,15,6.1," Jeser Magmi",35.56,32.63,"","","ZOHAR2012",NA,NA,7,92.1026973842748,0
"467",165,"",1927,NA,NA,NA,NA,NA,35.5,31.8,15,6.1," Jeresh",35.9,32.28,"","","ZOHAR2012",NA,NA,7,65.2191008659385,0
"468",165,"",1927,NA,NA,NA,NA,NA,35.5,31.8,15,6.1," Gesher",35.55,32.62,"","","ZOHAR2012",NA,NA,7,90.943438346692,0
"469",165,"",1927,NA,NA,NA,NA,NA,35.5,31.8,15,6.1," Alenbi Bridge",35.54,31.87,"","","ZOHAR2012",NA,NA,8,8.62775228873364,0
"470",165,"",1927,NA,NA,NA,NA,NA,35.5,31.8,15,6.1," Bnot ?? Yaa'kov",35.63,33.01,"","","ZOHAR2012",NA,NA,6.5,134.578297083807,0
"471",165,"",1927,NA,NA,NA,NA,NA,35.5,31.8,15,6.1," Daharia",34.98,31.41,"","","ZOHAR2012",NA,NA,6,65.5773312482322,0
"472",165,"",1927,NA,NA,NA,NA,NA,35.5,31.8,15,6.1," Dir-a-Shech",35.07,31.74,"","","ZOHAR2012",NA,NA,6.5,41.2715562500506,0
"473",165,"",1927,NA,NA,NA,NA,NA,35.5,31.8,15,6.1," Demaskus",36.3,33.52,"","","ZOHAR2012",NA,NA,4.5,204.76464393934,0
"474",165,"",1927,NA,NA,NA,NA,NA,35.5,31.8,15,6.1," Daraa'",36.07,32.63,"","","ZOHAR2012",NA,NA,6,106.48086545122,0
"475",165,"",1927,NA,NA,NA,NA,NA,35.5,31.8,15,6.1," Zeitim Mountain",35.25,31.78,"","","ZOHAR2012",NA,NA,7.5,23.780346012477,0
"476",165,"",1927,NA,NA,NA,NA,NA,35.5,31.8,15,6.1," Toov Mountain",35.01,31.76,"","","ZOHAR2012",NA,NA,6.5,46.6227549374416,0
"477",165,"",1927,NA,NA,NA,NA,NA,35.5,31.8,15,6.1," Carmel Mountain",35.04,32.75,"","","ZOHAR2012",NA,NA,6,113.795240461992,0
"478",165,"",1927,NA,NA,NA,NA,NA,35.5,31.8,15,6.1," Zofim Mountain",35.25,31.8,"","","ZOHAR2012",NA,NA,7.5,23.6744210189377,0
"479",165,"",1927,NA,NA,NA,NA,NA,35.5,31.8,15,6.1," Herzelia",34.8,32.16,"","","ZOHAR2012",NA,NA,5,77.2444019036282,0
"480",165,"",1927,NA,NA,NA,NA,NA,35.5,31.8,15,6.1," Vadi Shueib",35.61,31.91,"","","ZOHAR2012",NA,NA,8,16.0247210769082,0
"481",165,"",1927,NA,NA,NA,NA,NA,35.5,31.8,15,6.1," Zarka",36.09,32.07,"","","ZOHAR2012",NA,NA,7,63.2984839526327,0
"482",165,"",1927,NA,NA,NA,NA,NA,35.5,31.8,15,6.1," Zichron Yaa'kov",34.94,32.57,"","","ZOHAR2012",NA,NA,5.5,100.308847604233,0
"483",165,"",1927,NA,NA,NA,NA,NA,35.5,31.8,15,6.1," Zarka Maein",35.73,31.68,"","","ZOHAR2012",NA,NA,7.5,25.5267283291358,0
"484",165,"",1927,NA,NA,NA,NA,NA,35.5,31.8,15,6.1," Hebron",35.1,31.53,"","","ZOHAR2012",NA,NA,7,48.3018160480268,0
"485",165,"",1927,NA,NA,NA,NA,NA,35.5,31.8,15,6.1," Haifa",35,32.81,"","","ZOHAR2012",NA,NA,6,121.373289389244,0
"486",165,"",1927,NA,NA,NA,NA,NA,35.5,31.8,15,6.1," Tabha",35.53,32.87,"","","ZOHAR2012",NA,NA,6.5,118.546996375236,0
"487",165,"",1927,NA,NA,NA,NA,NA,35.5,31.8,15,6.1," Tiberias",35.54,32.78,"","","ZOHAR2012",NA,NA,6.5,108.609393171548,0
"488",165,"",1927,NA,NA,NA,NA,NA,35.5,31.8,15,6.1," Tool-Karem",35.02,32.3,"","","ZOHAR2012",NA,NA,6,71.5649960997527,0
"489",165,"",1927,NA,NA,NA,NA,NA,35.5,31.8,15,6.1," Tapila",35.61,30.84,"","","ZOHAR2012",NA,NA,5,106.824130147805,0
"490",165,"",1927,NA,NA,NA,NA,NA,35.5,31.8,15,6.1," Yalo",35.02,31.83,"","","ZOHAR2012",NA,NA,7,45.5687964670612,0
"491",165,"",1927,NA,NA,NA,NA,NA,35.5,31.8,15,6.1," Yavne",34.75,31.87,"","","ZOHAR2012",NA,NA,6,71.4183441996774,0
"492",165,"",1927,NA,NA,NA,NA,NA,35.5,31.8,15,6.1," Jafa",34.75,32.06,"","","ZOHAR2012",NA,NA,5.5,76.5459355521184,0
"493",165,"",1927,NA,NA,NA,NA,NA,35.5,31.8,15,6.1," Jerusalem",35.22,31.78,"","","ZOHAR2012",NA,NA,7,26.6105456323892,0
"494",165,"",1927,NA,NA,NA,NA,NA,35.5,31.8,15,6.1," Armon-HaNatziv",35.25,31.74,"","","ZOHAR2012",NA,NA,7.5,24.5966155910628,0
"495",165,"",1927,NA,NA,NA,NA,NA,35.5,31.8,15,6.1," Holly Mountain",35.24,31.78,"","","ZOHAR2012",NA,NA,7.5,24.7234646687943,0
"496",165,"",1927,NA,NA,NA,NA,NA,35.5,31.8,15,6.1," Jericho",35.45,31.86,"","","ZOHAR2012",NA,NA,8,8.15842713173475,0
"497",165,"",1927,NA,NA,NA,NA,NA,35.5,31.8,15,6.1," Jru. ?? Jericho Road 1",35.4,31.8,"","","ZOHAR2012",NA,NA,8,9.46977015980591,0
"498",165,"",1927,NA,NA,NA,NA,NA,35.5,31.8,15,6.1," Jre. ?? Jericho Road 2",35.41,31.81,"","","ZOHAR2012",NA,NA,7.5,8.59399067527981,0
"499",165,"",1927,NA,NA,NA,NA,NA,35.5,31.8,15,6.1," Amman ?? Jordan Road",35.64,31.82,"","","ZOHAR2012",NA,NA,8,13.4400203462223,0
"500",165,"",1927,NA,NA,NA,NA,NA,35.5,31.8,15,6.1," Michmach Village",35.27,31.86,"","","ZOHAR2012",NA,NA,7.5,22.7648068793009,0
"501",165,"",1927,NA,NA,NA,NA,NA,35.5,31.8,15,6.1," Shiloach Village",35.24,31.76,"","","ZOHAR2012",NA,NA,7.5,25.0219503062548,0
"502",165,"",1927,NA,NA,NA,NA,NA,35.5,31.8,15,6.1," Kafaringi",35.7,32.29,"","","ZOHAR2012",NA,NA,8,57.4628231909952,0
"503",165,"",1927,NA,NA,NA,NA,NA,35.5,31.8,15,6.1," Karach",35.69,31.18,"","","ZOHAR2012",NA,NA,6.5,70.9939604453134,0
"504",165,"",1927,NA,NA,NA,NA,NA,35.5,31.8,15,6.1," Lod",34.89,31.95,"","","ZOHAR2012",NA,NA,7,60.0618597611888,0
"505",165,"",1927,NA,NA,NA,NA,NA,35.5,31.8,15,6.1," Migdal",35.5,32.84,"","","ZOHAR2012",NA,NA,5,115.190221764865,0
"506",165,"",1927,NA,NA,NA,NA,NA,35.5,31.8,15,6.1," Migdal Yava",34.95,32.08,"","","ZOHAR2012",NA,NA,5.5,60.5486370268905,0
"507",165,"",1927,NA,NA,NA,NA,NA,35.5,31.8,15,6.1," Midba",35.79,31.73,"","","ZOHAR2012",NA,NA,7,28.5454902497945,0
"508",165,"",1927,NA,NA,NA,NA,NA,35.5,31.8,15,6.1," Moza",35.16,31.79,"","","ZOHAR2012",NA,NA,7.5,32.2179799026653,0
"509",165,"",1927,NA,NA,NA,NA,NA,35.5,31.8,15,6.1," Maa'n",35.72,30.19,"","","ZOHAR2012",NA,NA,5,179.513658031156,0
"510",165,"",1927,NA,NA,NA,NA,NA,35.5,31.8,15,6.1," Maa'yan Elisha",35.43,31.87,"","","ZOHAR2012",NA,NA,7.5,10.1984577084024,0
"511",165,"",1927,NA,NA,NA,NA,NA,35.5,31.8,15,6.1," Mrar",35.4,32.88,"","","ZOHAR2012",NA,NA,7,119.990907950765,0
"512",165,"",1927,NA,NA,NA,NA,NA,35.5,31.8,15,6.1," Masada",35.36,31.31,"","","ZOHAR2012",NA,NA,8,55.8689000088321,0
"513",165,"",1927,NA,NA,NA,NA,NA,35.5,31.8,15,6.1," Merhavia",35.31,32.59,"","","ZOHAR2012",NA,NA,6.5,89.3134160187451,0
"514",165,"",1927,NA,NA,NA,NA,NA,35.5,31.8,15,6.1," Mar-sava",35.34,31.71,"","","ZOHAR2012",NA,NA,7.5,18.1422040643505,0
"515",165,"",1927,NA,NA,NA,NA,NA,35.5,31.8,15,6.1," Meslovia",35.63,31.76,"","","ZOHAR2012",NA,NA,8,13.0859629588324,0
"516",165,"",1927,NA,NA,NA,NA,NA,35.5,31.8,15,6.1," Nabi ?? Musa",35.43,31.78,"","","ZOHAR2012",NA,NA,8,6.98977397144174,0
"517",165,"",1927,NA,NA,NA,NA,NA,35.5,31.8,15,6.1," Nahalal",35.19,32.68,"","","ZOHAR2012",NA,NA,6,101.751571126986,0
"518",165,"",1927,NA,NA,NA,NA,NA,35.5,31.8,15,6.1," Naharia",35.09,33.01,"","","ZOHAR2012",NA,NA,6,139.46078728359,0
"519",165,"",1927,NA,NA,NA,NA,NA,35.5,31.8,15,6.1," Sorek River",34.87,31.8,"","","ZOHAR2012",NA,NA,6.5,59.6594706536376,0
"520",165,"",1927,NA,NA,NA,NA,NA,35.5,31.8,15,6.1," Nes-Ziona",34.8,31.92,"","","ZOHAR2012",NA,NA,7,67.5653012228199,0
"521",165,"",1927,NA,NA,NA,NA,NA,35.5,31.8,15,6.1," Nazeret",35.3,32.7,"","","ZOHAR2012",NA,NA,7,101.448496377586,0
"522",165,"",1927,NA,NA,NA,NA,NA,35.5,31.8,15,6.1," Salfit",35.18,32.08,"","","ZOHAR2012",NA,NA,7,43.3260755328817,0
"523",165,"",1927,NA,NA,NA,NA,NA,35.5,31.8,15,6.1," Sweida",36.58,32.7,"","","ZOHAR2012",NA,NA,7,142.456903416795,0
"524",165,"",1927,NA,NA,NA,NA,NA,35.5,31.8,15,6.1," Abadia",35.55,32.68,"","","ZOHAR2012",NA,NA,7,97.5810355670193,0
"525",165,"",1927,NA,NA,NA,NA,NA,35.5,31.8,15,6.1," Ajloon",35.74,32.33,"","","ZOHAR2012",NA,NA,8,62.9224824609304,0
"526",165,"",1927,NA,NA,NA,NA,NA,35.5,31.8,15,6.1," Gaza",34.46,31.5,"","","ZOHAR2012",NA,NA,6.5,104.088306293635,0
"527",165,"",1927,NA,NA,NA,NA,NA,35.5,31.8,15,6.1," Azraa'",36.24,32.85,"","","ZOHAR2012",NA,NA,6,135.57163658174,0
"528",165,"",1927,NA,NA,NA,NA,NA,35.5,31.8,15,6.1," Atara",35.2,32,"","","ZOHAR2012",NA,NA,7,35.9995656297486,0
"529",165,"",1927,NA,NA,NA,NA,NA,35.5,31.8,15,6.1," Ein-el-Kelt",35.37,31.83,"","","ZOHAR2012",NA,NA,7.5,12.7492312370274,0
"530",165,"",1927,NA,NA,NA,NA,NA,35.5,31.8,15,6.1," Ein Dok",35.43,31.88,"","","ZOHAR2012",NA,NA,7.5,11.0635501977304,0
"531",165,"",1927,NA,NA,NA,NA,NA,35.5,31.8,15,6.1," Ein Harod",35.39,32.56,"","","ZOHAR2012",NA,NA,6,84.8120707295765,0
"532",165,"",1927,NA,NA,NA,NA,NA,35.5,31.8,15,6.1," Ein Karem",35.17,31.77,"","","ZOHAR2012",NA,NA,7,31.4313649624727,0
"533",165,"",1927,NA,NA,NA,NA,NA,35.5,31.8,15,6.1," Ein Musa",35.73,31.76,"","","ZOHAR2012",NA,NA,7,22.2309877880855,0
"534",165,"",1927,NA,NA,NA,NA,NA,35.5,31.8,15,6.1," Ein Kinia",35.15,31.93,"","","ZOHAR2012",NA,NA,7,36.1148218962626,0
"535",165,"",1927,NA,NA,NA,NA,NA,35.5,31.8,15,6.1," Ein Fara'",35.35,32.29,"","","ZOHAR2012",NA,NA,7,56.0881345933264,0
"536",165,"",1927,NA,NA,NA,NA,NA,35.5,31.8,15,6.1," Aco",35.07,32.93,"","","ZOHAR2012",NA,NA,6,131.539386715434,0
"537",165,"",1927,NA,NA,NA,NA,NA,35.5,31.8,15,6.1," Anab",34.93,31.39,"","","ZOHAR2012",NA,NA,6,70.6258312803344,0
"538",165,"",1927,NA,NA,NA,NA,NA,35.5,31.8,15,6.1," Afula",35.28,32.6,"","","ZOHAR2012",NA,NA,6.5,91.0013982889826,0
"539",165,"",1927,NA,NA,NA,NA,NA,35.5,31.8,15,6.1," Akaba",35,29.53,"","","ZOHAR2012",NA,NA,4,255.874174677706,0
"540",165,"",1927,NA,NA,NA,NA,NA,35.5,31.8,15,6.1," Ekron",34.83,31.85,"","","ZOHAR2012",NA,NA,6.5,63.6715139542253,0
"541",165,"",1927,NA,NA,NA,NA,NA,35.5,31.8,15,6.1," Pki'in",35.33,32.97,"","","ZOHAR2012",NA,NA,4.5,130.574004661825,0
"542",165,"",1927,NA,NA,NA,NA,NA,35.5,31.8,15,6.1," Petah Tikva",34.9,32.1,"","","ZOHAR2012",NA,NA,5.5,65.7404194781356,0
"543",165,"",1927,NA,NA,NA,NA,NA,35.5,31.8,15,6.1," Tzemach",35.58,32.71,"","","ZOHAR2012",NA,NA,7,101.071720996161,0
"544",165,"",1927,NA,NA,NA,NA,NA,35.5,31.8,15,6.1," Safed",35.49,32.96,"","","ZOHAR2012",NA,NA,6.5,128.486285065658,0
"545",165,"",1927,NA,NA,NA,NA,NA,35.5,31.8,15,6.1," Tzora",34.98,31.77,"","","ZOHAR2012",NA,NA,6.5,49.3626471353131,0
"546",165,"",1927,NA,NA,NA,NA,NA,35.5,31.8,15,6.1," Kabab",34.75,31.89,"","","ZOHAR2012",NA,NA,7,71.6850085102411,0
"547",165,"",1927,NA,NA,NA,NA,NA,35.5,31.8,15,6.1," Cairo",31.2,30.04,"","","ZOHAR2012",NA,NA,3.5,454.819983242472,0
"548",165,"",1927,NA,NA,NA,NA,NA,35.5,31.8,15,6.1," Kunetra",35.82,33.12,"","","ZOHAR2012",NA,NA,4,149.269778020341,0
"549",165,"",1927,NA,NA,NA,NA,NA,35.5,31.8,15,6.1," Kalkilia",34.96,32.19,"","","ZOHAR2012",NA,NA,5.5,66.8550497851576,0
"550",165,"",1927,NA,NA,NA,NA,NA,35.5,31.8,15,6.1," Kiriat Anavim",35.12,31.81,"","","ZOHAR2012",NA,NA,7,36.0002102539597,0
"551",165,"",1927,NA,NA,NA,NA,NA,35.5,31.8,15,6.1," Rammala",35.2,31.9,"","","ZOHAR2012",NA,NA,7.5,30.4773777242565,0
"552",165,"",1927,NA,NA,NA,NA,NA,35.5,31.8,15,6.1," Rosh Ha'ayin",34.92,32.1,"","","ZOHAR2012",NA,NA,6,64.1159368062892,0
"553",165,"",1927,NA,NA,NA,NA,NA,35.5,31.8,15,6.1," Amman",35.93,31.95,"","","ZOHAR2012",NA,NA,8.5,43.9477514659969,0
"554",165,"",1927,NA,NA,NA,NA,NA,35.5,31.8,15,6.1," Rehovot",34.81,31.9,"","","ZOHAR2012",NA,NA,6.5,66.2384760328716,0
"555",165,"",1927,NA,NA,NA,NA,NA,35.5,31.8,15,6.1," Reina",35.3,32.72,"","","ZOHAR2012",NA,NA,7.5,103.625728270489,0
"556",165,"",1927,NA,NA,NA,NA,NA,35.5,31.8,15,6.1," Ramle",34.87,31.92,"","","ZOHAR2012",NA,NA,7,61.0840949482364,0
"557",165,"",1927,NA,NA,NA,NA,NA,35.5,31.8,15,6.1," Ramat Yishai",35.17,32.7,"","","ZOHAR2012",NA,NA,5,104.420349017549,0
"558",165,"",1927,NA,NA,NA,NA,NA,35.5,31.8,15,6.1," Ramat Rachel",35.21,31.74,"","","ZOHAR2012",NA,NA,7.5,28.2633988196034,0
"559",165,"",1927,NA,NA,NA,NA,NA,35.5,31.8,15,6.1," Refidie",35.23,32.22,"","","ZOHAR2012",NA,NA,8,53.0521895282643,0
"560",165,"",1927,NA,NA,NA,NA,NA,35.5,31.8,15,6.1," Shunam",35.33,32.6,"","","ZOHAR2012",NA,NA,6.5,90.0439281703309,0
"561",165,"",1927,NA,NA,NA,NA,NA,35.5,31.8,15,6.1," Borochov Nei.",34.81,32.07,"","","ZOHAR2012",NA,NA,5.5,71.7718850383274,0
"562",165,"",1927,NA,NA,NA,NA,NA,35.5,31.8,15,6.1," Nablus",35.25,32.21,"","","ZOHAR2012",NA,NA,8,51.1853839522271,0
"563",165,"",1927,NA,NA,NA,NA,NA,35.5,31.8,15,6.1," Tel Aviv",34.77,32.07,"","","ZOHAR2012",NA,NA,5.5,75.2268389885267,0
"564",165,"",1927,NA,NA,NA,NA,NA,35.5,31.8,15,6.1," Tel Yosef",35.39,32.53,"","","ZOHAR2012",NA,NA,6,81.5153179715091,0
"565",165,"",1927,NA,NA,NA,NA,NA,35.5,31.8,15,6.1," Dead sea North 1",35.53,31.76,"","","ZOHAR2012",NA,NA,8.5,5.26294674967677,0
"566",165,"",1927,NA,NA,NA,NA,NA,35.5,31.8,15,6.1," Dead sea North 2",35.46,31.73,"","","ZOHAR2012",NA,NA,8.5,8.62891585161576,0
"567",165,"",1927,NA,NA,NA,NA,NA,35.5,31.8,15,6.1," Dead sea North 3",35.5,31.74,"","","ZOHAR2012",NA,NA,8.5,6.64491218473844,0
"568",165,"",1927,NA,NA,NA,NA,NA,35.5,31.8,15,6.1," Jordan Bank",35.54,31.83,"","","ZOHAR2012",NA,NA,8.5,5.03808291726518,0
"569",165,"",1927,NA,NA,NA,NA,NA,35.5,31.8,15,6.1," Yarmuch fall",35.67,32.68,"","","ZOHAR2012",NA,NA,7,98.7751693098432,0
"570",166,"",1995,NA,NA,NA,NA,NA,34.8,28.8,10,7.2,"",35.20329,31.92157,"","","AL-TARAZI1999",NA,NA,5,347.787668200516,0
"571",166,"",1995,NA,NA,NA,NA,NA,34.8,28.8,10,7.2,"",35.94503,31.95522,"","","AL-TARAZI1999",NA,NA,5,366.265178849853,0
"572",166,"",1995,NA,NA,NA,NA,NA,34.8,28.8,10,7.2,"",35.83333,32.5,"","","AL-TARAZI1999",NA,NA,4,421.480416597022,0
"573",166,"",1995,NA,NA,NA,NA,NA,34.8,28.8,10,7.2,"",36.08796,32.07275,"","","AL-TARAZI1999",NA,NA,5,382.892221584027,0
"574",166,"",1995,NA,NA,NA,NA,NA,34.8,28.8,10,7.2,"",32.3,31.1,"","","AL-TARAZI1999",NA,NA,3,350.805647694208,0
"575",166,"",1995,NA,NA,NA,NA,NA,34.8,28.8,10,7.2,"",32.28411,31.25654,"","","AL-TARAZI1999",NA,NA,3,364.473460360169,0
"576",166,"",1995,NA,NA,NA,NA,NA,34.8,28.8,10,7.2,"",32.3,29.7,"","","AL-TARAZI1999",NA,NA,4,262.629417921492,0
"577",166,"",1995,NA,NA,NA,NA,NA,34.8,28.8,10,7.2,"",35.66667,32,"","","AL-TARAZI1999",NA,NA,5,363.958866782246,0
"578",166,"",1995,NA,NA,NA,NA,NA,34.8,28.8,10,7.2,"",33.7,30.5,"","","AL-TARAZI1999",NA,NA,6,216.242304138141,0
"579",166,"",1995,NA,NA,NA,NA,NA,34.8,28.8,10,7.2,"",35.85,32.55556,"","","AL-TARAZI1999",NA,NA,4,427.83044346676,0
"580",166,"",1995,NA,NA,NA,NA,NA,34.8,28.8,10,7.2,"",36.04639,32.01778,"","","AL-TARAZI1999",NA,NA,5,375.856327229887,0
"581",166,"",1995,NA,NA,NA,NA,NA,34.8,28.8,10,7.2,"",34.64966,31.79213,"","","AL-TARAZI1999",NA,NA,5,331.600943881748,0
"582",166,"",1995,NA,NA,NA,NA,NA,34.8,28.8,10,7.2,"",34.7913,31.25181,"","","AL-TARAZI1999",NA,NA,6,271.449968701689,0
"583",166,"",1995,NA,NA,NA,NA,NA,34.8,28.8,10,7.2,"",35.81831,31.9545,"","","AL-TARAZI1999",NA,NA,5,362.716479814331,0
"584",166,"",1995,NA,NA,NA,NA,NA,34.8,28.8,10,7.2,"",34.85992,32.33291,"","","AL-TARAZI1999",NA,NA,4,391.221565073601,0
"585",166,"",1995,NA,NA,NA,NA,NA,34.8,28.8,10,7.2,"",35.0938,31.52935,"","","AL-TARAZI1999",NA,NA,6,303.50545963989,0
"586",166,"",1995,NA,NA,NA,NA,NA,34.8,28.8,10,7.2,"",34.57149,31.66926,"","","AL-TARAZI1999",NA,NA,5,318.438241425843,0
"587",166,"",1995,NA,NA,NA,NA,NA,34.8,28.8,10,7.2,"",33.81291,27.25738,"","","AL-TARAZI1999",NA,NA,5,196.38982628277,0
"588",166,"",1995,NA,NA,NA,NA,NA,34.8,28.8,10,7.2,"",35.58333,30.75,"","","AL-TARAZI1999",NA,NA,7,228.783228958247,1
"589",166,"",1995,NA,NA,NA,NA,NA,34.8,28.8,10,7.2,"",35.72722,32.03917,"","","AL-TARAZI1999",NA,NA,5,369.537843719028,0
"590",166,"",1995,NA,NA,NA,NA,NA,34.8,28.8,10,7.2,"",35.01051,31.89825,"","","AL-TARAZI1999",NA,NA,5,343.634614010305,0
"591",166,"",1995,NA,NA,NA,NA,NA,34.8,28.8,10,7.2,"",34.9039,32.44192,"","","AL-TARAZI1999",NA,NA,4,403.37637107225,0
"592",166,"",1995,NA,NA,NA,NA,NA,34.8,28.8,10,7.2,"",36.00816,32.55873,"","","AL-TARAZI1999",NA,NA,4,431.980824178361,0
"593",166,"",1995,NA,NA,NA,NA,NA,34.8,28.8,10,7.2,"",34.8903,31.9467,"","","AL-TARAZI1999",NA,NA,5,348.512318577388,0
"594",166,"",1995,NA,NA,NA,NA,NA,34.8,28.8,10,7.2,"",34.86563,31.92923,"","","AL-TARAZI1999",NA,NA,5,346.526843885214,0
"595",166,"",1995,NA,NA,NA,NA,NA,34.8,28.8,10,7.2,"",36.20804,32.34289,"","","AL-TARAZI1999",NA,NA,4,414.872080855652,0
"596",166,"",1995,NA,NA,NA,NA,NA,34.8,28.8,10,7.2,"",35.04416,31.93221,"","","AL-TARAZI1999",NA,NA,5,347.592392232726,0
"597",166,"",1995,NA,NA,NA,NA,NA,34.8,28.8,10,7.2,"",35.8706,32.02731,"","","AL-TARAZI1999",NA,NA,5,371.835578936243,0
"598",166,"",1995,NA,NA,NA,NA,NA,34.8,28.8,10,7.2,"",34.94821,29.55805,"","","AL-TARAZI1999",NA,NA,8,85.1430948328142,0
"599",166,"",1995,NA,NA,NA,NA,NA,34.8,28.8,10,7.2,"",32.31671,29.60018,"","","AL-TARAZI1999",NA,NA,4,257.22518301652,0
"600",166,"",1995,NA,NA,NA,NA,NA,34.8,28.8,10,7.2,"",35.09443,31.4459,"","","AL-TARAZI1999",NA,NA,6,294.312508247696,0
"601",166,"",1995,NA,NA,NA,NA,NA,34.8,28.8,10,7.2,"",36.57975,34.50914,"","","AL-TARAZI1999",NA,NA,2,654.373324287627,0
"602",166,"",1995,NA,NA,NA,NA,NA,34.8,28.8,10,7.2,"",35.15349,32.51725,"","","AL-TARAZI1999",NA,NA,4,412.9881453116,0
"603",166,"",1995,NA,NA,NA,NA,NA,34.8,28.8,10,7.2,"",38.21603,30.49987,"","","AL-TARAZI1999",NA,NA,4,380.506536694813,0
"604",166,"",1995,NA,NA,NA,NA,NA,34.8,28.8,10,7.2,"",35.21645,31.91001,"","","AL-TARAZI1999",NA,NA,5,346.659421176765,0
"605",166,"",1995,NA,NA,NA,NA,NA,34.8,28.8,10,7.2,"",35.30086,32.45943,"","","AL-TARAZI1999",NA,NA,4,408.026111725726,0
"606",166,"",1995,NA,NA,NA,NA,NA,34.8,28.8,10,7.2,"",35.95,31.9167,"","","AL-TARAZI1999",NA,NA,5,362.350520168758,0
"607",166,"",1995,NA,NA,NA,NA,NA,34.8,28.8,10,7.2,"",36.67183,36.01152,"","","AL-TARAZI1999",NA,NA,1,817.887288918093,0
"608",166,"",1995,NA,NA,NA,NA,NA,34.8,28.8,10,7.2,"",33.07829,28.35831,"","","AL-TARAZI1999",NA,NA,5,175.385694982549,0
"609",166,"",1995,NA,NA,NA,NA,NA,34.8,28.8,10,7.2,"",34.73843,31.88078,"","","AL-TARAZI1999",NA,NA,5,341.154885065956,0
"610",166,"",1995,NA,NA,NA,NA,NA,34.8,28.8,10,7.2,"",37.24066,34.22956,"","","AL-TARAZI1999",NA,NA,2,644.364501626684,0
"611",166,"",1995,NA,NA,NA,NA,NA,34.8,28.8,10,7.2,"",36.45413,36.13951,"","","AL-TARAZI1999",NA,NA,1,827.64372052528,0
"612",166,"",1995,NA,NA,NA,NA,NA,34.8,28.8,10,7.2,"",36.7138,35.95664,"","","AL-TARAZI1999",NA,NA,1,812.823634362741,0
"613",166,"",1995,NA,NA,NA,NA,NA,34.8,28.8,10,7.2,"",34.97329,31.40967,"","","AL-TARAZI1999",NA,NA,6,289.412200534859,0
"614",166,"",1995,NA,NA,NA,NA,NA,34.8,28.8,10,7.2,"",36.18382,33.07227,"","","AL-TARAZI1999",NA,NA,3,491.19590478503,0
"615",166,"",1995,NA,NA,NA,NA,NA,34.8,28.8,10,7.2,"",35.2342,31.84945,"","","AL-TARAZI1999",NA,NA,5,340.204793710539,0
"616",166,"",1995,NA,NA,NA,NA,NA,34.8,28.8,10,7.2,"",35.20422,31.89964,"","","AL-TARAZI1999",NA,NA,5,345.384673255597,0
"617",166,"",1995,NA,NA,NA,NA,NA,34.8,28.8,10,7.2,"",34.62025,31.3141,"","","AL-TARAZI1999",NA,NA,6,278.885566454921,0
"618",166,"",1995,NA,NA,NA,NA,NA,34.8,28.8,10,7.2,"",36.51522,36.1168,"","","AL-TARAZI1999",NA,NA,1,826.273693070904,0
"619",166,"",1995,NA,NA,NA,NA,NA,34.8,28.8,10,7.2,"",35.57212,33.20733,"","","AL-TARAZI1999",NA,NA,3,493.571245120281,0
"620",166,"",1995,NA,NA,NA,NA,NA,34.8,28.8,10,7.2,"",35.02929,31.50777,"","","AL-TARAZI1999",NA,NA,6,300.606162013641,0
"621",166,"",1995,NA,NA,NA,NA,NA,34.8,28.8,10,7.2,"",35.84341,31.97733,"","","AL-TARAZI1999",NA,NA,5,365.802263674025,0
"622",166,"",1995,NA,NA,NA,NA,NA,34.8,28.8,10,7.2,"",35.16416,31.51591,"","","AL-TARAZI1999",NA,NA,6,302.733857951522,0
"623",166,"",1995,NA,NA,NA,NA,NA,34.8,28.8,10,7.2,"",35.06611,31.39671,"","","AL-TARAZI1999",NA,NA,6,288.636398543872,0
"624",166,"",1995,NA,NA,NA,NA,NA,34.8,28.8,10,7.2,"",35.8575,32.50722,"","","AL-TARAZI1999",NA,NA,4,422.805853091222,0
"625",166,"",1995,NA,NA,NA,NA,NA,34.8,28.8,10,7.2,"",35.49632,32.49728,"","","AL-TARAZI1999",NA,NA,4,414.786342393276,0
"626",166,"",1995,NA,NA,NA,NA,NA,34.8,28.8,10,7.2,"",35.23011,32.48563,"","","AL-TARAZI1999",NA,NA,4,410.170737964249,0
"627",166,"",1995,NA,NA,NA,NA,NA,34.8,28.8,10,7.2,"",33.67825,27.39417,"","","AL-TARAZI1999",NA,NA,5,190.682431731427,0
"628",166,"",1995,NA,NA,NA,NA,NA,34.8,28.8,10,7.2,"",34.70659,31.78737,"","","AL-TARAZI1999",NA,NA,5,330.880387293699,0
"629",166,"",1995,NA,NA,NA,NA,NA,34.8,28.8,10,7.2,"",36.62896,32.85514,"","","AL-TARAZI1999",NA,NA,3,481.887090759293,0
"630",166,"",1995,NA,NA,NA,NA,NA,34.8,28.8,10,7.2,"",34.77998,31.81456,"","","AL-TARAZI1999",NA,NA,5,333.77522228851,0
"631",166,"",1995,NA,NA,NA,NA,NA,34.8,28.8,10,7.2,"",35.16822,32.44566,"","","AL-TARAZI1999",NA,NA,4,405.207445449375,0
"632",166,"",1995,NA,NA,NA,NA,NA,34.8,28.8,10,7.2,"",36.57271,32.87271,"","","AL-TARAZI1999",NA,NA,3,481.776447126643,0
"633",166,"",1995,NA,NA,NA,NA,NA,34.8,28.8,10,7.2,"",35.17048,31.8966,"","","AL-TARAZI1999",NA,NA,5,344.700067221181,0
"634",166,"",1995,NA,NA,NA,NA,NA,34.8,28.8,10,7.2,"",35.7186,32.54388,"","","AL-TARAZI1999",NA,NA,4,423.783225262921,0
"635",166,"",1995,NA,NA,NA,NA,NA,34.8,28.8,10,7.2,"",34.32995,27.91582,"","","AL-TARAZI1999",NA,NA,7,108.167994626001,0
"636",166,"",1995,NA,NA,NA,NA,NA,34.8,28.8,10,7.2,"",35.16861,31.86145,"","","AL-TARAZI1999",NA,NA,5,340.810193101374,0
"637",166,"",1995,NA,NA,NA,NA,NA,34.8,28.8,10,7.2,"",35.28823,32.4605,"","","AL-TARAZI1999",NA,NA,4,408.003193199572,0
"638",166,"",1995,NA,NA,NA,NA,NA,34.8,28.8,10,7.2,"",35.07189,32.36935,"","","AL-TARAZI1999",NA,NA,4,396.074334457726,0
"639",166,"",1995,NA,NA,NA,NA,NA,34.8,28.8,10,7.2,"",35.20189,32.40517,"","","AL-TARAZI1999",NA,NA,4,401.037800109305,0
"640",166,"",1995,NA,NA,NA,NA,NA,34.8,28.8,10,7.2,"",35.22752,32.50847,"","","AL-TARAZI1999",NA,NA,4,412.662640565636,0
"641",166,"",1995,NA,NA,NA,NA,NA,34.8,28.8,10,7.2,"",35.57917,31.95222,"","","AL-TARAZI1999",NA,NA,5,356.956480398465,0
"642",166,"",1995,NA,NA,NA,NA,NA,34.8,28.8,10,7.2,"",35.69025,32.57103,"","","AL-TARAZI1999",NA,NA,4,426.171196023183,0
"643",166,"",1995,NA,NA,NA,NA,NA,34.8,28.8,10,7.2,"",35.22847,31.86801,"","","AL-TARAZI1999",NA,NA,5,342.177632270607,0
"644",166,"",1995,NA,NA,NA,NA,NA,34.8,28.8,10,7.2,"",35.08266,32.43274,"","","AL-TARAZI1999",NA,NA,4,403.148028136402,0
"645",166,"",1995,NA,NA,NA,NA,NA,34.8,28.8,10,7.2,"",35.71625,32.59311,"","","AL-TARAZI1999",NA,NA,4,429.067986495081,0
"646",166,"",1995,NA,NA,NA,NA,NA,34.8,28.8,10,7.2,"",34.84646,31.85357,"","","AL-TARAZI1999",NA,NA,5,338.119525635594,0
"647",166,"",1995,NA,NA,NA,NA,NA,34.8,28.8,10,7.2,"",35.0654,31.86958,"","","AL-TARAZI1999",NA,NA,5,340.819500849523,0
"648",166,"",1995,NA,NA,NA,NA,NA,34.8,28.8,10,7.2,"",35.78829,32.51737,"","","AL-TARAZI1999",NA,NA,4,422.360397649814,0
"649",166,"",1995,NA,NA,NA,NA,NA,34.8,28.8,10,7.2,"",34.75,31.78333,"","","AL-TARAZI1999",NA,NA,5,330.345981285592,0
"650",166,"",1995,NA,NA,NA,NA,NA,34.8,28.8,10,7.2,"",35.21165,31.95119,"","","AL-TARAZI1999",NA,NA,5,351.136820389341,0
"651",166,"",1995,NA,NA,NA,NA,NA,34.8,28.8,10,7.2,"",35.11894,31.83366,"","","AL-TARAZI1999",NA,NA,5,337.28208481954,0
"652",166,"",1995,NA,NA,NA,NA,NA,34.8,28.8,10,7.2,"",35.60839,30.73497,"","","AL-TARAZI1999",NA,NA,7,228.034736393663,1
"653",166,"",1995,NA,NA,NA,NA,NA,34.8,28.8,10,7.2,"",35.88411,32.59445,"","","AL-TARAZI1999",NA,NA,4,432.785664974122,0
"654",166,"",1995,NA,NA,NA,NA,NA,34.8,28.8,10,7.2,"",35.2613,31.97625,"","","AL-TARAZI1999",NA,NA,5,354.459022401119,0
"655",166,"",1995,NA,NA,NA,NA,NA,34.8,28.8,10,7.2,"",35.91342,32.57016,"","","AL-TARAZI1999",NA,NA,4,430.863711307288,0
"656",166,"",1995,NA,NA,NA,NA,NA,34.8,28.8,10,7.2,"",35.26661,31.91112,"","","AL-TARAZI1999",NA,NA,5,347.370989220921,0
"657",166,"",1995,NA,NA,NA,NA,NA,34.8,28.8,10,7.2,"",35.06593,31.47888,"","","AL-TARAZI1999",NA,NA,6,297.698722581016,0
"658",166,"",1995,NA,NA,NA,NA,NA,34.8,28.8,10,7.2,"",35.19408,31.96959,"","","AL-TARAZI1999",NA,NA,5,352.976247007062,0
"659",166,"",1995,NA,NA,NA,NA,NA,34.8,28.8,10,7.2,"",35.79873,32.49116,"","","AL-TARAZI1999",NA,NA,4,419.761606402761,0
"660",166,"",1995,NA,NA,NA,NA,NA,34.8,28.8,10,7.2,"",36.15265,32.44017,"","","AL-TARAZI1999",NA,NA,4,423.396919829175,0
"661",166,"",1995,NA,NA,NA,NA,NA,34.8,28.8,10,7.2,"",35.14947,31.83478,"","","AL-TARAZI1999",NA,NA,5,337.685063880903,0
"662",166,"",1995,NA,NA,NA,NA,NA,34.8,28.8,10,7.2,"",35.1624,31.95403,"","","AL-TARAZI1999",NA,NA,5,350.948131253983,0
"663",166,"",1995,NA,NA,NA,NA,NA,34.8,28.8,10,7.2,"",34.81619,31.37284,"","","AL-TARAZI1999",NA,NA,6,284.855710134363,0
"664",166,"",1995,NA,NA,NA,NA,NA,34.8,28.8,10,7.2,"",35.26076,32.45461,"","","AL-TARAZI1999",NA,NA,4,407.061278228221,0
"665",166,"",1995,NA,NA,NA,NA,NA,34.8,28.8,10,7.2,"",35.60533,32.5427,"","","AL-TARAZI1999",NA,NA,4,421.535432403021,0
"666",166,"",1995,NA,NA,NA,NA,NA,34.8,28.8,10,7.2,"",35.36164,32.45601,"","","AL-TARAZI1999",NA,NA,4,408.376910502662,0
"667",166,"",1995,NA,NA,NA,NA,NA,34.8,28.8,10,7.2,"",35.26545,32.03334,"","","AL-TARAZI1999",NA,NA,5,360.780710019522,0
"668",166,"",1995,NA,NA,NA,NA,NA,34.8,28.8,10,7.2,"",36.50159,32.32696,"","","AL-TARAZI1999",NA,NA,4,423.245009321341,0
"669",166,"",1995,NA,NA,NA,NA,NA,34.8,28.8,10,7.2,"",35.89597,32.43962,"","","AL-TARAZI1999",NA,NA,4,416.463944121045,0
"670",166,"",1995,NA,NA,NA,NA,NA,34.8,28.8,10,7.2,"",35.72844,32.47555,"","","AL-TARAZI1999",NA,NA,4,416.589827073667,0
"671",166,"",1995,NA,NA,NA,NA,NA,34.8,28.8,10,7.2,"",35.07185,31.88546,"","","AL-TARAZI1999",NA,NA,5,342.61988587976,0
"672",166,"",1995,NA,NA,NA,NA,NA,34.8,28.8,10,7.2,"",35.73269,32.57134,"","","AL-TARAZI1999",NA,NA,4,427.036593202227,0
"673",166,"",1995,NA,NA,NA,NA,NA,34.8,28.8,10,7.2,"",34.6634,29.04681,"","","AL-TARAZI1999",NA,NA,9,30.3939296759673,0
"674",166,"",1995,NA,NA,NA,NA,NA,34.8,28.8,10,7.2,"",34.99081,31.87111,"","","AL-TARAZI1999",NA,NA,5,340.527001959066,0
"675",166,"",1995,NA,NA,NA,NA,NA,34.8,28.8,10,7.2,"",35.86893,31.9634,"","","AL-TARAZI1999",NA,NA,5,365.003250723352,0
