"","EventID","date","year","month","day","hour","minute","second","epi_lon","epi_lat","depth","magnitude","Intensity.location","lon","lat","Intensity..EMS.92.","Note","Source","Conservative.Int","Least.Int","MeanInt","R_epi"
"5",127,"37",37,1,1,1,1,1,36.3,36,10,6.2,"Antioch",36.16,36.2,"07-Aug","","SBEI2005",8,7,7.5,25.5019747855888
"9",138,"53",53,1,1,1,1,1,36.5,36.2,30,6.6,"Afamia",36.58,35.06,"06-Jul","Map in SBEI","SBEI2005",7,6,6.5,126.553520871036
"10",138,"53",53,1,1,1,1,1,36.5,36.2,30,6.6,"Manbej",37.95,36.53,"06-Jul","Map in SBEI","SBEI2005",7,6,6.5,135.173768524658
"11",138,"53",53,1,1,1,1,1,36.5,36.2,30,6.6,"Lattakia",35.78,35.53,"06-Jul","Map in SBEI","SBEI2005",7,6,6.5,98.70619367863
"12",27,"115/12/13",115,12,13,1,1,1,36.1,36.1,10,7.3,"Antioch",36.16,36.2,"7","","SBEI2005",7,7,7,12.3293039341999
"13",27,"115/12/13",115,12,13,1,1,1,36.1,36.1,10,7.3,"Eleyah",36.16,36.2,"06-Jul","","SBEI2005",7,6,6.5,12.3293039341999
"14",27,"115/12/13",115,12,13,1,1,1,36.1,36.1,10,7.3,"Mirana",36.16,36.2,"06-Jul","","SBEI2005",7,6,6.5,12.3293039341999
"16",123,"303-304",303,1,1,1,1,1,34.3,33.8,20,7.1,"Sidon",35.61,33.49,"8","","SBEI2005",8,8,8,126.283706255419
"17",123,"303-304",303,1,1,1,1,1,34.3,33.8,20,7.1,"Tyre",35.2,33.27,"8","","SBEI2005",8,8,8,102.155463307206
"19",124,"341",341,1,1,1,1,1,36.1,36.2,10,6.1,"Antioch",36.16,36.2,"06-Jul","","SBEI2005",7,6,6.5,5.39612803463067
"21",126,"363/05/18-19",363,5,19,1,1,1,35.4,31.5,10,7.4,"Panyas",35.69,33.25,"7","","SBEI2005",7,7,7,195.743139678698
"22",129,"450-457/09",457,9,14,1,1,1,36.1,36.1,10,6.3,"Tripoli",35.83,34.44,"06-Jul","","SBEI2005",7,6,6.5,185.597231137512
"23",133,"494",494,1,1,1,1,1,36.3,35.8,25,6.5,"Antioch",36.16,36.2,"7","","SBEI2005",7,7,7,46.0969875192915
"24",133,"494",494,1,1,1,1,1,36.3,35.8,25,6.5,"Tripoli",35.83,34.44,"06-Jul","","SBEI2005",7,6,6.5,156.683729249176
"25",133,"494",494,1,1,1,1,1,36.3,35.8,25,6.5,"Lattakia",35.78,35.53,"06-Jul","","SBEI2005",7,6,6.5,55.7870582135231
"27",134,"502/08/22",502,8,22,1,1,1,34.8,33,30,7.2,"Akka",35.08,32.93,"8","","SBEI2005",8,8,8,27.3014894729154
"29",134,"502/08/22",502,8,22,1,1,1,34.8,33,30,7.2,"Sidon",35.61,33.49,"07-Aug","","SBEI2005",8,7,7.5,92.9766043701684
"30",134,"502/08/22",502,8,22,1,1,1,34.8,33,30,7.2,"Beirut",35.5,33.89,"7","","SBEI2005",7,7,7,118.141314897629
"31",134,"502/08/22",502,8,22,1,1,1,34.8,33,30,7.2,"Safad",35.5,32.96,"6","","SBEI2005",6,6,6,65.5817453024226
"32",134,"502/08/22",502,8,22,1,1,1,34.8,33,30,7.2,"Reina",35.32,32.72,"6","","SBEI2005",6,6,6,57.7142647168873
"33",136,"526/05/20-29",526,5,20,1,1,1,36.1,36.2,10,6.8,"Antioch",36.16,36.2,"8","","SBEI2005",8,8,8,5.39612803463067
"35",136,"526/05/20-29",526,5,20,1,1,1,36.1,36.2,10,6.8,"Seleucea",35.92,36.12,"7","","SBEI2005",7,7,7,18.4650291864804
"36",137,"528/11/29",528,11,29,1,1,1,36.1,36.2,10,6.9,"Antioch",36.16,36.2,"07-Aug","","SBEI2005",8,7,7.5,5.39612803463067
"37",137,"528/11/29",528,11,29,1,1,1,36.1,36.2,10,6.9,"Lattakia",35.78,35.53,"06-Jul","","SBEI2005",7,6,6.5,79.6849718937684
"38",139,"531-534",531,1,1,1,1,1,37.2,35.5,15,6.5,"Homs",36.72,34.77,"06-Jul","","SBEI2005",7,6,6.5,91.967886469196
"39",139,"531-534",531,1,1,1,1,1,37.2,35.5,15,6.5,"Aleppo",37.15,36.21,"06-Jul","","SBEI2005",7,6,6.5,78.8220516575229
"40",139,"531-534",531,1,1,1,1,1,37.2,35.5,15,6.5,"Antioch",36.16,36.2,"6","","SBEI2005",6,6,6,121.839869727181
"41",140,"551/07/09",551,7,9,1,1,1,35.5,33.9,15,7.2,"Beirut",35.5,33.89,"09-Oct","","SBEI2005",10,9,9.5,1.10792670614571
"42",140,"551/07/09",551,7,9,1,1,1,35.5,33.9,15,7.2,"Sur",35.2,33.27,"09-Oct","","SBEI2005",10,9,9.5,75.1460764512387
"43",140,"551/07/09",551,7,9,1,1,1,35.5,33.9,15,7.2,"Tripoli",35.83,34.44,"09-Oct","","SBEI2005",10,9,9.5,67.1228556660887
"44",140,"551/07/09",551,7,9,1,1,1,35.5,33.9,15,7.2,"Byblus",35.65,34.12,"09-Oct","","SBEI2005",10,9,9.5,28.0378814604152
"46",140,"551/07/09",551,7,9,1,1,1,35.5,33.9,15,7.2,"Shaqa",35.73,34.32,"09-Oct","","SBEI2005",10,9,9.5,51.1449630210642
"47",140,"551/07/09",551,7,9,1,1,1,35.5,33.9,15,7.2,"Sarfand",35.29,33.45,"07-Aug","","SBEI2005",8,7,7.5,53.5230651755313
"48",140,"551/07/09",551,7,9,1,1,1,35.5,33.9,15,7.2,"Sidon",35.61,33.49,"07-Aug","","SBEI2005",8,7,7.5,46.5540365704987
"50",143,"565-571",565,1,1,1,1,1,36.2,36,30,6.1,"Antioch",36.16,36.2,"06-Jul","","SBEI2005",7,6,6.5,22.4587006886258
"51",143,"565-571",565,1,1,1,1,1,36.2,36,30,6.1,"Seleucea",35.92,36.12,"06-Jul","","SBEI2005",7,6,6.5,28.5182225975939
"52",143,"565-571",565,1,1,1,1,1,36.2,36,30,6.1,"Anazrabo",35.91,37.26,"6","","SBEI2005",6,6,6,142.060489371094
"54",148,"713/02/28",713,3,20,1,1,1,36,36,10,6.8,"Antioch",36.16,36.2,"06-Jul","","SBEI2005",7,6,6.5,26.4386742852236
"55",148,"713/02/28",713,3,20,1,1,1,36,36,10,6.8,"Aleppo",37.15,36.21,"06-Jul","","SBEI2005",7,6,6.5,106.133630495642
"56",148,"713/02/28",713,3,20,1,1,1,36,36,10,6.8,"Kennesreen",37,36,"06-Jul","","SBEI2005",7,6,6.5,90.1632863156292
"57",150,"747/01/18",747,1,18,1,1,1,35.6,32.5,25,7.2,"Mount Tabor",35.39,32.69,"07-Sep","Possibly 2 South and North","SBEI2005",9,7,8,28.8367478758693
"58",150,"747/01/18",747,1,18,1,1,1,35.6,32.5,25,7.2,"Baalbak",36.21,34,"8","Possibly 2 South and North","SBEI2005",8,8,8,175.621419552728
"59",150,"747/01/18",747,1,18,1,1,1,35.6,32.5,25,7.2,"Bosra",36.47,32.52,"7","Possibly 2 South and North","SBEI2005",7,7,7,81.7805309699484
"60",150,"747/01/18",747,1,18,1,1,1,35.6,32.5,25,7.2,"Nawa",36.04,32.89,"8","Possibly 2 South and North","SBEI2005",8,8,8,59.7373335090686
"61",150,"747/01/18",747,1,18,1,1,1,35.6,32.5,25,7.2,"Balqa",35.77,32.06,"8","Possibly 2 South and North","SBEI2005",8,8,8,51.2977797724497
"62",150,"747/01/18",747,1,18,1,1,1,35.6,32.5,25,7.2,"Al-Quds",35.23,31.78,"7","Possibly 2 South and North","SBEI2005",7,7,7,87.050285356236
"63",150,"747/01/18",747,1,18,1,1,1,35.6,32.5,25,7.2,"Beit Qubayeh",36.29,33.51,"07-Aug","Possibly 2 South and North","SBEI2005",8,7,7.5,129.130606634949
"64",150,"747/01/18",747,1,18,1,1,1,35.6,32.5,25,7.2,"Tabaryya",35.53,32.8,"7","Possibly 2 South and North","SBEI2005",7,7,7,33.872728410154
"67",150,"747/01/18",747,1,18,1,1,1,35.6,32.5,25,7.2,"Darayya",36.25,33.45,"6","Possibly 2 South and North","SBEI2005",6,6,6,121.515572747679
"68",150,"747/01/18",747,1,18,1,1,1,35.6,32.5,25,7.2,"Damascus",36.29,33.51,"05-Jun","Possibly 2 South and North","SBEI2005",6,5,5.5,129.130606634949
"69",150,"747/01/18",747,1,18,1,1,1,35.6,32.5,25,7.2,"Daraa",36.11,32.63,"05-Jun","Possibly 2 South and North","SBEI2005",6,5,5.5,50.0113219164026
"71",156,"846/08/28-847/08/16",847,4,1,1,1,1,36.3,33.5,10,6.1,"Damascus",36.29,33.51,"7","","SBEI2005",7,7,7,1.44591262261598
"72",156,"846/08/28-847/08/16",847,4,1,1,1,1,36.3,33.5,10,6.1,"Homs",36.72,34.77,"7","","SBEI2005",7,7,7,145.947920629943
"77",157,"847/11/24",847,11,24,1,1,1,36.3,34.4,35,7.5,"Al-Ghouta",36.7,34.73,"07-Aug","","SBEI2005",8,7,7.5,51.8121328333686
"78",157,"847/11/24",847,11,24,1,1,1,36.3,34.4,35,7.5,"Al-Mazzeh",36.26,33.5,"7","","SBEI2005",7,7,7,99.7829827884813
"79",157,"847/11/24",847,11,24,1,1,1,36.3,34.4,35,7.5,"Beit Lahya",35.8,33.48,"7","","SBEI2005",7,7,7,111.92103663929
"80",157,"847/11/24",847,11,24,1,1,1,36.3,34.4,35,7.5,"Darayya",36.25,33.45,"7","","SBEI2005",7,7,7,105.355129955304
"81",157,"847/11/24",847,11,24,1,1,1,36.3,34.4,35,7.5,"Antioch",36.16,36.2,"6","","SBEI2005",6,6,6,199.886659189891
"83",159,"859/12/30-860/01/29",859,12,30,1,1,1,36.4,35.7,33,7.4,"Antioch",36.16,36.2,"8","Map in SBEI","SBEI2005",8,8,8,59.4980673016337
"86",159,"859/12/30-860/01/29",859,12,30,1,1,1,36.4,35.7,33,7.4,"Homs",36.72,34.77,"7","Map in SBEI","SBEI2005",7,7,7,107.100554583847
"88",159,"859/12/30-860/01/29",859,12,30,1,1,1,36.4,35.7,33,7.4,"Tarsus",34.9,36.93,"6","Map in SBEI","SBEI2005",6,6,6,191.654422835031
"89",159,"859/12/30-860/01/29",859,12,30,1,1,1,36.4,35.7,33,7.4,"Balis",38.04,35.96,"6","Map in SBEI","SBEI2005",6,6,6,150.958980100799
"91",159,"859/12/30-860/01/29",859,12,30,1,1,1,36.4,35.7,33,7.4,"Adana",35.32,37,"6","Map in SBEI","SBEI2005",6,6,6,173.670459057491
"97",162,"963/07",963,7,22,1,1,1,37,36.5,10,6.2,"Izaz",37.03,36.35,"7","","SBEI2005",7,7,7,16.8432847669363
"98",163,"972",972,1,1,1,1,1,36.1,36.1,10,6,"Antioch",36.16,36.2,"06-Jul","","",7,6,6.5,12.3293039341999
"104",167,"",1033,12,5,NA,NA,NA,35.6,32,10,6.5,"",35.25,32.22,"","","Guidoboni",NA,NA,9,41.0472590675266
"105",167,"",1033,12,5,NA,NA,NA,35.6,32,10,6.5,"",34.87,31.93,"","","Guidoboni",NA,NA,9,69.4401780001206
"106",167,"",1033,12,5,NA,NA,NA,35.6,32,10,6.5,"",35.07,32.92,"","","Guidoboni",NA,NA,8.5,113.431753845472
"107",167,"",1033,12,5,NA,NA,NA,35.6,32,10,6.5,"",35.23,31.77,"","","Guidoboni",NA,NA,8.5,43.2927371061201
"108",167,"",1033,12,5,NA,NA,NA,35.6,32,10,6.5,"",35.1,31.53,"","","Guidoboni",NA,NA,8,70.376937863606
"111",167,"",1033,12,5,NA,NA,NA,35.6,32,10,6.5,"",35.53,32.8,"","","Guidoboni",NA,NA,7.5,88.8535538759411
"112",167,"",1033,12,5,NA,NA,NA,35.6,32,10,6.5,"",34.47,31.5,"","","Guidoboni",NA,NA,6.5,120.536564319724
"113",17,"1046/07/08-1047/06/27",1046,7,8,1,1,1,40,39,10,7.9,"Diyar Bakr",40.52,37.54,">=7","","SBEI2005",7,7,7,168.168289722517
"115",18,"1063/07/30-08/27",1063,7,30,1,1,1,36.2,34.4,32,6.9,"Tripoli",35.83,34.44,"07-Aug","Map in SBEI","SBEI2005",8,7,7.5,34.3007472417904
"116",18,"1063/07/30-08/27",1063,7,30,1,1,1,36.2,34.4,32,6.9,"Lattakia",35.78,35.53,"05-Jun","Map in SBEI","SBEI2005",6,5,5.5,130.963862748909
"117",18,"1063/07/30-08/27",1063,7,30,1,1,1,36.2,34.4,32,6.9,"Acre",35.08,32.93,"05-Jun","Map in SBEI","SBEI2005",6,5,5.5,193.160869007277
"118",18,"1063/07/30-08/27",1063,7,30,1,1,1,36.2,34.4,32,6.9,"Sur",35.2,33.27,"05-Jun","Map in SBEI","SBEI2005",6,5,5.5,155.694005448126
"119",18,"1063/07/30-08/27",1063,7,30,1,1,1,36.2,34.4,32,6.9,"Antioch",36.16,36.2,"5","Map in SBEI","SBEI2005",5,5,5,199.513922830596
"137",21,"1094/04/20-1094/05/18",1094,6,1,1,1,1,36.2,33.3,10,5.2,"Damascus",36.29,33.51,"05-Jun","","SBEI2005",6,5,5.5,24.7248489741032
"141",173,"",1114,11,13,NA,NA,NA,37.6,37.4,40,7.4,"",37.63,36.77,"","","Guidoboni",NA,NA,10,69.8935943653125
"142",173,"",1114,11,13,NA,NA,NA,37.6,37.4,40,7.4,"",35.6,36.95,"","","Guidoboni",NA,NA,9.5,184.483315646602
"144",173,"",1114,11,13,NA,NA,NA,37.6,37.4,40,7.4,"",37.85,37.57,"","","Guidoboni",NA,NA,9,29.0538115993944
"145",173,"",1114,11,13,NA,NA,NA,37.6,37.4,40,7.4,"",38.52,37.5,"","","Guidoboni",NA,NA,9,82.1567519369811
"146",173,"",1114,11,13,NA,NA,NA,37.6,37.4,40,7.4,"",36.12,36.23,"","","Guidoboni",NA,NA,8.5,185.091385159738
"147",173,"",1114,11,13,NA,NA,NA,37.6,37.4,40,7.4,"",38.1,35.98,"","","Guidoboni",NA,NA,8.5,163.62974623532
"148",173,"",1114,11,13,NA,NA,NA,37.6,37.4,40,7.4,"",38.77,37.13,"","","Guidoboni",NA,NA,8,108.01076311721
"149",173,"",1114,11,13,NA,NA,NA,37.6,37.4,40,7.4,"",39.38,36.85,"","","Guidoboni",NA,NA,8,169.522095858681
"150",175,"",1138,10,11,NA,NA,NA,36.6,36.7,10,7.1,"",36.82,36.72,"","","Guidoboni",NA,NA,10,19.7813101677043
"151",175,"",1138,10,11,NA,NA,NA,36.6,36.7,10,7.1,"",36.82,36.13,"","","Guidoboni",NA,NA,8.5,66.1918610315439
"152",175,"",1138,10,11,NA,NA,NA,36.6,36.7,10,7.1,"",37.63,36.77,"","","Guidoboni",NA,NA,8.5,92.3253997838688
"153",175,"",1138,10,11,NA,NA,NA,36.6,36.7,10,7.1,"",38.12,36.67,"","","Guidoboni",NA,NA,8.5,135.893062451259
"156",175,"",1138,10,11,NA,NA,NA,36.6,36.7,10,7.1,"",37.17,36.23,"","","Guidoboni",NA,NA,8,72.9681022918809
"157",175,"",1138,10,11,NA,NA,NA,36.6,36.7,10,7.1,"",37.58,36.37,"","","Guidoboni",NA,NA,7.5,95.0775074163331
"158",175,"",1138,10,11,NA,NA,NA,36.6,36.7,10,7.1,"",36.52,36.2,"","","Guidoboni",NA,NA,7,55.8858344214715
"160",28,"1152/09/27",1151,9,28,1,1,1,36.7,32.6,12,6,"Bosra",36.47,32.52,"7","","SBEI2005",7,7,7,23.3471753020014
"161",28,"1152/09/27",1151,9,28,1,1,1,36.7,32.6,12,6,"Hauran",36.33,32.43,"7","","SBEI2005",7,7,7,39.5373217270546
"162",177,"",1156,10,13,NA,NA,NA,36.6,35.4,10,5.5,"",36.4,35.42,"","","Guidoboni",NA,NA,7,18.3008104297137
"165",178,"",1156,12,9,NA,NA,NA,37.6,36.2,10,6,"",36.73,35.15,"","","Guidoboni",NA,NA,6,140.518660176355
"166",178,"",1156,12,9,NA,NA,NA,37.6,36.2,10,6,"",36.58,35.52,"","","Guidoboni",NA,NA,6,119.027866339682
"167",178,"",1156,12,9,NA,NA,NA,37.6,36.2,10,6,"",36.57,35.27,"","","Guidoboni",NA,NA,6,138.944887142084
"169",29,"1157/08/12",1157,8,12,1,1,1,36.4,35.3,15,7,"Damascus",36.29,33.51,"05-Jun","Map in SBEI","SBEI2005",6,5,5.5,198.59591859249
"176",29,"1157/08/12",1157,8,12,1,1,1,36.4,35.3,15,7,"Homs",36.72,34.77,"07-Aug","Map in SBEI","SBEI2005",8,7,7.5,65.5907847375057
"177",29,"1157/08/12",1157,8,12,1,1,1,36.4,35.3,15,7,"Lattakia",35.78,35.53,"07-Aug","Map in SBEI","SBEI2005",8,7,7.5,61.811540564904
"178",29,"1157/08/12",1157,8,12,1,1,1,36.4,35.3,15,7,"Tripoli",35.83,34.44,"07-Aug","Map in SBEI","SBEI2005",8,7,7.5,108.618233466787
"179",29,"1157/08/12",1157,8,12,1,1,1,36.4,35.3,15,7,"Antioch",36.16,36.2,"07-Aug","Map in SBEI","SBEI2005",8,7,7.5,102.083556743166
"181",29,"1157/08/12",1157,8,12,1,1,1,36.4,35.3,15,7,"Qalaat Al-Hosn",36.29,34.76,"07-Aug","Map in SBEI","SBEI2005",8,7,7.5,60.6771145881533
"182",29,"1157/08/12",1157,8,12,1,1,1,36.4,35.3,15,7,"Maarret Anooman",36.67,35.64,"06-Jul","Map in SBEI","SBEI2005",7,6,6.5,44.94864649503
"183",180,"",1170,6,29,NA,NA,NA,36.6,34.7,35,7.1,"",36.08,34.53,"","","Guidoboni",NA,NA,10,51.2764028304004
"184",180,"",1170,6,29,NA,NA,NA,36.6,34.7,35,7.1,"",37.17,36.23,"","","Guidoboni",NA,NA,10,177.280359325308
"185",180,"",1170,6,29,NA,NA,NA,36.6,34.7,35,7.1,"",36.23,34.53,"","","Guidoboni",NA,NA,10,38.8117817352387
"187",180,"",1170,6,29,NA,NA,NA,36.6,34.7,35,7.1,"",36.12,36.23,"","","Guidoboni",NA,NA,9,175.071085865044
"188",180,"",1170,6,29,NA,NA,NA,36.6,34.7,35,7.1,"",36.2,34.33,"","","Guidoboni",NA,NA,9,55.0441721077385
"189",180,"",1170,6,29,NA,NA,NA,36.6,34.7,35,7.1,"",36.42,34.93,"","","Guidoboni",NA,NA,9,30.3445333072149
"192",180,"",1170,6,29,NA,NA,NA,36.6,34.7,35,7.1,"",36.52,36.2,"","","Guidoboni",NA,NA,9,166.397343473478
"194",180,"",1170,6,29,NA,NA,NA,36.6,34.7,35,7.1,"",36.32,34.77,"","","Guidoboni",NA,NA,9,26.7902747819309
"195",180,"",1170,6,29,NA,NA,NA,36.6,34.7,35,7.1,"",35.78,35.52,"","","Guidoboni",NA,NA,9,117.66757671803
"196",180,"",1170,6,29,NA,NA,NA,36.6,34.7,35,7.1,"",35.95,35.15,"","","Guidoboni",NA,NA,9,77.5493941260773
"197",180,"",1170,6,29,NA,NA,NA,36.6,34.7,35,7.1,"",36.57,35.27,"","","Guidoboni",NA,NA,9,63.2243974583876
"198",180,"",1170,6,29,NA,NA,NA,36.6,34.7,35,7.1,"",36.12,34.82,"","","Guidoboni",NA,NA,8.5,45.913489738692
"199",180,"",1170,6,29,NA,NA,NA,36.6,34.7,35,7.1,"",36.32,33.5,"","","Guidoboni",NA,NA,7.5,135.443351737842
"211",31,"1182",1182,1,1,1,1,1,36.7,32.6,10,6.5,"Bosra",36.47,32.52,"7","","SBEI2005",7,7,7,23.3471753020014
"212",31,"1182",1182,1,1,1,1,1,36.7,32.6,10,6.5,"Nablus",35.26,32.23,"6","","SBEI2005",6,6,6,141.515881465728
"213",32,"1202/05/20",1202,5,20,1,1,1,35.9,33.9,30,7,"Mount Lebanon",36.12,34.3,"9","Map in SBEI","SBEI2005",9,9,9,48.7469345032975
"215",32,"1202/05/20",1202,5,20,1,1,1,35.9,33.9,30,7,"Tyre",35.2,33.27,"9","Map in SBEI","SBEI2005",9,9,9,95.361771407306
"216",32,"1202/05/20",1202,5,20,1,1,1,35.9,33.9,30,7,"Nablus",35.26,32.23,"8","Map in SBEI","SBEI2005",8,8,8,194.407686002352
"217",32,"1202/05/20",1202,5,20,1,1,1,35.9,33.9,30,7,"Beit Jin",35.91,33.31,"9","Map in SBEI","SBEI2005",9,9,9,65.3706622415935
"219",32,"1202/05/20",1202,5,20,1,1,1,35.9,33.9,30,7,"Al-Samyra",35.2,32.28,">=8","Map in SBEI","SBEI2005",8,8,8,190.983441195657
"220",32,"1202/05/20",1202,5,20,1,1,1,35.9,33.9,30,7,"Damascus",36.29,33.51,"8","Map in SBEI","SBEI2005",8,8,8,56.3380664996781
"221",32,"1202/05/20",1202,5,20,1,1,1,35.9,33.9,30,7,"Safita",36.12,34.82,"7","Map in SBEI","SBEI2005",7,7,7,103.927788615489
"222",32,"1202/05/20",1202,5,20,1,1,1,35.9,33.9,30,7,"Akka",35.08,32.93,"7","Map in SBEI","SBEI2005",7,7,7,131.77338214967
"225",32,"1202/05/20",1202,5,20,1,1,1,35.9,33.9,30,7,"Tripoli",35.83,34.44,"8","Map in SBEI","SBEI2005",8,8,8,60.1782599352252
"226",32,"1202/05/20",1202,5,20,1,1,1,35.9,33.9,30,7,"Safad",35.5,32.96,"7","Map in SBEI","SBEI2005",7,7,7,110.579991668986
"228",32,"1202/05/20",1202,5,20,1,1,1,35.9,33.9,30,7,"Bosra",36.47,32.52,"07-Aug","Map in SBEI","SBEI2005",8,7,7.5,161.845983920734
"229",32,"1202/05/20",1202,5,20,1,1,1,35.9,33.9,30,7,"Al-Batron",35.66,34.25,"7","Map in SBEI","SBEI2005",7,7,7,44.6601076512142
"230",32,"1202/05/20",1202,5,20,1,1,1,35.9,33.9,30,7,"Jbeil",35.65,34.12,"7","Map in SBEI","SBEI2005",7,7,7,33.5772995083611
"231",32,"1202/05/20",1202,5,20,1,1,1,35.9,33.9,30,7,"Beirut",35.5,33.89,"7","Map in SBEI","SBEI2005",7,7,7,37.0158852815607
"232",32,"1202/05/20",1202,5,20,1,1,1,35.9,33.9,30,7,"Marqab",35.95,35.15,"7","Map in SBEI","SBEI2005",7,7,7,138.58359801664
"233",32,"1202/05/20",1202,5,20,1,1,1,35.9,33.9,30,7,"Hosn Al-Akrad",36.29,34.76,"7","Map in SBEI","SBEI2005",7,7,7,101.823957678123
"234",32,"1202/05/20",1202,5,20,1,1,1,35.9,33.9,30,7,"Barin",36.44,34.88,"7","Map in SBEI","SBEI2005",7,7,7,119.402354775563
"235",32,"1202/05/20",1202,5,20,1,1,1,35.9,33.9,30,7,"Homs",36.72,34.77,"7","Map in SBEI","SBEI2005",7,7,7,122.416708179356
"236",32,"1202/05/20",1202,5,20,1,1,1,35.9,33.9,30,7,"Tartus",35.94,34.35,"6","Map in SBEI","SBEI2005",6,6,6,49.995242520358
"246",182,"",1212,5,1,NA,NA,NA,35,30,10,7,"",34.95,29.55,"","","Guidoboni",NA,NA,9.5,50.0529271755754
"247",182,"",1212,5,1,NA,NA,NA,35,30,10,7,"",35.7,31.18,"","","Guidoboni",NA,NA,8,146.893551049435
"249",182,"",1212,5,1,NA,NA,NA,35,30,10,7,"",35.57,30.53,"","","Guidoboni",NA,NA,8,80.3236201810684
"251",183,"",1293,1,11,NA,NA,NA,35.6,31.5,10,6,"",35.7,31.18,"","","Guidoboni",NA,NA,9,36.6922318021975
"252",183,"",1293,1,11,NA,NA,NA,35.6,31.5,10,6,"",34.9,31.95,"","","Guidoboni",NA,NA,8,82.9746454919479
"254",183,"",1293,1,11,NA,NA,NA,35.6,31.5,10,6,"",34.87,31.93,"","","Guidoboni",NA,NA,8,83.9957108705048
"255",183,"",1293,1,11,NA,NA,NA,35.6,31.5,10,6,"",34.47,31.5,"","","Guidoboni",NA,NA,8,107.352178474817
"256",183,"",1293,1,11,NA,NA,NA,35.4,31.5,10,6,"",35.35,32.37,"","","Guidoboni",NA,NA,7,96.4700887933185
"257",37,"1322/01/20-02/19",1322,1,20,1,1,1,36.3,33.5,10,5.2,"Damascus",36.29,33.51,"5","","SBEI2005",5,5,5,1.44591262261598
"258",38,"1339/01/13-02/11",1339,1,1,1,1,1,35.5,34.3,10,6.9,"Tripoli",35.83,34.44,"7","","SBEI2005",7,7,7,34.0881367636029
"259",185,"",1344,1,3,NA,NA,NA,37.6,36.8,30,6.7,"",37.17,36.23,"","","Guidoboni",NA,NA,9,73.9978136162039
"260",185,"",1344,1,3,NA,NA,NA,37.6,36.8,30,6.7,"",37.2,36.3,"","","Guidoboni",NA,NA,9,65.9883473511814
"261",185,"",1344,1,3,NA,NA,NA,37.6,36.8,30,6.7,"",37.88,37.7,"","","Guidoboni",NA,NA,9,102.824112999997
"262",185,"",1344,1,3,NA,NA,NA,37.6,36.8,30,6.7,"",37.07,36.83,"","","Guidoboni",NA,NA,9,47.4069544645873
"263",185,"",1344,1,3,NA,NA,NA,37.6,36.8,30,6.7,"",37.98,37.05,"","","Guidoboni",NA,NA,9,43.7539812115592
"265",185,"",1344,1,3,NA,NA,NA,37.6,36.8,30,6.7,"",37.35,37.07,"","","Guidoboni",NA,NA,9,37.3085650307865
"267",185,"",1344,1,3,NA,NA,NA,37.6,36.8,30,6.7,"",37.95,36.52,"","","Guidoboni",NA,NA,9,44.0746860429602
"274",42,"1404/02/20",1404,2,20,1,1,1,36.2,35.7,30,7.2,"Tripoli",35.83,34.44,"7","","SBEI2005",7,7,7,143.650215077157
"275",42,"1404/02/20",1404,2,20,1,1,1,36.2,35.7,30,7.2,"Lattakia",35.78,35.53,"7","","SBEI2005",7,7,7,42.4608129655858
"276",42,"1404/02/20",1404,2,20,1,1,1,36.2,35.7,30,7.2,"Jableh",35.97,35.16,"7","","SBEI2005",7,7,7,63.3853993021151
"277",43,"1404/11/05-12/04",1404,11,5,1,1,1,37.2,36.2,30,4.8,"Aleppo",37.15,36.21,"5","","SBEI2005",5,5,5,4.63108659185159
"278",44,"1407/04/09-05/08",1407,4,29,10,0,0,36.3,35.7,10,7,"Antioch",36.16,36.2,"7","","SBEI2005",7,7,7,56.8394448080128
"279",45,"1408/12/29",1408,12,29,1,1,1,36.1,35.8,25,7.2,"Shugr",36.28,35.86,"08-Sep","","SBEI2005",9,8,8.5,17.5711905672687
"280",45,"1408/12/29",1408,12,29,1,1,1,36.1,35.8,25,7.2,"Bkas",36.28,35.86,"08-Sep","","SBEI2005",9,8,8.5,17.5711905672687
"281",45,"1408/12/29",1408,12,29,1,1,1,36.1,35.8,25,7.2,"Blatnes",36.1,35.54,"8","","SBEI2005",8,8,8,28.8159527597683
"282",45,"1408/12/29",1408,12,29,1,1,1,36.1,35.8,25,7.2,"Lattakia",35.78,35.53,"7","","SBEI2005",7,7,7,41.6524786905718
"283",45,"1408/12/29",1408,12,29,1,1,1,36.1,35.8,25,7.2,"Jableh",35.97,35.16,"7","","SBEI2005",7,7,7,71.9033758795211
"284",45,"1408/12/29",1408,12,29,1,1,1,36.1,35.8,25,7.2,"Antioch",36.16,36.2,"7","","SBEI2005",7,7,7,44.6639159006912
"285",186,"",1408,12,29,NA,NA,NA,36.6,35.7,25,7.2,"",36.28,35.83,"","","Guidoboni",NA,NA,10,32.3262008768566
"289",186,"",1408,12,29,NA,NA,NA,36.6,35.7,25,7.2,"",35.78,35.52,"","","Guidoboni",NA,NA,8,76.9278437560954
"290",187,"",1458,11,8,NA,NA,NA,35.6,31.2,10,7.1,"",35.7,31.18,"","","Guidoboni",NA,NA,9,9.78535799707679
"291",187,"",1458,11,8,NA,NA,NA,35.6,31.2,10,7.1,"",35.23,31.77,"","","Guidoboni",NA,NA,7,72.2528805272745
"295",46,"1484/03/29-04/27",1484,3,29,1,1,1,37.2,36.2,10,4.8,"Aleppo",37.15,36.21,"05-Jun","","SBEI2005",6,5,5.5,4.63108659185159
"296",47,"1491/04/24",1491,4,24,19,1,1,32,35,10,6.8,"Nicosia",33.37,35.17,"7","","SBEI2005",7,7,7,126.346590511695
"297",47,"1491/04/24",1491,4,24,19,1,1,32,35,10,6.8,"Limassol",33.02,34.71,"7","","SBEI2005",7,7,7,98.6576126070835
"298",47,"1491/04/24",1491,4,24,19,1,1,32,35,10,6.8,"Famagusta",33.92,35.11,"7","","SBEI2005",7,7,7,175.576815244061
"299",47,"1491/04/24",1491,4,24,19,1,1,32,35,10,6.8,"Paphos",32.38,34.74,"7","","SBEI2005",7,7,7,45.1358415599889
"303",50,"1546/09/29",1546,1,14,11,1,1,35.3,32,10,6.1,"Nablus",35.26,32.23,"06-Jul","","SBEI2005",7,6,6.5,25.7519700713488
"304",50,"1546/09/29",1546,1,14,11,1,1,35.3,32,10,6.1,"Damascus",36.29,33.51,"5","","SBEI2005",5,5,5,191.263543846517
"305",50,"1546/09/29",1546,1,14,11,1,1,35.3,32,10,6.1,"Al-Quds",35.23,31.78,"6","","SBEI2005",6,6,6,25.2491283858792
"306",50,"1546/09/29",1546,1,14,11,1,1,35.3,32,10,6.1,"Yafa",34.76,32.05,"6","","SBEI2005",6,6,6,51.3120852223561
"309",53,"1568/10/10",1568,10,10,1,1,1,35.5,35.5,12,6.1,"Lattakia",35.78,35.53,"7","","SBEI2005",7,7,7,25.6161759717294
"310",53,"1568/10/10",1568,10,10,1,1,1,35.5,35.5,12,6.1,"Famagusta",33.92,35.11,"5","","SBEI2005",5,5,5,150.054940325417
"315",62,"1626/01/21",1626,1,21,1,1,1,37.1,36.5,20,7.1,"Hama",36.75,35.13,"06-Jul","Map in SBEI","SBEI2005",7,6,6.5,155.101312660642
"317",65,"1656/2",1656,2,1,1,1,1,36.2,34.9,10,6.7,"Tripoli",35.83,34.44,"7","","SBEI2005",7,7,7,61.2219227432989
"326",70,"1705/11/24",1705,11,24,1,1,1,36.6,33.7,35,6.8,"Damascus",36.29,33.51,"7","","SBEI2005",7,7,7,35.6489415807951
"327",70,"1705/11/24",1705,11,24,1,1,1,36.6,33.7,35,6.8,"Tripoli",35.83,34.44,"7","","SBEI2005",7,7,7,108.508193418392
"328",74,"1726/04/15",1726,4,15,1,1,1,36.6,36.3,15,6.1,"Jum",38.45,36.85,">7","","SBEI2005",7,7,7,176.446749708431
"329",74,"1726/04/15",1726,4,15,1,1,1,36.6,36.3,15,6.1,"Aleppo",37.15,36.21,"7","","SBEI2005",7,7,7,50.4263939385567
"333",76,"1738/09/25",1738,9,25,1,1,1,36.5,36.7,10,6.2,"Bellen Bass",36.23,36.48,"07-Aug","","SBEI2005",8,7,7.5,34.3293222081574
"334",76,"1738/09/25",1738,9,25,1,1,1,36.5,36.7,10,6.2,"Antioch",36.16,36.2,"7","","SBEI2005",7,7,7,63.2520261533814
"335",76,"1738/09/25",1738,9,25,1,1,1,36.5,36.7,10,6.2,"Jabal Al-Amanus",36.33,36.75,"7","","SBEI2005",7,7,7,16.166141578964
"336",76,"1738/09/25",1738,9,25,1,1,1,36.5,36.7,10,6.2,"Aleppo",37.15,36.21,"05-Jun","","SBEI2005",6,5,5.5,79.6566896704289
"337",76,"1738/09/25",1738,9,25,1,1,1,36.5,36.7,10,6.2,"Kelless",37.12,36.72,"5","","SBEI2005",5,5,5,55.4403557354564
"339",77,"1752/07/21",1752,7,21,1,1,1,35.75,35.6,10,6.8,"Lattakia",35.78,35.53,"7","","SBEI2005",7,7,7,8.22087492854728
"340",77,"1752/07/21",1752,7,21,1,1,1,35.75,35.6,10,6.8,"Tripoli",35.83,34.44,"5","","SBEI2005",5,5,5,128.754431909772
"341",80,"1759/10/30",1759,10,30,34,50,0,35.6,33.1,10,6.6,"Al-Qunaytra",35.9,32.97,"8","","SBEI2005",8,8,8,31.5082199378875
"342",80,"1759/10/30",1759,10,30,34,50,0,35.6,33.1,10,6.6,"Safad",35.5,32.96,"7","","SBEI2005",7,7,7,18.1048372035824
"343",80,"1759/10/30",1759,10,30,34,50,0,35.6,33.1,10,6.6,"Acre",35.08,32.93,"6","","SBEI2005",6,6,6,52.1090311137638
"344",80,"1759/10/30",1759,10,30,34,50,0,35.6,33.1,10,6.6,"An-Nasra",35.3,32.7,"6","","SBEI2005",6,6,6,52.4502017169392
"345",80,"1759/10/30",1759,10,30,34,50,0,35.6,33.1,10,6.6,"Sidon",35.61,33.49,"6","","SBEI2005",6,6,6,43.2142626518043
"346",80,"1759/10/30",1759,10,30,34,50,0,35.6,33.1,10,6.6,"Saasaa",36.02,33.28,"6","","SBEI2005",6,6,6,43.9495727403831
"347",80,"1759/10/30",1759,10,30,34,50,0,35.6,33.1,10,6.6,"Damascus",36.29,33.51,"5","","SBEI2005",5,5,5,78.6905767474313
"353",81,"1759/11/25",1759,11,25,19,23,0,35.9,33.7,10,7.4,"Baalbak",36.21,34,">8","","SBEI2005",8,8,8,43.9067273307682
"355",81,"1759/11/25",1759,11,25,19,23,0,35.9,33.7,10,7.4,"Zabadani",36.1,33.72,">8","","SBEI2005",8,8,8,18.6714455012232
"356",81,"1759/11/25",1759,11,25,19,23,0,35.9,33.7,10,7.4,"Ras Baalbak",36.42,34.26,"8","","SBEI2005",8,8,8,78.4755101613505
"357",81,"1759/11/25",1759,11,25,19,23,0,35.9,33.7,10,7.4,"Al-Qunaytra",35.9,32.97,"8","","SBEI2005",8,8,8,80.8700600010108
"358",81,"1759/11/25",1759,11,25,19,23,0,35.9,33.7,10,7.4,"Damascus",36.29,33.51,"07-Aug","","SBEI2005",8,7,7.5,41.8713843503537
"359",81,"1759/11/25",1759,11,25,19,23,0,35.9,33.7,10,7.4,"Beirut",35.5,33.89,"07-Aug","","SBEI2005",8,7,7.5,42.6056166551831
"360",81,"1759/11/25",1759,11,25,19,23,0,35.9,33.7,10,7.4,"Sidon",35.61,33.49,"07-Aug","","SBEI2005",8,7,7.5,35.5785891016988
"361",81,"1759/11/25",1759,11,25,19,23,0,35.9,33.7,10,7.4,"Safad",35.5,32.96,"07-Aug","","SBEI2005",8,7,7.5,90.0400091309413
"362",81,"1759/11/25",1759,11,25,19,23,0,35.9,33.7,10,7.4,"Sur",35.2,33.27,"07-Aug","","SBEI2005",8,7,7.5,80.6324909622827
"363",81,"1759/11/25",1759,11,25,19,23,0,35.9,33.7,10,7.4,"Tripoli",35.83,34.44,"7","","SBEI2005",7,7,7,82.2435288172595
"364",81,"1759/11/25",1759,11,25,19,23,0,35.9,33.7,10,7.4,"Acre",35.08,32.93,"7","","SBEI2005",7,7,7,114.483558814764
"365",81,"1759/11/25",1759,11,25,19,23,0,35.9,33.7,10,7.4,"Homs",36.72,34.77,"06-Jul","","SBEI2005",7,6,6.5,140.577997105918
"366",81,"1759/11/25",1759,11,25,19,23,0,35.9,33.7,10,7.4,"Hama",36.75,35.13,"06-Jul","","SBEI2005",7,6,6.5,176.667967550664
"367",81,"1759/11/25",1759,11,25,19,23,0,35.9,33.7,10,7.4,"An-Nasra",35.3,32.7,"06-Jul","","SBEI2005",7,6,6.5,124.102220168183
"368",81,"1759/11/25",1759,11,25,19,23,0,35.9,33.7,10,7.4,"Hosn Al-Akrad",36.29,34.76,"06-Jul","","SBEI2005",7,6,6.5,122.821024347203
"374",81,"1759/11/25",1759,11,25,19,23,0,35.9,33.7,10,7.4,"Tarba",36.77,32.8,"5","","SBEI2005",5,5,5,128.502454677897
"375",88,"1796/04/26",1796,4,26,1,1,1,36.2,35.3,20,6.7,"Qalaat Al-Marqeb",35.95,35.15,"8","","SBEI2005",8,8,8,28.1835500763505
"376",88,"1796/04/26",1796,4,26,1,1,1,36.2,35.3,20,6.7,"Al-Qadmous",36.16,35.1,"8","","SBEI2005",8,8,8,22.4614168057484
"377",88,"1796/04/26",1796,4,26,1,1,1,36.2,35.3,20,6.7,"Nahr Al-Kabir",36.1,34.52,"07-Aug","","SBEI2005",8,7,7.5,86.9168637343715
"378",88,"1796/04/26",1796,4,26,1,1,1,36.2,35.3,20,6.7,"Jableh",35.97,35.16,"07-Aug","","SBEI2005",8,7,7.5,26.0591864847069
"379",88,"1796/04/26",1796,4,26,1,1,1,36.2,35.3,20,6.7,"Bkas",36.28,35.86,"07-Aug","","SBEI2005",8,7,7.5,62.4861729552518
"380",88,"1796/04/26",1796,4,26,1,1,1,36.2,35.3,20,6.7,"Lattakia",35.78,35.53,"7","","SBEI2005",7,7,7,45.8787384582672
"383",88,"1796/04/26",1796,4,26,1,1,1,36.2,35.3,20,6.7,"Tripoli",35.83,34.44,"5","","SBEI2005",5,5,5,101.125557007652
"384",89,"1802",1802,1,1,1,1,1,36.2,34,10,6.1,"Baalbak",36.21,34,"6","","SBEI2005",6,6,6,0.923847963552987
"385",91,"1814",1814,1,1,1,1,1,35.8,32.8,10,6,"Al-Laja",36.39,32.93,"06-Jul","","SBEI2005",7,6,6.5,57.0677909736471
"386",93,"1822/08/13",1822,8,13,1,1,1,36.75,36.7,18,7.4,"Jisr Ash'Shoughour",36.32,35.81,"9","","SBEI2005",9,9,9,105.949300742817
"389",93,"1822/08/13",1822,8,13,1,1,1,36.75,36.7,18,7.4,"Darkoush",36.39,35.99,"08-Sep","","SBEI2005",9,8,8.5,85.0766165231168
"390",93,"1822/08/13",1822,8,13,1,1,1,36.75,36.7,18,7.4,"Antioch",36.16,36.2,"8","","SBEI2005",8,8,8,76.6115692576776
"391",93,"1822/08/13",1822,8,13,1,1,1,36.75,36.7,18,7.4,"Iskenderun",36.17,36.58,"8","","SBEI2005",8,8,8,53.5475449417469
"392",93,"1822/08/13",1822,8,13,1,1,1,36.75,36.7,18,7.4,"Idleb",36.63,35.93,"8","","SBEI2005",8,8,8,86.0279121429174
"394",93,"1822/08/13",1822,8,13,1,1,1,36.75,36.7,18,7.4,"Kelless",37.12,36.72,"8","","SBEI2005",8,8,8,33.1332026899638
"396",93,"1822/08/13",1822,8,13,1,1,1,36.75,36.7,18,7.4,"Lattakia",35.78,35.53,"7","","SBEI2005",7,7,7,156.344495826033
"398",93,"1822/08/13",1822,8,13,1,1,1,36.75,36.7,18,7.4,"Hama",36.75,35.13,"7","","SBEI2005",7,7,7,174.01237650323
"399",93,"1822/08/13",1822,8,13,1,1,1,36.75,36.7,18,7.4,"Maraash",36.93,37.58,"7","","SBEI2005",7,7,7,98.8611236346196
"400",93,"1822/08/13",1822,8,13,1,1,1,36.75,36.7,18,7.4,"Ram Hamadan",36.71,36.03,"7","","SBEI2005",7,7,7,74.3533008765655
"401",93,"1822/08/13",1822,8,13,1,1,1,36.75,36.7,18,7.4,"Bennesh",36.71,35.96,"7","","SBEI2005",7,7,7,82.1038107639768
"402",93,"1822/08/13",1822,8,13,1,1,1,36.75,36.7,18,7.4,"Maarret Missrin",36.67,36,"7","","SBEI2005",7,7,7,77.9233105105683
"408",97,"1837/01/01",1837,1,1,1,1,1,35.5,33.3,10,7,"Beit Lahm",35.2,31.71,"07-Aug","","SBEI2005",8,7,7.5,178.355930349923
"410",97,"1837/01/01",1837,1,1,1,1,1,35.5,33.3,10,7,"Tabariya",35.53,32.8,"7","","SBEI2005",7,7,7,55.4583008965197
"411",97,"1837/01/01",1837,1,1,1,1,1,35.5,33.3,10,7,"Beirut",35.5,33.89,"06-Jul","","SBEI2005",7,6,6.5,65.3639498824014
"412",97,"1837/01/01",1837,1,1,1,1,1,35.5,33.3,10,7,"Damascus",36.29,33.51,"6","","SBEI2005",6,6,6,77.083007583441
"415",108,"1872/04/03",1872,4,3,7,45,1,36.4,36.4,10,7.2,"Harem",36.57,36.14,"8","","SBEI2005",8,8,8,32.6172586252276
"418",108,"1872/04/03",1872,4,3,7,45,1,36.4,36.4,10,7.2,"Antioch",36.16,36.2,"07-Aug","","SBEI2005",8,7,7.5,30.9217520253246
"419",108,"1872/04/03",1872,4,3,7,45,1,36.4,36.4,10,7.2,"Aleppo",37.15,36.21,"7","","SBEI2005",7,7,7,70.5765953968732
"420",108,"1872/04/03",1872,4,3,7,45,1,36.4,36.4,10,7.2,"Suaidiya",35.92,36.12,"7","","SBEI2005",7,7,7,53.140657500229
"421",108,"1872/04/03",1872,4,3,7,45,1,36.4,36.4,10,7.2,"Izaz",37.03,36.35,"06-Jul","","SBEI2005",7,6,6.5,56.8038864250645
"422",108,"1872/04/03",1872,4,3,7,45,1,36.4,36.4,10,7.2,"Idleb",36.63,35.93,"06-Jul","","SBEI2005",7,6,6.5,56.0550760046139
"423",108,"1872/04/03",1872,4,3,7,45,1,36.4,36.4,10,7.2,"Iskenderun",36.17,36.58,"06-Jul","","SBEI2005",7,6,6.5,28.6848011025318
"429",116,"1896/05/12",1896,5,2,1,1,1,36,34,10,5.5,"Baalbak",36.21,34,"5","","SBEI2005",5,5,5,19.4008038466555
"437",165,"",1927,NA,NA,NA,NA,NA,35.5,31.8,15,6.1," Abu-Gosh",35.1,31.8,"","","ZOHAR2012",NA,NA,6.5,37.8790606136883
"438",165,"",1927,NA,NA,NA,NA,NA,35.5,31.8,15,6.1," Abu-Dis",35.26,31.76,"","","ZOHAR2012",NA,NA,7.5,23.159941967742
"439",165,"",1927,NA,NA,NA,NA,NA,35.5,31.8,15,6.1," Abu-Tlul",34.87,31.19,"","","ZOHAR2012",NA,NA,5,90.2544081721916
"440",165,"",1927,NA,NA,NA,NA,NA,35.5,31.8,15,6.1," Um-el-Fahm",35.15,32.51,"","","ZOHAR2012",NA,NA,5.5,85.2867814260064
"441",165,"",1927,NA,NA,NA,NA,NA,35.5,31.8,15,6.1," Um Juni",35.56,32.7,"","","ZOHAR2012",NA,NA,7,99.8427601384683
"442",165,"",1927,NA,NA,NA,NA,NA,35.5,31.8,15,6.1," El Hama",35.66,32.68,"","","ZOHAR2012",NA,NA,7,98.6266931897133
"445",165,"",1927,NA,NA,NA,NA,NA,35.5,31.8,15,6.1," A-Salt",35.72,32.04,"","","ZOHAR2012",NA,NA,8.5,33.7552521958836
"446",165,"",1927,NA,NA,NA,NA,NA,35.5,31.8,15,6.1," Irbid",35.85,32.56,"","","ZOHAR2012",NA,NA,7.5,90.415286719142
"447",165,"",1927,NA,NA,NA,NA,NA,35.5,31.8,15,6.1," A-Ram",35.23,31.85,"","","ZOHAR2012",NA,NA,7,26.154391465799
"448",165,"",1927,NA,NA,NA,NA,NA,35.5,31.8,15,6.1," Beer Sheva",34.8,31.24,"","","ZOHAR2012",NA,NA,5,90.9199876204994
"449",165,"",1927,NA,NA,NA,NA,NA,35.5,31.8,15,6.1," Bira",35.22,31.91,"","","ZOHAR2012",NA,NA,7.5,29.1657262466501
"450",165,"",1927,NA,NA,NA,NA,NA,35.5,31.8,15,6.1," Bet Alfa",35.42,32.51,"","","ZOHAR2012",NA,NA,6,78.9983346135075
"451",165,"",1927,NA,NA,NA,NA,NA,35.5,31.8,15,6.1," Bet Jala",35.18,31.72,"","","ZOHAR2012",NA,NA,7.5,31.5843684808202
"452",165,"",1927,NA,NA,NA,NA,NA,35.5,31.8,15,6.1," Bet Govrin",34.89,31.6,"","","ZOHAR2012",NA,NA,6,61.9242298215118
"453",165,"",1927,NA,NA,NA,NA,NA,35.5,31.8,15,6.1," Bet Gimal",34.97,31.72,"","","ZOHAR2012",NA,NA,6.5,50.9869824147225
"454",165,"",1927,NA,NA,NA,NA,NA,35.5,31.8,15,6.1," Bet HaKerem",35.2,31.78,"","","ZOHAR2012",NA,NA,7,28.4985651895311
"455",165,"",1927,NA,NA,NA,NA,NA,35.5,31.8,15,6.1," Bet Lehem",35.2,31.7,"","","ZOHAR2012",NA,NA,7.5,30.5058083487234
"456",165,"",1927,NA,NA,NA,NA,NA,35.5,31.8,15,6.1," Bet Likia",35.06,31.86,"","","ZOHAR2012",NA,NA,6.5,42.180179013676
"457",165,"",1927,NA,NA,NA,NA,NA,35.5,31.8,15,6.1," Bet Shean",35.5,32.49,"","","ZOHAR2012",NA,NA,6,76.421792586657
"458",165,"",1927,NA,NA,NA,NA,NA,35.5,31.8,15,6.1," Bet Sorik",35.15,31.82,"","","ZOHAR2012",NA,NA,7,33.2145474735671
"459",165,"",1927,NA,NA,NA,NA,NA,35.5,31.8,15,6.1," Binyamina",34.94,32.52,"","","ZOHAR2012",NA,NA,5.5,95.6527231976473
"460",165,"",1927,NA,NA,NA,NA,NA,35.5,31.8,15,6.1," Batir",35.14,31.73,"","","ZOHAR2012",NA,NA,7,34.9739909827275
"461",165,"",1927,NA,NA,NA,NA,NA,35.5,31.8,15,6.1," Gedera",34.77,31.81,"","","ZOHAR2012",NA,NA,6,69.134342905291
"462",165,"",1927,NA,NA,NA,NA,NA,35.5,31.8,15,6.1," Gimzoo",34.95,31.92,"","","ZOHAR2012",NA,NA,7.5,53.719824077637
"463",165,"",1927,NA,NA,NA,NA,NA,35.5,31.8,15,6.1," Jiftlik",35.48,32.14,"","","ZOHAR2012",NA,NA,7,37.7033161689048
"464",165,"",1927,NA,NA,NA,NA,NA,35.5,31.8,15,6.1," Jaljulia",34.95,32.15,"","","ZOHAR2012",NA,NA,6,64.8461364031158
"465",165,"",1927,NA,NA,NA,NA,NA,35.5,31.8,15,6.1," Genin",35.3,32.46,"","","ZOHAR2012",NA,NA,6,75.4955501451954
"466",165,"",1927,NA,NA,NA,NA,NA,35.5,31.8,15,6.1," Jeser Magmi",35.56,32.63,"","","ZOHAR2012",NA,NA,7,92.1026973842748
"467",165,"",1927,NA,NA,NA,NA,NA,35.5,31.8,15,6.1," Jeresh",35.9,32.28,"","","ZOHAR2012",NA,NA,7,65.2191008659385
"468",165,"",1927,NA,NA,NA,NA,NA,35.5,31.8,15,6.1," Gesher",35.55,32.62,"","","ZOHAR2012",NA,NA,7,90.943438346692
"469",165,"",1927,NA,NA,NA,NA,NA,35.5,31.8,15,6.1," Alenbi Bridge",35.54,31.87,"","","ZOHAR2012",NA,NA,8,8.62775228873364
"470",165,"",1927,NA,NA,NA,NA,NA,35.5,31.8,15,6.1," Bnot ‹¨½‹ó?‹ó? Yaa'kov",35.63,33.01,"","","ZOHAR2012",NA,NA,6.5,134.578297083807
"471",165,"",1927,NA,NA,NA,NA,NA,35.5,31.8,15,6.1," Daharia",34.98,31.41,"","","ZOHAR2012",NA,NA,6,65.5773312482322
"472",165,"",1927,NA,NA,NA,NA,NA,35.5,31.8,15,6.1," Dir-a-Shech",35.07,31.74,"","","ZOHAR2012",NA,NA,6.5,41.2715562500506
"474",165,"",1927,NA,NA,NA,NA,NA,35.5,31.8,15,6.1," Daraa'",36.07,32.63,"","","ZOHAR2012",NA,NA,6,106.48086545122
"475",165,"",1927,NA,NA,NA,NA,NA,35.5,31.8,15,6.1," Zeitim Mountain",35.25,31.78,"","","ZOHAR2012",NA,NA,7.5,23.780346012477
"476",165,"",1927,NA,NA,NA,NA,NA,35.5,31.8,15,6.1," Toov Mountain",35.01,31.76,"","","ZOHAR2012",NA,NA,6.5,46.6227549374416
"477",165,"",1927,NA,NA,NA,NA,NA,35.5,31.8,15,6.1," Carmel Mountain",35.04,32.75,"","","ZOHAR2012",NA,NA,6,113.795240461992
"478",165,"",1927,NA,NA,NA,NA,NA,35.5,31.8,15,6.1," Zofim Mountain",35.25,31.8,"","","ZOHAR2012",NA,NA,7.5,23.6744210189377
"479",165,"",1927,NA,NA,NA,NA,NA,35.5,31.8,15,6.1," Herzelia",34.8,32.16,"","","ZOHAR2012",NA,NA,5,77.2444019036282
"480",165,"",1927,NA,NA,NA,NA,NA,35.5,31.8,15,6.1," Vadi Shueib",35.61,31.91,"","","ZOHAR2012",NA,NA,8,16.0247210769082
"481",165,"",1927,NA,NA,NA,NA,NA,35.5,31.8,15,6.1," Zarka",36.09,32.07,"","","ZOHAR2012",NA,NA,7,63.2984839526327
"482",165,"",1927,NA,NA,NA,NA,NA,35.5,31.8,15,6.1," Zichron Yaa'kov",34.94,32.57,"","","ZOHAR2012",NA,NA,5.5,100.308847604233
"484",165,"",1927,NA,NA,NA,NA,NA,35.5,31.8,15,6.1," Hebron",35.1,31.53,"","","ZOHAR2012",NA,NA,7,48.3018160480268
"485",165,"",1927,NA,NA,NA,NA,NA,35.5,31.8,15,6.1," Haifa",35,32.81,"","","ZOHAR2012",NA,NA,6,121.373289389244
"486",165,"",1927,NA,NA,NA,NA,NA,35.5,31.8,15,6.1," Tabha",35.53,32.87,"","","ZOHAR2012",NA,NA,6.5,118.546996375236
"487",165,"",1927,NA,NA,NA,NA,NA,35.5,31.8,15,6.1," Tiberias",35.54,32.78,"","","ZOHAR2012",NA,NA,6.5,108.609393171548
"488",165,"",1927,NA,NA,NA,NA,NA,35.5,31.8,15,6.1," Tool-Karem",35.02,32.3,"","","ZOHAR2012",NA,NA,6,71.5649960997527
"489",165,"",1927,NA,NA,NA,NA,NA,35.5,31.8,15,6.1," Tapila",35.61,30.84,"","","ZOHAR2012",NA,NA,5,106.824130147805
"490",165,"",1927,NA,NA,NA,NA,NA,35.5,31.8,15,6.1," Yalo",35.02,31.83,"","","ZOHAR2012",NA,NA,7,45.5687964670612
"491",165,"",1927,NA,NA,NA,NA,NA,35.5,31.8,15,6.1," Yavne",34.75,31.87,"","","ZOHAR2012",NA,NA,6,71.4183441996774
"492",165,"",1927,NA,NA,NA,NA,NA,35.5,31.8,15,6.1," Jafa",34.75,32.06,"","","ZOHAR2012",NA,NA,5.5,76.5459355521184
"493",165,"",1927,NA,NA,NA,NA,NA,35.5,31.8,15,6.1," Jerusalem",35.22,31.78,"","","ZOHAR2012",NA,NA,7,26.6105456323892
"495",165,"",1927,NA,NA,NA,NA,NA,35.5,31.8,15,6.1," Holly Mountain",35.24,31.78,"","","ZOHAR2012",NA,NA,7.5,24.7234646687943
"496",165,"",1927,NA,NA,NA,NA,NA,35.5,31.8,15,6.1," Jericho",35.45,31.86,"","","ZOHAR2012",NA,NA,8,8.15842713173475
"497",165,"",1927,NA,NA,NA,NA,NA,35.5,31.8,15,6.1," Jru. ‹¨½‹ó?‹ó? Jericho Road 1",35.4,31.8,"","","ZOHAR2012",NA,NA,8,9.46977015980591
"498",165,"",1927,NA,NA,NA,NA,NA,35.5,31.8,15,6.1," Jre. ‹¨½‹ó?‹ó? Jericho Road 2",35.41,31.81,"","","ZOHAR2012",NA,NA,7.5,8.59399067527981
"499",165,"",1927,NA,NA,NA,NA,NA,35.5,31.8,15,6.1," Amman ‹¨½‹ó?‹ó? Jordan Road",35.64,31.82,"","","ZOHAR2012",NA,NA,8,13.4400203462223
"501",165,"",1927,NA,NA,NA,NA,NA,35.5,31.8,15,6.1," Shiloach Village",35.24,31.76,"","","ZOHAR2012",NA,NA,7.5,25.0219503062548
"502",165,"",1927,NA,NA,NA,NA,NA,35.5,31.8,15,6.1," Kafaringi",35.7,32.29,"","","ZOHAR2012",NA,NA,8,57.4628231909952
"503",165,"",1927,NA,NA,NA,NA,NA,35.5,31.8,15,6.1," Karach",35.69,31.18,"","","ZOHAR2012",NA,NA,6.5,70.9939604453134
"504",165,"",1927,NA,NA,NA,NA,NA,35.5,31.8,15,6.1," Lod",34.89,31.95,"","","ZOHAR2012",NA,NA,7,60.0618597611888
"505",165,"",1927,NA,NA,NA,NA,NA,35.5,31.8,15,6.1," Migdal",35.5,32.84,"","","ZOHAR2012",NA,NA,5,115.190221764865
"506",165,"",1927,NA,NA,NA,NA,NA,35.5,31.8,15,6.1," Migdal Yava",34.95,32.08,"","","ZOHAR2012",NA,NA,5.5,60.5486370268905
"507",165,"",1927,NA,NA,NA,NA,NA,35.5,31.8,15,6.1," Midba",35.79,31.73,"","","ZOHAR2012",NA,NA,7,28.5454902497945
"508",165,"",1927,NA,NA,NA,NA,NA,35.5,31.8,15,6.1," Moza",35.16,31.79,"","","ZOHAR2012",NA,NA,7.5,32.2179799026653
"509",165,"",1927,NA,NA,NA,NA,NA,35.5,31.8,15,6.1," Maa'n",35.72,30.19,"","","ZOHAR2012",NA,NA,5,179.513658031156
"511",165,"",1927,NA,NA,NA,NA,NA,35.5,31.8,15,6.1," Mrar",35.4,32.88,"","","ZOHAR2012",NA,NA,7,119.990907950765
"512",165,"",1927,NA,NA,NA,NA,NA,35.5,31.8,15,6.1," Masada",35.36,31.31,"","","ZOHAR2012",NA,NA,8,55.8689000088321
"513",165,"",1927,NA,NA,NA,NA,NA,35.5,31.8,15,6.1," Merhavia",35.31,32.59,"","","ZOHAR2012",NA,NA,6.5,89.3134160187451
"514",165,"",1927,NA,NA,NA,NA,NA,35.5,31.8,15,6.1," Mar-sava",35.34,31.71,"","","ZOHAR2012",NA,NA,7.5,18.1422040643505
"515",165,"",1927,NA,NA,NA,NA,NA,35.5,31.8,15,6.1," Meslovia",35.63,31.76,"","","ZOHAR2012",NA,NA,8,13.0859629588324
"517",165,"",1927,NA,NA,NA,NA,NA,35.5,31.8,15,6.1," Nahalal",35.19,32.68,"","","ZOHAR2012",NA,NA,6,101.751571126986
"518",165,"",1927,NA,NA,NA,NA,NA,35.5,31.8,15,6.1," Naharia",35.09,33.01,"","","ZOHAR2012",NA,NA,6,139.46078728359
"519",165,"",1927,NA,NA,NA,NA,NA,35.5,31.8,15,6.1," Sorek River",34.87,31.8,"","","ZOHAR2012",NA,NA,6.5,59.6594706536376
"520",165,"",1927,NA,NA,NA,NA,NA,35.5,31.8,15,6.1," Nes-Ziona",34.8,31.92,"","","ZOHAR2012",NA,NA,7,67.5653012228199
"521",165,"",1927,NA,NA,NA,NA,NA,35.5,31.8,15,6.1," Nazeret",35.3,32.7,"","","ZOHAR2012",NA,NA,7,101.448496377586
"522",165,"",1927,NA,NA,NA,NA,NA,35.5,31.8,15,6.1," Salfit",35.18,32.08,"","","ZOHAR2012",NA,NA,7,43.3260755328817
"523",165,"",1927,NA,NA,NA,NA,NA,35.5,31.8,15,6.1," Sweida",36.58,32.7,"","","ZOHAR2012",NA,NA,7,142.456903416795
"524",165,"",1927,NA,NA,NA,NA,NA,35.5,31.8,15,6.1," Abadia",35.55,32.68,"","","ZOHAR2012",NA,NA,7,97.5810355670193
"525",165,"",1927,NA,NA,NA,NA,NA,35.5,31.8,15,6.1," Ajloon",35.74,32.33,"","","ZOHAR2012",NA,NA,8,62.9224824609304
"526",165,"",1927,NA,NA,NA,NA,NA,35.5,31.8,15,6.1," Gaza",34.46,31.5,"","","ZOHAR2012",NA,NA,6.5,104.088306293635
"527",165,"",1927,NA,NA,NA,NA,NA,35.5,31.8,15,6.1," Azraa'",36.24,32.85,"","","ZOHAR2012",NA,NA,6,135.57163658174
"528",165,"",1927,NA,NA,NA,NA,NA,35.5,31.8,15,6.1," Atara",35.2,32,"","","ZOHAR2012",NA,NA,7,35.9995656297486
"529",165,"",1927,NA,NA,NA,NA,NA,35.5,31.8,15,6.1," Ein-el-Kelt",35.37,31.83,"","","ZOHAR2012",NA,NA,7.5,12.7492312370274
"530",165,"",1927,NA,NA,NA,NA,NA,35.5,31.8,15,6.1," Ein Dok",35.43,31.88,"","","ZOHAR2012",NA,NA,7.5,11.0635501977304
"531",165,"",1927,NA,NA,NA,NA,NA,35.5,31.8,15,6.1," Ein Harod",35.39,32.56,"","","ZOHAR2012",NA,NA,6,84.8120707295765
"532",165,"",1927,NA,NA,NA,NA,NA,35.5,31.8,15,6.1," Ein Karem",35.17,31.77,"","","ZOHAR2012",NA,NA,7,31.4313649624727
"533",165,"",1927,NA,NA,NA,NA,NA,35.5,31.8,15,6.1," Ein Musa",35.73,31.76,"","","ZOHAR2012",NA,NA,7,22.2309877880855
"534",165,"",1927,NA,NA,NA,NA,NA,35.5,31.8,15,6.1," Ein Kinia",35.15,31.93,"","","ZOHAR2012",NA,NA,7,36.1148218962626
"535",165,"",1927,NA,NA,NA,NA,NA,35.5,31.8,15,6.1," Ein Fara'",35.35,32.29,"","","ZOHAR2012",NA,NA,7,56.0881345933264
"536",165,"",1927,NA,NA,NA,NA,NA,35.5,31.8,15,6.1," Aco",35.07,32.93,"","","ZOHAR2012",NA,NA,6,131.539386715434
"537",165,"",1927,NA,NA,NA,NA,NA,35.5,31.8,15,6.1," Anab",34.93,31.39,"","","ZOHAR2012",NA,NA,6,70.6258312803344
"538",165,"",1927,NA,NA,NA,NA,NA,35.5,31.8,15,6.1," Afula",35.28,32.6,"","","ZOHAR2012",NA,NA,6.5,91.0013982889826
"540",165,"",1927,NA,NA,NA,NA,NA,35.5,31.8,15,6.1," Ekron",34.83,31.85,"","","ZOHAR2012",NA,NA,6.5,63.6715139542253
"542",165,"",1927,NA,NA,NA,NA,NA,35.5,31.8,15,6.1," Petah Tikva",34.9,32.1,"","","ZOHAR2012",NA,NA,5.5,65.7404194781356
"543",165,"",1927,NA,NA,NA,NA,NA,35.5,31.8,15,6.1," Tzemach",35.58,32.71,"","","ZOHAR2012",NA,NA,7,101.071720996161
"544",165,"",1927,NA,NA,NA,NA,NA,35.5,31.8,15,6.1," Safed",35.49,32.96,"","","ZOHAR2012",NA,NA,6.5,128.486285065658
"545",165,"",1927,NA,NA,NA,NA,NA,35.5,31.8,15,6.1," Tzora",34.98,31.77,"","","ZOHAR2012",NA,NA,6.5,49.3626471353131
"546",165,"",1927,NA,NA,NA,NA,NA,35.5,31.8,15,6.1," Kabab",34.75,31.89,"","","ZOHAR2012",NA,NA,7,71.6850085102411
"549",165,"",1927,NA,NA,NA,NA,NA,35.5,31.8,15,6.1," Kalkilia",34.96,32.19,"","","ZOHAR2012",NA,NA,5.5,66.8550497851576
"550",165,"",1927,NA,NA,NA,NA,NA,35.5,31.8,15,6.1," Kiriat Anavim",35.12,31.81,"","","ZOHAR2012",NA,NA,7,36.0002102539597
"552",165,"",1927,NA,NA,NA,NA,NA,35.5,31.8,15,6.1," Rosh Ha'ayin",34.92,32.1,"","","ZOHAR2012",NA,NA,6,64.1159368062892
"553",165,"",1927,NA,NA,NA,NA,NA,35.5,31.8,15,6.1," Amman",35.93,31.95,"","","ZOHAR2012",NA,NA,8.5,43.9477514659969
"554",165,"",1927,NA,NA,NA,NA,NA,35.5,31.8,15,6.1," Rehovot",34.81,31.9,"","","ZOHAR2012",NA,NA,6.5,66.2384760328716
"555",165,"",1927,NA,NA,NA,NA,NA,35.5,31.8,15,6.1," Reina",35.3,32.72,"","","ZOHAR2012",NA,NA,7.5,103.625728270489
"556",165,"",1927,NA,NA,NA,NA,NA,35.5,31.8,15,6.1," Ramle",34.87,31.92,"","","ZOHAR2012",NA,NA,7,61.0840949482364
"557",165,"",1927,NA,NA,NA,NA,NA,35.5,31.8,15,6.1," Ramat Yishai",35.17,32.7,"","","ZOHAR2012",NA,NA,5,104.420349017549
"560",165,"",1927,NA,NA,NA,NA,NA,35.5,31.8,15,6.1," Shunam",35.33,32.6,"","","ZOHAR2012",NA,NA,6.5,90.0439281703309
"561",165,"",1927,NA,NA,NA,NA,NA,35.5,31.8,15,6.1," Borochov Nei.",34.81,32.07,"","","ZOHAR2012",NA,NA,5.5,71.7718850383274
"562",165,"",1927,NA,NA,NA,NA,NA,35.5,31.8,15,6.1," Nablus",35.25,32.21,"","","ZOHAR2012",NA,NA,8,51.1853839522271
"563",165,"",1927,NA,NA,NA,NA,NA,35.5,31.8,15,6.1," Tel Aviv",34.77,32.07,"","","ZOHAR2012",NA,NA,5.5,75.2268389885267
"564",165,"",1927,NA,NA,NA,NA,NA,35.5,31.8,15,6.1," Tel Yosef",35.39,32.53,"","","ZOHAR2012",NA,NA,6,81.5153179715091
"565",165,"",1927,NA,NA,NA,NA,NA,35.5,31.8,15,6.1," Dead sea North 1",35.53,31.76,"","","ZOHAR2012",NA,NA,8.5,5.26294674967677
"566",165,"",1927,NA,NA,NA,NA,NA,35.5,31.8,15,6.1," Dead sea North 2",35.46,31.73,"","","ZOHAR2012",NA,NA,8.5,8.62891585161576
"567",165,"",1927,NA,NA,NA,NA,NA,35.5,31.8,15,6.1," Dead sea North 3",35.5,31.74,"","","ZOHAR2012",NA,NA,8.5,6.64491218473844
"568",165,"",1927,NA,NA,NA,NA,NA,35.5,31.8,15,6.1," Jordan Bank",35.54,31.83,"","","ZOHAR2012",NA,NA,8.5,5.03808291726518
"569",165,"",1927,NA,NA,NA,NA,NA,35.5,31.8,15,6.1," Yarmuch fall",35.67,32.68,"","","ZOHAR2012",NA,NA,7,98.7751693098432
"587",166,"",1995,NA,NA,NA,NA,NA,34.8,28.8,10,7.2,"",33.81291,27.25738,"","","AL-TARAZI1999",NA,NA,5,196.38982628277
"598",166,"",1995,NA,NA,NA,NA,NA,34.8,28.8,10,7.2,"",34.94821,29.55805,"","","AL-TARAZI1999",NA,NA,8,85.1430948328142
"608",166,"",1995,NA,NA,NA,NA,NA,34.8,28.8,10,7.2,"",33.07829,28.35831,"","","AL-TARAZI1999",NA,NA,5,175.385694982549
"627",166,"",1995,NA,NA,NA,NA,NA,34.8,28.8,10,7.2,"",33.67825,27.39417,"","","AL-TARAZI1999",NA,NA,5,190.682431731427
"635",166,"",1995,NA,NA,NA,NA,NA,34.8,28.8,10,7.2,"",34.32995,27.91582,"","","AL-TARAZI1999",NA,NA,7,108.167994626001
"673",166,"",1995,NA,NA,NA,NA,NA,34.8,28.8,10,7.2,"",34.6634,29.04681,"","","AL-TARAZI1999",NA,NA,9,30.3939296759673
