EventID,date,year,month,day,hour,minute,second,epi_lon,epi_lat,magnitude,Intensity location,lon,lat,Intensity (EMS-92),Note,Source,conservative,least,R_epi
6,-65,-64,1,1,1,1,1.0,36.1,36.2,7.4,Antioch,36.1615,36.19637,7-8,,SBEI2005,8,8,5.5332580687434447
6,-65,-64,1,1,1,1,1.0,36.1,36.2,7.4,Al-Quds,35.23139,31.77853,6,,SBEI2005,6,6,498.11697219289181
6,-65,-64,1,1,1,1,1.0,36.1,36.2,7.4,Salamis,33.9,35.183333,3-4,,SBEI2005,4,3,228.58100404281595
6,-65,-64,1,1,1,1,1.0,36.1,36.2,7.4,Famagusta,33.91925,35.11491,3-4,,SBEI2005,4,3,231.02513607191798
14,1002/11/10-1003/10/29,1002,11,10,1,1,1.0,36.5,36.5,6.9,Damascus,36.292,33.513,>=8,,SBEI2005,8,8,332.67876954914897
17,1046/07/08-1047/06/27,1046,7,8,1,1,1.0,40.0,39.0,7.9,Diyar Bakr,40.52494,37.53505,>=7,,SBEI2005,7,7,169.21788801137086
17,1046/07/08-1047/06/27,1046,7,8,1,1,1.0,40.0,39.0,7.9,Khlat,42.50312,38.75762,>=7,,SBEI2005,7,7,218.33888628178877
18,1063/07/30-08/27,1063,7,30,1,1,1.0,36.2,34.4,6.9,Tripoli,35.83084,34.43809,7-8,Map in SBEI,SBEI2005,8,7,34.125972618381695
18,1063/07/30-08/27,1063,7,30,1,1,1.0,36.2,34.4,6.9,Lattakia,35.78,35.53,5-6,Map in SBEI,SBEI2005,6,5,131.34929899851073
18,1063/07/30-08/27,1063,7,30,1,1,1.0,36.2,34.4,6.9,Acre,35.08268,32.93305,5-6,Map in SBEI,SBEI2005,6,5,193.12663383062889
18,1063/07/30-08/27,1063,7,30,1,1,1.0,36.2,34.4,6.9,Sur,35.20328,33.27216,5-6,Map in SBEI,SBEI2005,6,5,155.56960677657909
18,1063/07/30-08/27,1063,7,30,1,1,1.0,36.2,34.4,6.9,Antioch,36.1615,36.19637,5,Map in SBEI,SBEI2005,5,5,199.77777991013167
20,1091/09/26-10/06,1091,9,17,1,1,1.0,36.1,36.1,6.5,Antioch,36.1615,36.19637,6-7,,SBEI2005,7,6,12.054975786886597
21,1094/04/20-1094/05/18,1094,6,1,1,1,1.0,36.2,33.3,5.2,Damascus,36.292,33.513,5-6,,SBEI2005,6,5,25.177061517879277
22,1098/01,1097,12,30,1,1,1.0,36.1,36.2,5.8,Antioch,36.1615,36.19637,3,,SBEI2005,3,3,5.5332580687434447
22,1098/01,1097,12,30,1,1,1.0,36.1,36.2,5.8,Aleppo,37.1473,36.21168,3,,SBEI2005,3,3,93.975623797844676
23,1114/11,1114,11,1,1,1,1.0,38.5,37.3,7.4,Maskaneh,38.035566,35.963158,8,"Maybe 2 one in Maraash one in Orfa, Map in SBEI",SBEI2005,8,8,154.31825159798669
23,1114/11,1114,11,1,1,1,1.0,38.5,37.3,7.4,Maraash,36.93333,37.58333,7-8,"Maybe 2 one in Maraash one in Orfa, Map in SBEI",SBEI2005,8,7,141.85535602057101
23,1114/11,1114,11,1,1,1,1.0,38.5,37.3,7.4,Samsat,38.88437,36.77965,7-8,"Maybe 2 one in Maraash one in Orfa, Map in SBEI",SBEI2005,8,7,67.169009946402966
23,1114/11,1114,11,1,1,1,1.0,38.5,37.3,7.4,Orfa,38.79691,37.15915,7-8,"Maybe 2 one in Maraash one in Orfa, Map in SBEI",SBEI2005,8,7,30.59900263391711
23,1114/11,1114,11,1,1,1,1.0,38.5,37.3,7.4,Harran,39.02287,36.86689,7,"Maybe 2 one in Maraash one in Orfa, Map in SBEI",SBEI2005,7,7,66.862635389561021
23,1114/11,1114,11,1,1,1,1.0,38.5,37.3,7.4,Aleppo,37.1473,36.21168,5,"Maybe 2 one in Maraash one in Orfa, Map in SBEI",SBEI2005,5,5,170.78076651484844
23,1114/11,1114,11,1,1,1,1.0,38.5,37.3,7.4,Antioch,36.1615,36.19637,4,"Maybe 2 one in Maraash one in Orfa, Map in SBEI",SBEI2005,4,4,241.79649133888614
25,1138/10/11-26,1138,10,11,1,1,1.0,37.1,36.1,7.1,Damascus,36.292,33.513,6-7,,SBEI2005,7,6,296.96605411903101
25,1138/10/11-26,1138,10,11,1,1,1.0,37.1,36.1,7.1,Al-Jazira,40.145,35.336,6-7,,SBEI2005,7,6,287.71191250117545
25,1138/10/11-26,1138,10,11,1,1,1.0,37.1,36.1,7.1,Aleppo,37.1473,36.21168,6-7,,SBEI2005,7,6,13.124277406860191
27,115/12/13,115,12,13,1,1,1.0,36.1,36.1,7.3,Antioch,36.1615,36.19637,7,,SBEI2005,7,7,12.054975786886597
27,115/12/13,115,12,13,1,1,1.0,36.1,36.1,7.3,Eleyah,36.1615,36.19637,6-7,,SBEI2005,7,6,12.054975786886597
27,115/12/13,115,12,13,1,1,1.0,36.1,36.1,7.3,Mirana,36.1615,36.19637,6-7,,SBEI2005,7,6,12.054975786886597
27,115/12/13,115,12,13,1,1,1.0,36.1,36.1,7.3,Rhodos,28.21748,36.43496,4,,SBEI2005,4,4,707.47073548700575
28,1152/09/27,1151,9,28,1,1,1.0,36.7,32.6,6.0,Bosra,36.4743,32.51669,7,,SBEI2005,7,7,23.09214481231227
28,1152/09/27,1151,9,28,1,1,1.0,36.7,32.6,6.0,Hauran,36.32773,32.42692,7,,SBEI2005,7,7,39.860496987688627
29,1157/08/12,1157,8,12,1,1,1.0,36.4,35.3,7.0,Damascus,36.292,33.513,5-6,Map in SBEI,SBEI2005,6,5,198.95215564583182
29,1157/08/12,1157,8,12,1,1,1.0,36.4,35.3,7.0,Hama,36.75,35.13333,8-9,Map in SBEI,SBEI2005,9,8,36.802245186129703
29,1157/08/12,1157,8,12,1,1,1.0,36.4,35.3,7.0,Shaizar,36.55944,35.26132,8-9,Map in SBEI,SBEI2005,9,8,15.098264618992776
29,1157/08/12,1157,8,12,1,1,1.0,36.4,35.3,7.0,Kafar Tab,36.70944,34.73083,8-9,Map in SBEI,SBEI2005,9,8,69.279010524404384
29,1157/08/12,1157,8,12,1,1,1.0,36.4,35.3,7.0,Afamia,36.57694,35.05862,8-9,Map in SBEI,SBEI2005,9,8,31.289049485846729
29,1157/08/12,1157,8,12,1,1,1.0,36.4,35.3,7.0,Arqa,36.045833,34.530556,8-9,Map in SBEI,SBEI2005,9,8,91.449476174909023
29,1157/08/12,1157,8,12,1,1,1.0,36.4,35.3,7.0,Aleppo,37.1473,36.21168,7-8,Map in SBEI,SBEI2005,8,7,121.75280989139368
29,1157/08/12,1157,8,12,1,1,1.0,36.4,35.3,7.0,Homs,36.71614,34.77103,7-8,Map in SBEI,SBEI2005,8,7,65.483669889660831
29,1157/08/12,1157,8,12,1,1,1.0,36.4,35.3,7.0,Lattakia,35.78,35.53,7-8,Map in SBEI,SBEI2005,8,7,61.731856537565385
29,1157/08/12,1157,8,12,1,1,1.0,36.4,35.3,7.0,Tripoli,35.83084,34.43809,7-8,Map in SBEI,SBEI2005,8,7,109.00179617796984
29,1157/08/12,1157,8,12,1,1,1.0,36.4,35.3,7.0,Antioch,36.1615,36.19637,7-8,Map in SBEI,SBEI2005,8,7,101.96911513830828
29,1157/08/12,1157,8,12,1,1,1.0,36.4,35.3,7.0,Shmemis,37.013508,35.0368,7-8,Map in SBEI,SBEI2005,8,7,62.97939215246889
29,1157/08/12,1157,8,12,1,1,1.0,36.4,35.3,7.0,Qalaat Al-Hosn,36.29473,34.7569,7-8,Map in SBEI,SBEI2005,8,7,61.145915371233194
29,1157/08/12,1157,8,12,1,1,1.0,36.4,35.3,7.0,Maarret Anooman,36.67167,35.63861,6-7,Map in SBEI,SBEI2005,7,6,44.976970073340901
30,1170/06/29,1170,6,29,1,1,1.0,36.4,34.7,7.1,Damascus,36.292,33.513,7-8,Map in SBEI,SBEI2005,8,7,132.36236553540977
30,1170/06/29,1170,6,29,1,1,1.0,36.4,34.7,7.1,Homs,36.71614,34.77103,7-8,Map in SBEI,SBEI2005,8,7,29.948769628649192
30,1170/06/29,1170,6,29,1,1,1.0,36.4,34.7,7.1,Hama,36.75,35.13333,7-8,Map in SBEI,SBEI2005,8,7,57.793546900766032
30,1170/06/29,1170,6,29,1,1,1.0,36.4,34.7,7.1,Damascus,36.292,33.513,7-8,Map in SBEI,SBEI2005,8,7,132.36236553540977
30,1170/06/29,1170,6,29,1,1,1.0,36.4,34.7,7.1,Lattakia,35.78,35.53,7-8,Map in SBEI,SBEI2005,8,7,108.15664395133219
30,1170/06/29,1170,6,29,1,1,1.0,36.4,34.7,7.1,Baalbak,36.21104,34.00469,7-8,Map in SBEI,SBEI2005,8,7,79.236973698649635
30,1170/06/29,1170,6,29,1,1,1.0,36.4,34.7,7.1,Shaizar,36.55944,35.26132,7-8,Map in SBEI,SBEI2005,8,7,64.083951287034537
30,1170/06/29,1170,6,29,1,1,1.0,36.4,34.7,7.1,Barin,36.438816,34.88498,7,Map in SBEI,SBEI2005,7,7,20.872006853219922
30,1170/06/29,1170,6,29,1,1,1.0,36.4,34.7,7.1,Aleppo,37.1473,36.21168,7-8,Map in SBEI,SBEI2005,8,7,181.20556427074945
30,1170/06/29,1170,6,29,1,1,1.0,36.4,34.7,7.1,Al-Jazira,40.145,35.336,5,Map in SBEI,SBEI2005,5,5,348.27178123237195
30,1170/06/29,1170,6,29,1,1,1.0,36.4,34.7,7.1,Al-Mousel,43.13,36.34,5,Map in SBEI,SBEI2005,5,5,635.63466915159472
31,1182,1182,1,1,1,1,1.0,36.7,32.6,6.5,Bosra,36.4743,32.51669,7,,SBEI2005,7,7,23.09214481231227
31,1182,1182,1,1,1,1,1.0,36.7,32.6,6.5,Nablus,35.26097,32.22504,6,,SBEI2005,6,6,141.37107588850844
32,1202/05/20,1202,5,20,1,1,1.0,35.9,33.9,7.0,Mount Lebanon,36.116667,34.3,9,Map in SBEI,SBEI2005,9,9,48.747128787255008
32,1202/05/20,1202,5,20,1,1,1.0,35.9,33.9,7.0,Baalbak,36.21104,34.00469,9,Map in SBEI,SBEI2005,9,9,30.960998335267938
32,1202/05/20,1202,5,20,1,1,1.0,35.9,33.9,7.0,Tyre,35.20302,33.27191,9,Map in SBEI,SBEI2005,9,9,95.109833897826945
32,1202/05/20,1202,5,20,1,1,1.0,35.9,33.9,7.0,Nablus,35.26097,32.22504,8,Map in SBEI,SBEI2005,8,8,195.53442033440524
32,1202/05/20,1202,5,20,1,1,1.0,35.9,33.9,7.0,Beit Jin,35.91116,33.30733,9,Map in SBEI,SBEI2005,9,9,65.910001290914309
32,1202/05/20,1202,5,20,1,1,1.0,35.9,33.9,7.0,Banyas,34.92222,32.42821,>=8,Map in SBEI,SBEI2005,8,8,187.25800318182206
32,1202/05/20,1202,5,20,1,1,1.0,35.9,33.9,7.0,Al-Samyra,35.195,32.276389,>=8,Map in SBEI,SBEI2005,8,8,192.11157879093523
32,1202/05/20,1202,5,20,1,1,1.0,35.9,33.9,7.0,Damascus,36.292,33.513,8,Map in SBEI,SBEI2005,8,8,56.27276443586296
32,1202/05/20,1202,5,20,1,1,1.0,35.9,33.9,7.0,Safita,36.11667,34.81667,7,Map in SBEI,SBEI2005,7,7,103.85126324513271
32,1202/05/20,1202,5,20,1,1,1.0,35.9,33.9,7.0,Akka,35.08268,32.93305,7,Map in SBEI,SBEI2005,7,7,131.58510309563874
32,1202/05/20,1202,5,20,1,1,1.0,35.9,33.9,7.0,Hauran,36.32773,32.42692,8,Map in SBEI,SBEI2005,8,8,168.56777838252555
32,1202/05/20,1202,5,20,1,1,1.0,35.9,33.9,7.0,Hama,36.75,35.13333,8,Map in SBEI,SBEI2005,8,8,157.70750996725519
32,1202/05/20,1202,5,20,1,1,1.0,35.9,33.9,7.0,Tripoli,35.83084,34.43809,8,Map in SBEI,SBEI2005,8,8,60.170238506492922
32,1202/05/20,1202,5,20,1,1,1.0,35.9,33.9,7.0,Safad,35.496,32.96465,7,Map in SBEI,SBEI2005,7,7,110.5562685507051
32,1202/05/20,1202,5,20,1,1,1.0,35.9,33.9,7.0,Al-Quds,35.23139,31.77853,6,Map in SBEI,SBEI2005,6,6,244.02486912546749
32,1202/05/20,1202,5,20,1,1,1.0,35.9,33.9,7.0,Bosra,36.4743,32.51669,7-8,Map in SBEI,SBEI2005,8,7,162.83160534495724
32,1202/05/20,1202,5,20,1,1,1.0,35.9,33.9,7.0,Al-Batron,35.66429,34.24983,7,Map in SBEI,SBEI2005,7,7,44.547325150543521
32,1202/05/20,1202,5,20,1,1,1.0,35.9,33.9,7.0,Jbeil,35.65193,34.123,7,Map in SBEI,SBEI2005,7,7,33.729504822036105
32,1202/05/20,1202,5,20,1,1,1.0,35.9,33.9,7.0,Beirut,35.49548,33.88863,7,Map in SBEI,SBEI2005,7,7,37.358291166192267
32,1202/05/20,1202,5,20,1,1,1.0,35.9,33.9,7.0,Marqab,35.949167,35.151111,7,Map in SBEI,SBEI2005,7,7,139.19008656009623
32,1202/05/20,1202,5,20,1,1,1.0,35.9,33.9,7.0,Hosn Al-Akrad,36.294444,34.756944,7,Map in SBEI,SBEI2005,7,7,101.93937333563703
32,1202/05/20,1202,5,20,1,1,1.0,35.9,33.9,7.0,Barin,36.438816,34.88498,7,Map in SBEI,SBEI2005,7,7,120.16587019251509
32,1202/05/20,1202,5,20,1,1,1.0,35.9,33.9,7.0,Homs,36.71614,34.77103,7,Map in SBEI,SBEI2005,7,7,122.45822903125776
32,1202/05/20,1202,5,20,1,1,1.0,35.9,33.9,7.0,Tartus,35.93784,34.34507,6,Map in SBEI,SBEI2005,6,6,49.611953629119441
32,1202/05/20,1202,5,20,1,1,1.0,35.9,33.9,7.0,Aleppo,37.1473,36.21168,5,Map in SBEI,SBEI2005,5,5,280.99563063538289
32,1202/05/20,1202,5,20,1,1,1.0,35.9,33.9,7.0,Antioch,36.1615,36.19637,5,Map in SBEI,SBEI2005,5,5,256.4515445506072
32,1202/05/20,1202,5,20,1,1,1.0,35.9,33.9,7.0,Al-Mousel,43.13,36.34,4-5,Map in SBEI,SBEI2005,5,4,711.10682685827999
32,1202/05/20,1202,5,20,1,1,1.0,35.9,33.9,7.0,Cairo,31.23571,30.04442,4,Map in SBEI,SBEI2005,4,4,614.15496535298644
32,1202/05/20,1202,5,20,1,1,1.0,35.9,33.9,7.0,Alexandria,29.91874,31.20009,4,Map in SBEI,SBEI2005,4,4,635.77306303792022
32,1202/05/20,1202,5,20,1,1,1.0,35.9,33.9,7.0,Dimyat,32.09562,30.91681,4,Map in SBEI,SBEI2005,4,4,487.34763959107511
32,1202/05/20,1202,5,20,1,1,1.0,35.9,33.9,7.0,Qus,32.81476,25.87372,4,Map in SBEI,SBEI2005,4,4,940.58493093858715
32,1202/05/20,1202,5,20,1,1,1.0,35.9,33.9,7.0,Khlat,42.50312,38.75762,4,Map in SBEI,SBEI2005,4,4,800.6030112698885
32,1202/05/20,1202,5,20,1,1,1.0,35.9,33.9,7.0,Constantinople,28.97696,41.00527,4,Map in SBEI,SBEI2005,4,4,998.08959674534162
34,1287/03/22,1287,3,22,1,1,1.0,35.8,35.5,6.0,Lattakia,35.78,35.53,7-8,,SBEI2005,8,7,3.7953397153678368
37,1322/01/20-02/19,1322,1,20,1,1,1.0,36.3,33.5,5.2,Damascus,36.292,33.513,5,,SBEI2005,5,5,1.624727637408041
38,1339/01/13-02/11,1339,1,1,1,1,1.0,35.5,34.3,6.9,Tripoli,35.83084,34.43809,7,,SBEI2005,7,7,34.026773514335318
39,1344/01/02,1344,1,2,1,1,1.0,37.4,36.7,6.7,Al-Rawendan,37.054009,36.873021,8,,SBEI2005,8,8,36.324757218860888
39,1344/01/02,1344,1,2,1,1,1.0,37.4,36.7,6.7,Manbej,37.95,36.53333,7-8,,SBEI2005,8,7,52.469375275844783
39,1344/01/02,1344,1,2,1,1,1.0,37.4,36.7,6.7,Aleppo,37.1473,36.21168,6-7,,SBEI2005,7,6,58.814282859057016
39,1344/01/02,1344,1,2,1,1,1.0,37.4,36.7,6.7,Damascus,36.292,33.513,4,,SBEI2005,4,4,368.42394200815517
40,1399/09/20,1399,9,20,1,1,1.0,36.3,33.5,4.2,Damascus,36.292,33.513,3-4,,SBEI2005,4,3,1.624727637408041
41,1403/12/18,1403,12,18,1,1,1.0,37.2,36.2,6.5,Aleppo,37.1473,36.21168,4-5,,SBEI2005,5,4,4.9035348113563524
42,1404/02/20,1404,2,20,1,1,1.0,36.2,35.7,7.2,Qalaat Blatnes,36.098464,35.538206,8,,SBEI2005,8,8,20.196506993125134
42,1404/02/20,1404,2,20,1,1,1.0,36.2,35.7,7.2,Bkas,36.282772,35.855173,8,,SBEI2005,8,8,18.800851001744906
42,1404/02/20,1404,2,20,1,1,1.0,36.2,35.7,7.2,West of Aleppo,37.1473,36.21168,7-8,,SBEI2005,8,7,102.504620516957
42,1404/02/20,1404,2,20,1,1,1.0,36.2,35.7,7.2,Qalaat Al-Marqeb,35.949167,35.151111,7-8,,SBEI2005,8,7,65.127968860448192
42,1404/02/20,1404,2,20,1,1,1.0,36.2,35.7,7.2,Tripoli,35.83084,34.43809,7,,SBEI2005,7,7,144.28362758278485
42,1404/02/20,1404,2,20,1,1,1.0,36.2,35.7,7.2,Lattakia,35.78,35.53,7,,SBEI2005,7,7,42.411750596505392
42,1404/02/20,1404,2,20,1,1,1.0,36.2,35.7,7.2,Jableh,35.96851,35.15651,7,,SBEI2005,7,7,63.969575564351224
43,1404/11/05-12/04,1404,11,5,1,1,1.0,37.2,36.2,4.8,Aleppo,37.1473,36.21168,5,,SBEI2005,5,5,4.9035348113563524
44,1407/04/09-05/08,1407,4,29,10,0,0.0,36.3,35.7,7.0,Antioch,36.1615,36.19637,7,,SBEI2005,7,7,56.584388825560197
45,1408/12/29,1408,12,29,1,1,1.0,36.1,35.8,7.2,Shugr,36.28067,35.85724,8-9,,SBEI2005,9,8,17.487469530543351
45,1408/12/29,1408,12,29,1,1,1.0,36.1,35.8,7.2,Bkas,36.282772,35.855173,8-9,,SBEI2005,9,8,17.582801425386862
45,1408/12/29,1408,12,29,1,1,1.0,36.1,35.8,7.2,Blatnes,36.098464,35.538206,8,,SBEI2005,8,8,29.110495308409373
45,1408/12/29,1408,12,29,1,1,1.0,36.1,35.8,7.2,Lattakia,35.78,35.53,7,,SBEI2005,7,7,41.678020010009888
45,1408/12/29,1408,12,29,1,1,1.0,36.1,35.8,7.2,Jableh,35.96851,35.15651,7,,SBEI2005,7,7,72.536650179560056
45,1408/12/29,1408,12,29,1,1,1.0,36.1,35.8,7.2,Antioch,36.1615,36.19637,7,,SBEI2005,7,7,44.420220222446808
46,1484/03/29-04/27,1484,3,29,1,1,1.0,37.2,36.2,4.8,Aleppo,37.1473,36.21168,5-6,,SBEI2005,6,5,4.9035348113563524
47,1491/04/24,1491,4,24,19,1,1.0,32.0,35.0,6.8,Nicosia,33.36667,35.16667,7,,SBEI2005,7,7,125.72929739856114
47,1491/04/24,1491,4,24,19,1,1.0,32.0,35.0,6.8,Limassol,33.02262,34.70713,7,,SBEI2005,7,7,98.831089135155594
47,1491/04/24,1491,4,24,19,1,1.0,32.0,35.0,6.8,Famagusta,33.91925,35.11491,7,,SBEI2005,7,7,175.15700870067198
47,1491/04/24,1491,4,24,19,1,1.0,32.0,35.0,6.8,Paphos,32.37996,34.74247,7,,SBEI2005,7,7,44.961716965145058
47,1491/04/24,1491,4,24,19,1,1.0,32.0,35.0,6.8,Damascus,36.292,33.513,4,,SBEI2005,4,4,427.65993527172833
47,1491/04/24,1491,4,24,19,1,1.0,32.0,35.0,6.8,Cairo,31.23571,30.04442,4,,SBEI2005,4,4,555.6687047558471
47,1491/04/24,1491,4,24,19,1,1.0,32.0,35.0,6.8,Crete,24.80927,35.24012,4,,SBEI2005,4,4,654.41069714164917
50,1546/09/29,1546,1,14,11,1,1.0,35.3,32.0,6.1,Nablus,35.26097,32.22504,6-7,,SBEI2005,7,6,25.291865234551373
50,1546/09/29,1546,1,14,11,1,1.0,35.3,32.0,6.1,Damascus,36.292,33.513,5,,SBEI2005,5,5,192.11465103596046
50,1546/09/29,1546,1,14,11,1,1.0,35.3,32.0,6.1,Al-Quds,35.23139,31.77853,6,,SBEI2005,6,6,25.464018476602245
50,1546/09/29,1546,1,14,11,1,1.0,35.3,32.0,6.1,Yafa,34.75835,32.04936,6,,SBEI2005,6,6,51.357178725829833
50,1546/09/29,1546,1,14,11,1,1.0,35.3,32.0,6.1,Tripoli,35.83084,34.43809,6,,SBEI2005,6,6,275.5622854616538
50,1546/09/29,1546,1,14,11,1,1.0,35.3,32.0,6.1,Famagusta,33.91925,35.11491,5,,SBEI2005,5,5,369.22444953387111
53,1568/10/10,1568,10,10,1,1,1.0,35.5,35.5,6.1,Lattakia,35.78,35.53,7,,SBEI2005,7,7,25.561008632099448
53,1568/10/10,1568,10,10,1,1,1.0,35.5,35.5,6.1,Famagusta,33.91925,35.11491,5,,SBEI2005,5,5,149.69328423872858
53,1568/10/10,1568,10,10,1,1,1.0,35.5,35.5,6.1,Limassol,33.02262,34.70713,4,,SBEI2005,4,4,241.98892862298106
53,1568/10/10,1568,10,10,1,1,1.0,35.5,35.5,6.1,Nicosia,33.36667,35.16667,4,,SBEI2005,4,4,197.03382008964044
62,1626/01/21,1626,1,21,1,1,1.0,37.1,36.5,7.1,Aleppo,37.1473,36.21168,8-9,Map in SBEI,SBEI2005,9,8,32.338325313158684
62,1626/01/21,1626,1,21,1,1,1.0,37.1,36.5,7.1,Gaziantab,37.38332,37.06622,8-9,Map in SBEI,SBEI2005,9,8,67.828316814669748
62,1626/01/21,1626,1,21,1,1,1.0,37.1,36.5,7.1,Hama,36.75,35.13333,6-7,Map in SBEI,SBEI2005,7,6,155.20862970906549
62,1626/01/21,1626,1,21,1,1,1.0,37.1,36.5,7.1,Damascus,36.292,33.513,5,Map in SBEI,SBEI2005,5,5,340.1897902275818
65,1656/2,1656,2,1,1,1,1.0,36.2,34.9,6.7,Tripoli,35.83084,34.43809,7,,SBEI2005,7,7,61.463977119356706
67,1666/09/22,1666,1,1,1,1,1.0,39.5,39.74,6.5,Al-Mousel,43.13,36.34,7-8,,SBEI2005,8,7,493.85533466781908
67,1666/09/22,1666,1,1,1,1,1.0,39.5,39.74,6.5,Sinjar,41.86417,36.3225,6-7,,SBEI2005,7,6,432.71805837948602
67,1666/09/22,1666,1,1,1,1,1.0,39.5,39.74,6.5,Sharqat,43.24056,35.48583,6-7,,SBEI2005,7,6,576.344838381361
67,1666/09/22,1666,1,1,1,1,1.0,39.5,39.74,6.5,Aleppo,37.1473,36.21168,5,,SBEI2005,5,5,443.18105158829098
67,1666/09/22,1666,1,1,1,1,1.0,39.5,39.74,6.5,Tabriz,50.16341,35.67883,5,,SBEI2005,5,5,1040.1339473282151
67,1666/09/22,1666,1,1,1,1,1.0,39.5,39.74,6.5,Van,43.77577,37.52538,5,,SBEI2005,5,5,445.5379885419602
70,1705/11/24,1705,11,24,1,1,1.0,36.6,33.7,6.8,Yabroud,36.66667,33.9667,8,,SBEI2005,8,8,30.288288994473405
70,1705/11/24,1705,11,24,1,1,1.0,36.6,33.7,6.8,Al-Qastal,36.69583,33.92556,8,,SBEI2005,8,8,26.597875988950708
70,1705/11/24,1705,11,24,1,1,1.0,36.6,33.7,6.8,Damascus,36.292,33.513,7,,SBEI2005,7,7,35.298309458884241
70,1705/11/24,1705,11,24,1,1,1.0,36.6,33.7,6.8,Tripoli,35.83084,34.43809,7,,SBEI2005,7,7,108.42011701401614
74,1726/04/15,1726,4,15,1,1,1.0,36.6,36.3,6.1,Jum,38.45,36.85,>7,,SBEI2005,7,7,176.15438532371954
74,1726/04/15,1726,4,15,1,1,1.0,36.6,36.3,6.1,Aleppo,37.1473,36.21168,7,,SBEI2005,7,7,50.047060183623962
75,1726/04/15,1726,4,15,1,1,1.0,36.6,36.3,6.1,Iskenderun,36.165,36.5817,4,,SBEI2005,4,4,49.953051232580414
75,1726/04/15,1726,4,15,1,1,1.0,36.6,36.3,6.1,Famagusta,33.91925,35.11491,3,,SBEI2005,3,3,275.57784255680269
76,1738/09/25,1738,9,25,1,1,1.0,36.5,36.7,6.2,Iskenderun,36.165,36.5817,8,,SBEI2005,8,8,32.655913196936744
76,1738/09/25,1738,9,25,1,1,1.0,36.5,36.7,6.2,Bellen Bass,36.232,36.4795,7-8,,SBEI2005,8,7,34.258880486173027
76,1738/09/25,1738,9,25,1,1,1.0,36.5,36.7,6.2,Antioch,36.1615,36.19637,7,,SBEI2005,7,7,63.66162889945862
76,1738/09/25,1738,9,25,1,1,1.0,36.5,36.7,6.2,Jabal Al-Amanus,36.333333,36.75,7,,SBEI2005,7,7,15.860478112358882
76,1738/09/25,1738,9,25,1,1,1.0,36.5,36.7,6.2,Aleppo,37.1473,36.21168,5-6,,SBEI2005,6,5,79.370900577931678
76,1738/09/25,1738,9,25,1,1,1.0,36.5,36.7,6.2,Kelless,37.12122,36.7184,5,,SBEI2005,5,5,55.414921311367358
76,1738/09/25,1738,9,25,1,1,1.0,36.5,36.7,6.2,Bereket,33.25,36.35,5,,SBEI2005,5,5,292.98810339177834
77,1752/07/21,1752,7,21,1,1,1.0,35.75,35.6,6.8,Lattakia,35.78,35.53,7,,SBEI2005,7,7,8.243092016654586
77,1752/07/21,1752,7,21,1,1,1.0,35.75,35.6,6.8,Tripoli,35.83084,34.43809,5,,SBEI2005,5,5,129.40804015561409
80,1759/10/30,1759,10,30,34,50,0.0,35.6,33.1,6.6,Al-Qunaytra,35.90165,32.96565,8,,SBEI2005,8,8,31.842075401965047
80,1759/10/30,1759,10,30,34,50,0.0,35.6,33.1,6.6,Safad,35.496,32.96465,7,,SBEI2005,7,7,17.902614432213973
80,1759/10/30,1759,10,30,34,50,0.0,35.6,33.1,6.6,Acre,35.08268,32.93305,6,,SBEI2005,6,6,51.683100141748653
80,1759/10/30,1759,10,30,34,50,0.0,35.6,33.1,6.6,An-Nasra,35.30355,32.69964,6,,SBEI2005,6,6,52.420079404003609
80,1759/10/30,1759,10,30,34,50,0.0,35.6,33.1,6.6,Sidon,35.60665,33.48598,6,,SBEI2005,6,6,42.923468087035751
80,1759/10/30,1759,10,30,34,50,0.0,35.6,33.1,6.6,Saasaa,36.02,33.28,6,,SBEI2005,6,6,43.909832898782177
80,1759/10/30,1759,10,30,34,50,0.0,35.6,33.1,6.6,Damascus,36.292,33.513,5,,SBEI2005,5,5,79.021698049947872
80,1759/10/30,1759,10,30,34,50,0.0,35.6,33.1,6.6,Aleppo,37.1473,36.21168,4,,SBEI2005,4,4,373.81222967533063
80,1759/10/30,1759,10,30,34,50,0.0,35.6,33.1,6.6,Al-Quds,35.23139,31.77853,4,,SBEI2005,4,4,150.95716875623734
80,1759/10/30,1759,10,30,34,50,0.0,35.6,33.1,6.6,Beirut,35.49548,33.88863,4,,SBEI2005,4,4,88.225622185454313
80,1759/10/30,1759,10,30,34,50,0.0,35.6,33.1,6.6,Antioch,36.1615,36.19637,4,,SBEI2005,4,4,348.10855195319061
80,1759/10/30,1759,10,30,34,50,0.0,35.6,33.1,6.6,Gaza,34.48003,31.51532,4,,SBEI2005,4,4,205.24744732655759
81,1759/11/25,1759,11,25,19,23,0.0,35.9,33.7,7.4,Baalbak,36.21104,34.00469,>8,,SBEI2005,8,8,44.416808001358149
81,1759/11/25,1759,11,25,19,23,0.0,35.9,33.7,7.4,Serghaya,36.15,33.8,>8,,SBEI2005,8,8,25.649372664988707
81,1759/11/25,1759,11,25,19,23,0.0,35.9,33.7,7.4,Zabadani,36.09748,33.71879,>8,,SBEI2005,8,8,18.385793892394133
81,1759/11/25,1759,11,25,19,23,0.0,35.9,33.7,7.4,Ras Baalbak,36.41813,34.26013,8,,SBEI2005,8,8,78.496127871979994
81,1759/11/25,1759,11,25,19,23,0.0,35.9,33.7,7.4,Al-Qunaytra,35.90165,32.96565,8,,SBEI2005,8,8,81.656138258317895
81,1759/11/25,1759,11,25,19,23,0.0,35.9,33.7,7.4,Damascus,36.292,33.513,7-8,,SBEI2005,8,7,41.836221740525239
81,1759/11/25,1759,11,25,19,23,0.0,35.9,33.7,7.4,Beirut,35.49548,33.88863,7-8,,SBEI2005,8,7,42.863100983219383
81,1759/11/25,1759,11,25,19,23,0.0,35.9,33.7,7.4,Sidon,35.60665,33.48598,7-8,,SBEI2005,8,7,36.119503324880313
81,1759/11/25,1759,11,25,19,23,0.0,35.9,33.7,7.4,Safad,35.496,32.96465,7-8,,SBEI2005,8,7,89.969669861866109
81,1759/11/25,1759,11,25,19,23,0.0,35.9,33.7,7.4,Sur,35.20328,33.27216,7-8,,SBEI2005,8,7,80.23730715721878
81,1759/11/25,1759,11,25,19,23,0.0,35.9,33.7,7.4,Tripoli,35.83084,34.43809,7,,SBEI2005,7,7,82.318711760644476
81,1759/11/25,1759,11,25,19,23,0.0,35.9,33.7,7.4,Acre,35.08268,32.93305,7,,SBEI2005,7,7,114.19414976724964
81,1759/11/25,1759,11,25,19,23,0.0,35.9,33.7,7.4,Homs,36.71614,34.77103,6-7,,SBEI2005,7,6,140.75408765569316
81,1759/11/25,1759,11,25,19,23,0.0,35.9,33.7,7.4,Hama,36.75,35.13333,6-7,,SBEI2005,7,6,177.42686970890821
81,1759/11/25,1759,11,25,19,23,0.0,35.9,33.7,7.4,An-Nasra,35.30355,32.69964,6-7,,SBEI2005,7,6,124.30950920504226
81,1759/11/25,1759,11,25,19,23,0.0,35.9,33.7,7.4,Hosn Al-Akrad,36.294444,34.756944,6-7,,SBEI2005,7,6,122.99395151502301
81,1759/11/25,1759,11,25,19,23,0.0,35.9,33.7,7.4,Lattakia,35.78,35.53,5-6,,SBEI2005,6,5,203.78275378215443
81,1759/11/25,1759,11,25,19,23,0.0,35.9,33.7,7.4,Al-Quds,35.23139,31.77853,5-6,,SBEI2005,6,5,222.61955989591519
81,1759/11/25,1759,11,25,19,23,0.0,35.9,33.7,7.4,Gaza,34.48003,31.51532,5-6,,SBEI2005,6,5,276.94470209068498
81,1759/11/25,1759,11,25,19,23,0.0,35.9,33.7,7.4,Antioch,36.1615,36.19637,5-6,,SBEI2005,6,5,278.60461931466745
81,1759/11/25,1759,11,25,19,23,0.0,35.9,33.7,7.4,Aleppo,37.1473,36.21168,5,,SBEI2005,5,5,301.52417617425982
81,1759/11/25,1759,11,25,19,23,0.0,35.9,33.7,7.4,Tarba,36.76848,32.80106,5,,SBEI2005,5,5,128.50436470318812
87,1795/01,1795,1,1,1,1,1.0,30.5,38.76,6.7,Aleppo,37.1473,36.21168,6,,SBEI2005,6,6,651.14765411484666
88,1796/04/26,1796,4,26,1,1,1.0,36.2,35.3,6.7,Qalaat Al-Marqeb,35.949167,35.151111,8,,SBEI2005,8,8,28.163908991051009
88,1796/04/26,1796,4,26,1,1,1.0,36.2,35.3,6.7,Al-Qadmous,36.16111,35.10139,8,,SBEI2005,8,8,22.365333640907604
88,1796/04/26,1796,4,26,1,1,1.0,36.2,35.3,6.7,Nahr Al-Kabir,36.09992,34.51813,7-8,,SBEI2005,8,7,87.417616241740205
88,1796/04/26,1796,4,26,1,1,1.0,36.2,35.3,6.7,Jableh,35.96851,35.15651,7-8,,SBEI2005,8,7,26.394746475011392
88,1796/04/26,1796,4,26,1,1,1.0,36.2,35.3,6.7,Bkas,36.282772,35.855173,7-8,,SBEI2005,8,7,62.184619456790521
88,1796/04/26,1796,4,26,1,1,1.0,36.2,35.3,6.7,Lattakia,35.78,35.53,7,,SBEI2005,7,7,45.855182009990848
88,1796/04/26,1796,4,26,1,1,1.0,36.2,35.3,6.7,Saida,35.60665,33.48598,5,,SBEI2005,5,5,208.92664191947731
88,1796/04/26,1796,4,26,1,1,1.0,36.2,35.3,6.7,Aleppo,37.1473,36.21168,4,,SBEI2005,4,4,132.60184335088042
88,1796/04/26,1796,4,26,1,1,1.0,36.2,35.3,6.7,Tripoli,35.83084,34.43809,5,,SBEI2005,5,5,101.58504606461203
89,1802,1802,1,1,1,1,1.0,36.2,34.0,6.1,Baalbak,36.21104,34.00469,6,,SBEI2005,6,6,1.1435310264362444
91,1814,1814,1,1,1,1,1.0,35.8,32.8,6.0,Al-Laja,36.385,32.9348,6-7,,SBEI2005,7,6,56.655226874401393
93,1822/08/13,1822,8,13,1,1,1.0,36.75,36.7,7.4,Jisr Ash'Shoughour,36.32001,35.81441,9,,SBEI2005,9,9,105.75132557441604
93,1822/08/13,1822,8,13,1,1,1.0,36.75,36.7,7.4,Quseir,36.57639,34.51194,9,,SBEI2005,9,9,243.80674439574173
93,1822/08/13,1822,8,13,1,1,1.0,36.75,36.7,7.4,Aleppo,37.1473,36.21168,8-9,,SBEI2005,9,8,64.89151945585499
93,1822/08/13,1822,8,13,1,1,1.0,36.75,36.7,7.4,Darkoush,36.39306,35.9925,8-9,,SBEI2005,9,8,84.91741413182973
93,1822/08/13,1822,8,13,1,1,1.0,36.75,36.7,7.4,Antioch,36.1615,36.19637,8,,SBEI2005,8,8,76.855976431583443
93,1822/08/13,1822,8,13,1,1,1.0,36.75,36.7,7.4,Iskenderun,36.165,36.5817,8,,SBEI2005,8,8,53.826823810799823
93,1822/08/13,1822,8,13,1,1,1.0,36.75,36.7,7.4,Idleb,36.63333,35.93333,8,,SBEI2005,8,8,85.88827161375329
93,1822/08/13,1822,8,13,1,1,1.0,36.75,36.7,7.4,Sarmeen,36.71667,35.9,8,,SBEI2005,8,8,89.006070146747319
93,1822/08/13,1822,8,13,1,1,1.0,36.75,36.7,7.4,Kelless,37.12122,36.7184,8,,SBEI2005,8,8,33.154726047964409
93,1822/08/13,1822,8,13,1,1,1.0,36.75,36.7,7.4,Armanaz,36.5,36.08333,7-8,,SBEI2005,8,7,72.129467108942379
93,1822/08/13,1822,8,13,1,1,1.0,36.75,36.7,7.4,Lattakia,35.78,35.53,7,,SBEI2005,7,7,156.57845960733664
93,1822/08/13,1822,8,13,1,1,1.0,36.75,36.7,7.4,Homs,36.71614,34.77103,7,,SBEI2005,7,7,214.51344426432567
93,1822/08/13,1822,8,13,1,1,1.0,36.75,36.7,7.4,Hama,36.75,35.13333,7,,SBEI2005,7,7,174.20575572623065
93,1822/08/13,1822,8,13,1,1,1.0,36.75,36.7,7.4,Maraash,36.93333,37.58333,7,,SBEI2005,7,7,99.556898767082188
93,1822/08/13,1822,8,13,1,1,1.0,36.75,36.7,7.4,Ram Hamadan,36.71389,36.02556,7,,SBEI2005,7,7,75.06397614028036
93,1822/08/13,1822,8,13,1,1,1.0,36.75,36.7,7.4,Bennesh,36.7119,35.95816,7,,SBEI2005,7,7,82.559421156214739
93,1822/08/13,1822,8,13,1,1,1.0,36.75,36.7,7.4,Maarret Missrin,36.666667,36.0,7,,SBEI2005,7,7,78.193407007639465
93,1822/08/13,1822,8,13,1,1,1.0,36.75,36.7,7.4,Damascus,36.292,33.513,3,,SBEI2005,3,3,356.81732940962826
93,1822/08/13,1822,8,13,1,1,1.0,36.75,36.7,7.4,Gaza,34.48003,31.51532,3,,SBEI2005,3,3,613.16273416400509
93,1822/08/13,1822,8,13,1,1,1.0,36.75,36.7,7.4,Al-Quds,35.23139,31.77853,3,,SBEI2005,3,3,564.74128203247335
97,1837/01/01,1837,1,1,1,1,1.0,35.5,33.3,7.0,Safad,35.496,32.96465,7-8,,SBEI2005,8,7,37.291078765192601
97,1837/01/01,1837,1,1,1,1,1.0,35.5,33.3,7.0,Nablus,35.26097,32.22504,7-8,,SBEI2005,8,7,121.60167849313149
97,1837/01/01,1837,1,1,1,1,1.0,35.5,33.3,7.0,Beit Lahm,35.20266,31.70575,7-8,,SBEI2005,8,7,179.45178716730283
97,1837/01/01,1837,1,1,1,1,1.0,35.5,33.3,7.0,Al-Khalil,35.09983,31.53257,7-8,,SBEI2005,8,7,200.08620391279706
97,1837/01/01,1837,1,1,1,1,1.0,35.5,33.3,7.0,Tabariya,35.53097,32.79586,7,,SBEI2005,7,7,56.132078499045789
97,1837/01/01,1837,1,1,1,1,1.0,35.5,33.3,7.0,Beirut,35.49548,33.88863,6-7,,SBEI2005,7,6,65.454008549585481
97,1837/01/01,1837,1,1,1,1,1.0,35.5,33.3,7.0,Damascus,36.292,33.513,6,,SBEI2005,6,6,77.23727263927708
100,1845/02/21,1845,2,21,1,1,1.0,33.4,35.15,5.0,Antioch,36.1615,36.19637,5,,SBEI2005,5,5,275.2315670573999
106,1868/04/16,1868,2,20,3,15,1.0,33.0,32.0,5.6,Aleppo,37.1473,36.21168,3,,SBEI2005,3,3,604.10896619695131
108,1872/04/03,1872,4,3,7,45,1.0,36.4,36.4,7.2,Harem,36.56619,36.1371,8,,SBEI2005,8,8,32.810976926510811
108,1872/04/03,1872,4,3,7,45,1.0,36.4,36.4,7.2,Armanaz,36.5,36.08333,8,,SBEI2005,8,8,36.336208884544519
108,1872/04/03,1872,4,3,7,45,1.0,36.4,36.4,7.2,Buhyret Al-Amq,36.1615,36.19637,7-8,,SBEI2005,8,7,31.137152195530302
108,1872/04/03,1872,4,3,7,45,1.0,36.4,36.4,7.2,Antioch,36.1615,36.19637,7-8,,SBEI2005,8,7,31.137152195530302
108,1872/04/03,1872,4,3,7,45,1.0,36.4,36.4,7.2,Aleppo,37.1473,36.21168,7,,SBEI2005,7,7,70.161870458772754
108,1872/04/03,1872,4,3,7,45,1.0,36.4,36.4,7.2,Suaidiya,35.922,36.124,7,,SBEI2005,7,7,52.712088123130236
108,1872/04/03,1872,4,3,7,45,1.0,36.4,36.4,7.2,Izaz,37.03,36.35,6-7,,SBEI2005,7,6,56.676450156914797
108,1872/04/03,1872,4,3,7,45,1.0,36.4,36.4,7.2,Idleb,36.63333,35.93333,6-7,,SBEI2005,7,6,55.959109242135355
108,1872/04/03,1872,4,3,7,45,1.0,36.4,36.4,7.2,Iskenderun,36.165,36.5817,6-7,,SBEI2005,7,6,29.146826952158197
108,1872/04/03,1872,4,3,7,45,1.0,36.4,36.4,7.2,Hama,36.75,35.13333,4,,SBEI2005,4,4,144.34350108938489
108,1872/04/03,1872,4,3,7,45,1.0,36.4,36.4,7.2,Homs,36.71614,34.77103,4,,SBEI2005,4,4,183.37497917708265
108,1872/04/03,1872,4,3,7,45,1.0,36.4,36.4,7.2,Tripoli,35.83084,34.43809,4,,SBEI2005,4,4,224.166717034057
108,1872/04/03,1872,4,3,7,45,1.0,36.4,36.4,7.2,Damascus,36.292,33.513,3,,SBEI2005,3,3,321.17052408205774
108,1872/04/03,1872,4,3,7,45,1.0,36.4,36.4,7.2,Rhodos,28.21748,36.43496,3,,SBEI2005,3,3,731.96239306037592
116,1896/05/12,1896,5,2,1,1,1.0,36.0,34.0,5.5,Baalbak,36.21104,34.00469,5,,SBEI2005,5,5,19.461122446865932
117,1896/05/14,1896,5,2,1,1,1.0,36.0,34.0,5.5,Antioch,36.1615,36.19637,5,,SBEI2005,5,5,244.66662410169158
117,1896/05/14,1896,5,2,1,1,1.0,36.0,34.0,5.5,Jisr Ash'Shoughour,36.32001,35.81441,3,,SBEI2005,3,3,203.85220402099631
117,1896/05/14,1896,5,2,1,1,1.0,36.0,34.0,5.5,Aleppo,37.1473,36.21168,3,,SBEI2005,3,3,267.15051276773903
117,1896/05/14,1896,5,2,1,1,1.0,36.0,34.0,5.5,Kelless,37.12122,36.7184,3,,SBEI2005,3,3,318.90702846142784
118,1896/06/29,1896,6,29,4,5,1.0,33.1,34.45,6.5,Bisri,35.53856,33.57888,4,,SBEI2005,4,4,244.73449138586591
118,1896/06/29,1896,6,29,4,5,1.0,33.1,34.45,6.5,Shouf,35.58767,33.64832,4,,SBEI2005,4,4,245.90853740784542
118,1896/06/29,1896,6,29,4,5,1.0,33.1,34.45,6.5,Cairo,31.23571,30.04442,4,,SBEI2005,4,4,520.27419355050063
123,303-304,303,1,1,1,1,1.0,34.3,33.8,7.1,Sidon,35.60665,33.48598,8,,SBEI2005,8,8,125.89510154186164
123,303-304,303,1,1,1,1,1.0,34.3,33.8,7.1,Tyre,35.20302,33.27191,8,,SBEI2005,8,8,102.24054324918409
123,303-304,303,1,1,1,1,1.0,34.3,33.8,7.1,Al-Quds,35.23139,31.77853,3-4,,SBEI2005,4,3,241.04606617625885
124,341,341,1,1,1,1,1.0,36.1,36.2,6.1,Antioch,36.1615,36.19637,6-7,,SBEI2005,7,6,5.5332580687434447
124,341,341,1,1,1,1,1.0,36.1,36.2,6.1,Beirut,35.49548,33.88863,7,,SBEI2005,7,7,262.83666515349131
126,363/05/18-19,363,5,19,1,1,1.0,35.4,31.5,7.4,Panyas,35.693333,33.246111,7,,SBEI2005,7,7,196.10289365630086
127,37,37,1,1,1,1,1.0,36.3,36.0,6.2,Antioch,36.1615,36.19637,7-8,,SBEI2005,8,7,25.13222025363946
127,37,37,1,1,1,1,1.0,36.3,36.0,6.2,Dafneh,35.64588,34.02212,7,,SBEI2005,7,7,227.85376896916634
127,37,37,1,1,1,1,1.0,36.3,36.0,6.2,Al-Quds,35.23139,31.77853,4,,SBEI2005,4,4,479.64674882767747
129,450-457/09,457,9,14,1,1,1.0,36.1,36.1,6.3,Tripoli,35.83084,34.43809,6-7,,SBEI2005,7,6,186.40425359052159
133,494,494,1,1,1,1,1.0,36.3,35.8,6.5,Antioch,36.1615,36.19637,7,,SBEI2005,7,7,45.801589676734245
133,494,494,1,1,1,1,1.0,36.3,35.8,6.5,Tripoli,35.83084,34.43809,6-7,,SBEI2005,7,6,157.33386828497407
133,494,494,1,1,1,1,1.0,36.3,35.8,6.5,Lattakia,35.78,35.53,6-7,,SBEI2005,7,6,55.750541439662967
133,494,494,1,1,1,1,1.0,36.3,35.8,6.5,Beirut,35.49548,33.88863,5,,SBEI2005,5,5,224.8557631140097
134,502/08/22,502,8,22,1,1,1.0,34.8,33.0,7.2,Akka,35.08268,32.93305,8,,SBEI2005,8,8,27.402192541164226
134,502/08/22,502,8,22,1,1,1.0,34.8,33.0,7.2,Tyre,35.20302,33.27191,7-8,,SBEI2005,8,7,48.190737254479508
134,502/08/22,502,8,22,1,1,1.0,34.8,33.0,7.2,Sidon,35.60665,33.48598,7-8,,SBEI2005,8,7,92.453284622027766
134,502/08/22,502,8,22,1,1,1.0,34.8,33.0,7.2,Beirut,35.49548,33.88863,7,,SBEI2005,7,7,118.0145466405709
134,502/08/22,502,8,22,1,1,1.0,34.8,33.0,7.2,Safad,35.496,32.96465,6,,SBEI2005,6,6,65.037885270756249
134,502/08/22,502,8,22,1,1,1.0,34.8,33.0,7.2,Reina,35.315336,32.722164,6,,SBEI2005,6,6,57.195021387553929
136,526/05/20-29,526,5,20,1,1,1.0,36.1,36.2,6.8,Antioch,36.1615,36.19637,8,,SBEI2005,8,8,5.5332580687434447
136,526/05/20-29,526,5,20,1,1,1.0,36.1,36.2,6.8,Dafneh,35.64588,34.02212,7,,SBEI2005,7,7,245.66588171597752
136,526/05/20-29,526,5,20,1,1,1.0,36.1,36.2,6.8,Seleucea,35.922,36.124,7,,SBEI2005,7,7,18.0766688774935
137,528/11/29,528,11,29,1,1,1.0,36.1,36.2,6.9,Antioch,36.1615,36.19637,7-8,,SBEI2005,8,7,5.5332580687434447
137,528/11/29,528,11,29,1,1,1.0,36.1,36.2,6.9,Lattakia,35.78,35.53,6-7,,SBEI2005,7,6,79.886333463441559
138,53,53,1,1,1,1,1.0,36.5,36.2,6.6,Antioch,36.1615,36.19637,7-8,Map in SBEI,SBEI2005,8,7,30.376939258848463
138,53,53,1,1,1,1,1.0,36.5,36.2,6.6,Afamia,36.57694,35.05862,6-7,Map in SBEI,SBEI2005,7,6,127.10600861895769
138,53,53,1,1,1,1,1.0,36.5,36.2,6.6,Manbej,37.95,36.53333,6-7,Map in SBEI,SBEI2005,7,6,135.01622176261424
138,53,53,1,1,1,1,1.0,36.5,36.2,6.6,Lattakia,35.78,35.53,6-7,Map in SBEI,SBEI2005,7,6,98.791325149672772
139,531-534,531,1,1,1,1,1.0,37.2,35.5,6.5,Homs,36.71614,34.77103,6-7,,SBEI2005,7,6,92.229346530407938
139,531-534,531,1,1,1,1,1.0,37.2,35.5,6.5,Aleppo,37.1473,36.21168,6-7,,SBEI2005,7,6,79.277597349747822
139,531-534,531,1,1,1,1,1.0,37.2,35.5,6.5,Antioch,36.1615,36.19637,6,,SBEI2005,6,6,121.4772561464015
140,551/07/09,551,7,9,1,1,1.0,35.5,33.9,7.2,Beirut,35.49548,33.88863,9-10,,SBEI2005,10,9,1.3313413465376869
140,551/07/09,551,7,9,1,1,1.0,35.5,33.9,7.2,Sur,35.20328,33.27216,9-10,,SBEI2005,10,9,75.02829122870881
140,551/07/09,551,7,9,1,1,1.0,35.5,33.9,7.2,Tripoli,35.83084,34.43809,9-10,,SBEI2005,10,9,67.12974569014672
140,551/07/09,551,7,9,1,1,1.0,35.5,33.9,7.2,Byblus,35.65193,34.123,9-10,,SBEI2005,10,9,28.477514953547182
140,551/07/09,551,7,9,1,1,1.0,35.5,33.9,7.2,Al-Batron,35.66429,34.24983,9-10,,SBEI2005,10,9,41.7387443566966
140,551/07/09,551,7,9,1,1,1.0,35.5,33.9,7.2,Shaqa,35.72945,34.32395,9-10,,SBEI2005,10,9,51.657480295647346
140,551/07/09,551,7,9,1,1,1.0,35.5,33.9,7.2,Sarfand,35.29069,33.45149,7-8,,SBEI2005,8,7,53.500988547227564
140,551/07/09,551,7,9,1,1,1.0,35.5,33.9,7.2,Sidon,35.60665,33.48598,7-8,,SBEI2005,8,7,47.082406571492598
140,551/07/09,551,7,9,1,1,1.0,35.5,33.9,7.2,Arwad,36.08981,34.39928,3-4,,SBEI2005,4,3,77.639957219581134
143,565-571,565,1,1,1,1,1.0,36.2,36.0,6.1,Antioch,36.1615,36.19637,6-7,,SBEI2005,7,6,22.10763833985213
143,565-571,565,1,1,1,1,1.0,36.2,36.0,6.1,Seleucea,35.922,36.124,6-7,,SBEI2005,7,6,28.540379351700519
143,565-571,565,1,1,1,1,1.0,36.2,36.0,6.1,Anazrabo,35.905556,37.263889,6,,SBEI2005,6,6,142.97267198644687
143,565-571,565,1,1,1,1,1.0,36.2,36.0,6.1,Orfa,38.79691,37.15915,4,,SBEI2005,4,4,265.28438231634368
148,713/02/28,713,3,20,1,1,1.0,36.0,36.0,6.8,Antioch,36.1615,36.19637,6-7,,SBEI2005,7,6,26.216937011420686
148,713/02/28,713,3,20,1,1,1.0,36.0,36.0,6.8,Aleppo,37.1473,36.21168,6-7,,SBEI2005,7,6,105.7235002469199
148,713/02/28,713,3,20,1,1,1.0,36.0,36.0,6.8,Kennesreen,36.998056,35.998611,6-7,,SBEI2005,7,6,89.78423719975963
150,747/01/18,747,1,18,1,1,1.0,35.6,32.5,7.2,Mount Tabor,35.390383,32.687114,7-9,Possibly 2 South and North,SBEI2005,9,7,28.60994214672219
150,747/01/18,747,1,18,1,1,1.0,35.6,32.5,7.2,Baalbak,36.21104,34.00469,8,Possibly 2 South and North,SBEI2005,8,8,176.6973896349626
150,747/01/18,747,1,18,1,1,1.0,35.6,32.5,7.2,Bosra,36.4743,32.51669,7,Possibly 2 South and North,SBEI2005,7,7,82.005760098632919
150,747/01/18,747,1,18,1,1,1.0,35.6,32.5,7.2,Nawa,36.04306,32.88889,8,Possibly 2 South and North,SBEI2005,8,8,59.907223345416128
150,747/01/18,747,1,18,1,1,1.0,35.6,32.5,7.2,Balqa,35.76604,32.0577,8,Possibly 2 South and North,SBEI2005,8,8,51.599193108563085
150,747/01/18,747,1,18,1,1,1.0,35.6,32.5,7.2,Al-Quds,35.23139,31.77853,7,Possibly 2 South and North,SBEI2005,7,7,87.409186052953245
150,747/01/18,747,1,18,1,1,1.0,35.6,32.5,7.2,Beit Qubayeh,36.292,33.513,7-8,Possibly 2 South and North,SBEI2005,8,7,129.81339997421574
150,747/01/18,747,1,18,1,1,1.0,35.6,32.5,7.2,Tabaryya,35.53097,32.79586,7,Possibly 2 South and North,SBEI2005,7,7,33.526966353480816
150,747/01/18,747,1,18,1,1,1.0,35.6,32.5,7.2,Al-Ghouta,36.70423,34.73187,7,Possibly 2 South and North,SBEI2005,7,7,268.40598349718215
150,747/01/18,747,1,18,1,1,1.0,35.6,32.5,7.2,Manbej,37.95,36.53333,7,Possibly 2 South and North,SBEI2005,7,7,497.44203092662866
150,747/01/18,747,1,18,1,1,1.0,35.6,32.5,7.2,Darayya,36.25,33.45,6,Possibly 2 South and North,SBEI2005,6,6,121.79906398484276
150,747/01/18,747,1,18,1,1,1.0,35.6,32.5,7.2,Damascus,36.292,33.513,5-6,Possibly 2 South and North,SBEI2005,6,5,129.81339997421574
150,747/01/18,747,1,18,1,1,1.0,35.6,32.5,7.2,Daraa,36.10611,32.62528,5-6,Possibly 2 South and North,SBEI2005,6,5,49.433690276933781
156,846/08/28-847/08/16,847,4,1,1,1,1.0,36.3,33.5,6.1,Antioch,36.1615,36.19637,>8,,SBEI2005,8,8,300.0888112936351
156,846/08/28-847/08/16,847,4,1,1,1,1.0,36.3,33.5,6.1,Damascus,36.292,33.513,7,,SBEI2005,7,7,1.624727637408041
156,846/08/28-847/08/16,847,4,1,1,1,1.0,36.3,33.5,6.1,Homs,36.71614,34.77103,7,,SBEI2005,7,7,146.42929823169666
156,846/08/28-847/08/16,847,4,1,1,1,1.0,36.3,33.5,6.1,Antioch,36.1615,36.19637,6,,SBEI2005,6,6,300.0888112936351
156,846/08/28-847/08/16,847,4,1,1,1,1.0,36.3,33.5,6.1,Al-Jazira,40.145,35.336,6,,SBEI2005,6,6,407.47184636962248
156,846/08/28-847/08/16,847,4,1,1,1,1.0,36.3,33.5,6.1,Al-Mousel,43.13,36.34,6,,SBEI2005,6,6,697.96996278837446
157,847/11/24,847,11,24,1,1,1.0,36.3,34.4,7.5,Damascus,36.292,33.513,7-8,,SBEI2005,8,7,98.632659733957439
157,847/11/24,847,11,24,1,1,1.0,36.3,34.4,7.5,Al-Ghouta,36.70423,34.73187,7-8,,SBEI2005,8,7,52.266479147820284
157,847/11/24,847,11,24,1,1,1.0,36.3,34.4,7.5,Al-Mazzeh,36.25833,33.50306,7,,SBEI2005,7,7,99.809206200484667
157,847/11/24,847,11,24,1,1,1.0,36.3,34.4,7.5,Beit Lahya,35.801944,33.483333,7,,SBEI2005,7,7,111.80459572003114
157,847/11/24,847,11,24,1,1,1.0,36.3,34.4,7.5,Darayya,36.25,33.45,7,,SBEI2005,7,7,105.73586310377479
157,847/11/24,847,11,24,1,1,1.0,36.3,34.4,7.5,Antioch,36.1615,36.19637,6,,SBEI2005,6,6,200.14222085872967
157,847/11/24,847,11,24,1,1,1.0,36.3,34.4,7.5,Al-Mousel,43.13,36.34,5,,SBEI2005,5,5,655.59744218932076
159,859/12/30-860/01/29,859,12,30,1,1,1.0,36.4,35.7,7.4,Antioch,36.1615,36.19637,8,Map in SBEI,SBEI2005,8,8,59.222274109569369
159,859/12/30-860/01/29,859,12,30,1,1,1.0,36.4,35.7,7.4,Lattakia,35.78,35.53,8,Map in SBEI,SBEI2005,8,8,59.147222540220874
159,859/12/30-860/01/29,859,12,30,1,1,1.0,36.4,35.7,7.4,Jableh,35.96851,35.15651,8,Map in SBEI,SBEI2005,8,8,71.976599533094443
159,859/12/30-860/01/29,859,12,30,1,1,1.0,36.4,35.7,7.4,Homs,36.71614,34.77103,7,Map in SBEI,SBEI2005,7,7,107.21282565934359
159,859/12/30-860/01/29,859,12,30,1,1,1.0,36.4,35.7,7.4,Palmyra,38.26722,34.56,7,Map in SBEI,SBEI2005,7,7,211.89518465709122
159,859/12/30-860/01/29,859,12,30,1,1,1.0,36.4,35.7,7.4,Tarsus,34.90455,36.92796,6,Map in SBEI,SBEI2005,6,6,191.29919227993926
159,859/12/30-860/01/29,859,12,30,1,1,1.0,36.4,35.7,7.4,Balis,38.035566,35.963158,6,Map in SBEI,SBEI2005,6,6,150.32035324860831
159,859/12/30-860/01/29,859,12,30,1,1,1.0,36.4,35.7,7.4,Damascus,36.292,33.513,6,Map in SBEI,SBEI2005,6,6,243.38403905082251
159,859/12/30-860/01/29,859,12,30,1,1,1.0,36.4,35.7,7.4,Adana,35.32133,37.0,6,Map in SBEI,SBEI2005,6,6,173.85830128294091
159,859/12/30-860/01/29,859,12,30,1,1,1.0,36.4,35.7,7.4,Al-Quds,35.23139,31.77853,5-6,Map in SBEI,SBEI2005,6,5,449.22504513349276
159,859/12/30-860/01/29,859,12,30,1,1,1.0,36.4,35.7,7.4,Ar-Raqqa,38.98767,35.80591,5,Map in SBEI,SBEI2005,5,5,233.80012481408158
159,859/12/30-860/01/29,859,12,30,1,1,1.0,36.4,35.7,7.4,Ras Al-Ein,40.066667,36.85,5,Map in SBEI,SBEI2005,5,5,352.66024407186421
159,859/12/30-860/01/29,859,12,30,1,1,1.0,36.4,35.7,7.4,Harran,39.02287,36.86689,5,Map in SBEI,SBEI2005,5,5,268.51197180181629
159,859/12/30-860/01/29,859,12,30,1,1,1.0,36.4,35.7,7.4,Orfa,38.79691,37.15915,5,Map in SBEI,SBEI2005,5,5,268.88949489893992
162,963/07,963,7,22,1,1,1.0,37.0,36.5,6.2,Izaz,37.03,36.35,7,,SBEI2005,7,7,16.893833368279033
163,972,972,1,1,1,1,1.0,36.1,36.1,6.0,Antioch,36.1615,36.19637,6-7,,,7,6,12.054975786886597
163,972,972,1,1,1,1,1.0,36.1,36.1,6.0,Damascus,36.292,33.513,5,,SBEI2005,5,5,288.19467553663259
164,991/04/05,991,4,5,1,1,1.0,36.2,33.3,6.5,Baalbak,36.21104,34.00469,8-9,,SBEI2005,9,8,78.364615459995548
164,991/04/05,991,4,5,1,1,1.0,36.2,33.3,6.5,Damascus,36.292,33.513,7-8,,SBEI2005,8,7,25.177061517879277
